"title","start_time","end_time","description","exercise_title","superset_id","exercise_notes","set_index","set_type","weight_kg","reps","distance_km","duration_seconds","rpe"
"Upper 2 🐸","4 de set. de 2026, 15:16","4 de set. de 2026, 17:12","","Chest Fly (Machine)",,"",0,"warmup",52.3,8,,,
"Upper 2 🐸","4 de set. de 2026, 15:16","4 de set. de 2026, 17:12","","Chest Fly (Machine)",,"",1,"warmup",79.5,3,,,
"Upper 2 🐸","4 de set. de 2026, 15:16","4 de set. de 2026, 17:12","","Chest Fly (Machine)",,"",2,"warmup",104.5,2,,,
"Upper 2 🐸","4 de set. de 2026, 15:16","4 de set. de 2026, 17:12","","Chest Fly (Machine)",,"",3,"normal",104.5,10,,,10
"Upper 2 🐸","4 de set. de 2026, 15:16","4 de set. de 2026, 17:12","","Chest Fly (Machine)",,"",4,"normal",104.5,7,,,
"Upper 2 🐸","4 de set. de 2026, 15:16","4 de set. de 2026, 17:12","","Incline Bench Press (Dumbbell)",,"",0,"warmup",56,6,,,
"Upper 2 🐸","4 de set. de 2026, 15:16","4 de set. de 2026, 17:12","","Incline Bench Press (Dumbbell)",,"",1,"warmup",72,2,,,
"Upper 2 🐸","4 de set. de 2026, 15:16","4 de set. de 2026, 17:12","","Incline Bench Press (Dumbbell)",,"",2,"warmup",80,1,,,
"Upper 2 🐸","4 de set. de 2026, 15:16","4 de set. de 2026, 17:12","","Incline Bench Press (Dumbbell)",,"",3,"normal",80,8,,,10
"Upper 2 🐸","4 de set. de 2026, 15:16","4 de set. de 2026, 17:12","","Lat Pulldown (Cable)",,"",0,"warmup",65.9,4,,,
"Upper 2 🐸","4 de set. de 2026, 15:16","4 de set. de 2026, 17:12","","Lat Pulldown (Cable)",,"",1,"warmup",100,2,,,
"Upper 2 🐸","4 de set. de 2026, 15:16","4 de set. de 2026, 17:12","","Lat Pulldown (Cable)",,"",2,"normal",100,9,,,10
"Upper 2 🐸","4 de set. de 2026, 15:16","4 de set. de 2026, 17:12","","Lat Pulldown (Cable)",,"",3,"normal",100,6,,,
"Upper 2 🐸","4 de set. de 2026, 15:16","4 de set. de 2026, 17:12","","Rear Delt Reverse Fly (Machine)",,"",0,"warmup",86.4,3,,,
"Upper 2 🐸","4 de set. de 2026, 15:16","4 de set. de 2026, 17:12","","Rear Delt Reverse Fly (Machine)",,"",1,"normal",86.4,9,,,10
"Upper 2 🐸","4 de set. de 2026, 15:16","4 de set. de 2026, 17:12","","Rear Delt Reverse Fly (Machine)",,"",2,"normal",86.4,8,,,
"Upper 2 🐸","4 de set. de 2026, 15:16","4 de set. de 2026, 17:12","","Lateral Raise (Dumbbell)",,"",0,"warmup",32,3,,,
"Upper 2 🐸","4 de set. de 2026, 15:16","4 de set. de 2026, 17:12","","Lateral Raise (Dumbbell)",,"",1,"normal",32,8,,,
"Upper 2 🐸","4 de set. de 2026, 15:16","4 de set. de 2026, 17:12","","Lateral Raise (Dumbbell)",,"",2,"normal",32,7,,,
"Upper 2 🐸","4 de set. de 2026, 15:16","4 de set. de 2026, 17:12","","Triceps Pushdown",,"cluster set: 3 blocos de 4 reps(falhei na segunda rep do terceiro bloco)",0,"warmup",35,3,,,
"Upper 2 🐸","4 de set. de 2026, 15:16","4 de set. de 2026, 17:12","","Triceps Pushdown",,"cluster set: 3 blocos de 4 reps(falhei na segunda rep do terceiro bloco)",1,"normal",35,10,,,10
"Upper 2 🐸","4 de set. de 2026, 15:16","4 de set. de 2026, 17:12","","Triceps Pushdown",,"cluster set: 3 blocos de 4 reps(falhei na segunda rep do terceiro bloco)",2,"normal",32.2,10,,,
"Upper 2 🐸","4 de set. de 2026, 15:16","4 de set. de 2026, 17:12","","Preacher Curl (Machine)",,"cluster set 3 blocos de 3 reps(falhei na segunda do terceiro bloco)",0,"normal",77,8,,,10
"Lower 2 🐎","3 de set. de 2026, 15:30","3 de set. de 2026, 17:07","","Calf Extension (Machine)",,"",0,"warmup",159.1,12,,,
"Lower 2 🐎","3 de set. de 2026, 15:30","3 de set. de 2026, 17:07","","Calf Extension (Machine)",,"",1,"normal",177.3,12,,,
"Lower 2 🐎","3 de set. de 2026, 15:30","3 de set. de 2026, 17:07","","Calf Extension (Machine)",,"",2,"normal",177.3,12,,,
"Lower 2 🐎","3 de set. de 2026, 15:30","3 de set. de 2026, 17:07","","Squat (Machine)",,"",0,"warmup",120,6,,,
"Lower 2 🐎","3 de set. de 2026, 15:30","3 de set. de 2026, 17:07","","Squat (Machine)",,"",1,"warmup",160,1,,,
"Lower 2 🐎","3 de set. de 2026, 15:30","3 de set. de 2026, 17:07","","Squat (Machine)",,"",2,"warmup",240,1,,,
"Lower 2 🐎","3 de set. de 2026, 15:30","3 de set. de 2026, 17:07","","Squat (Machine)",,"",3,"normal",240,5,,,10
"Lower 2 🐎","3 de set. de 2026, 15:30","3 de set. de 2026, 17:07","","Squat (Machine)",,"",4,"normal",220,6,,,
"Lower 2 🐎","3 de set. de 2026, 15:30","3 de set. de 2026, 17:07","","Lying Leg Curl (Machine)",,"cluster set
5 blocos de 2 rep",0,"warmup",68.2,4,,,
"Lower 2 🐎","3 de set. de 2026, 15:30","3 de set. de 2026, 17:07","","Lying Leg Curl (Machine)",,"cluster set
5 blocos de 2 rep",1,"warmup",95.2,1,,,
"Lower 2 🐎","3 de set. de 2026, 15:30","3 de set. de 2026, 17:07","","Lying Leg Curl (Machine)",,"cluster set
5 blocos de 2 rep",2,"normal",95.2,8,,,10
"Lower 2 🐎","3 de set. de 2026, 15:30","3 de set. de 2026, 17:07","","Hip Adduction (Machine)",,"",0,"warmup",57,6,,,
"Lower 2 🐎","3 de set. de 2026, 15:30","3 de set. de 2026, 17:07","","Hip Adduction (Machine)",,"",1,"warmup",84,2,,,
"Lower 2 🐎","3 de set. de 2026, 15:30","3 de set. de 2026, 17:07","","Hip Adduction (Machine)",,"",2,"normal",84,6,,,10
"Lower 2 🐎","3 de set. de 2026, 15:30","3 de set. de 2026, 17:07","","Leg Extension (Machine)",,"",0,"warmup",70,4,,,
"Lower 2 🐎","3 de set. de 2026, 15:30","3 de set. de 2026, 17:07","","Leg Extension (Machine)",,"",1,"warmup",104,2,,,
"Lower 2 🐎","3 de set. de 2026, 15:30","3 de set. de 2026, 17:07","","Leg Extension (Machine)",,"",2,"normal",104,12,,,
"Cardio🚴","31 de ago. de 2026, 17:24","31 de ago. de 2026, 17:54","","Recumbent Bike",,"",0,"normal",,,7.33,1800,
"Lower 1 🦘","31 de ago. de 2026, 15:24","31 de ago. de 2026, 16:45","","Deadlift (Barbell)",,"",0,"warmup",60,8,,,
"Lower 1 🦘","31 de ago. de 2026, 15:24","31 de ago. de 2026, 16:45","","Deadlift (Barbell)",,"",1,"warmup",100,2,,,
"Lower 1 🦘","31 de ago. de 2026, 15:24","31 de ago. de 2026, 16:45","","Deadlift (Barbell)",,"",2,"warmup",140,1,,,
"Lower 1 🦘","31 de ago. de 2026, 15:24","31 de ago. de 2026, 16:45","","Deadlift (Barbell)",,"",3,"normal",160,1,,,
"Lower 1 🦘","31 de ago. de 2026, 15:24","31 de ago. de 2026, 16:45","","Deadlift (Barbell)",,"",4,"normal",185,3,,,10
"Lower 1 🦘","31 de ago. de 2026, 15:24","31 de ago. de 2026, 16:45","","Hip Thrust (Machine)",,"",0,"warmup",70,4,,,
"Lower 1 🦘","31 de ago. de 2026, 15:24","31 de ago. de 2026, 16:45","","Hip Thrust (Machine)",,"",1,"warmup",92.5,1,,,
"Lower 1 🦘","31 de ago. de 2026, 15:24","31 de ago. de 2026, 16:45","","Hip Thrust (Machine)",,"",2,"normal",95,6,,,10
"Lower 1 🦘","31 de ago. de 2026, 15:24","31 de ago. de 2026, 16:45","","Lying Leg Curl (Machine)",,"",0,"warmup",68.4,4,,,
"Lower 1 🦘","31 de ago. de 2026, 15:24","31 de ago. de 2026, 16:45","","Lying Leg Curl (Machine)",,"",1,"warmup",86.4,1,,,
"Lower 1 🦘","31 de ago. de 2026, 15:24","31 de ago. de 2026, 16:45","","Lying Leg Curl (Machine)",,"",2,"normal",86.4,8,,,10
"Lower 1 🦘","31 de ago. de 2026, 15:24","31 de ago. de 2026, 16:45","","Lying Leg Curl (Machine)",,"",3,"normal",77.3,9,,,
"Lower 1 🦘","31 de ago. de 2026, 15:24","31 de ago. de 2026, 16:45","","Squat (Machine)",,"",0,"warmup",100,6,,,
"Lower 1 🦘","31 de ago. de 2026, 15:24","31 de ago. de 2026, 16:45","","Squat (Machine)",,"",1,"warmup",150,3,,,
"Lower 1 🦘","31 de ago. de 2026, 15:24","31 de ago. de 2026, 16:45","","Squat (Machine)",,"",2,"warmup",200,1,,,
"Lower 1 🦘","31 de ago. de 2026, 15:24","31 de ago. de 2026, 16:45","","Squat (Machine)",,"",3,"normal",200,6,,,9.5
"Lower 1 🦘","31 de ago. de 2026, 15:24","31 de ago. de 2026, 16:45","","Squat (Machine)",,"",4,"normal",200,8,,,10
"Lower 1 🦘","31 de ago. de 2026, 15:24","31 de ago. de 2026, 16:45","","Calf Extension (Machine)",,"",0,"normal",177.3,12,,,
"Lower 1 🦘","31 de ago. de 2026, 15:24","31 de ago. de 2026, 16:45","","Calf Extension (Machine)",,"",1,"normal",177.3,12,,,
"cardio🚴","28 de ago. de 2026, 17:18","28 de ago. de 2026, 17:48","","Recumbent Bike",,"",0,"normal",,,7.2,1800,
"Upper 2 🐸","28 de ago. de 2026, 15:32","28 de ago. de 2026, 17:18","","Chest Fly (Machine)",,"",0,"warmup",52.3,10,,,
"Upper 2 🐸","28 de ago. de 2026, 15:32","28 de ago. de 2026, 17:18","","Chest Fly (Machine)",,"",1,"warmup",77.3,3,,,
"Upper 2 🐸","28 de ago. de 2026, 15:32","28 de ago. de 2026, 17:18","","Chest Fly (Machine)",,"",2,"warmup",104.5,2,,,
"Upper 2 🐸","28 de ago. de 2026, 15:32","28 de ago. de 2026, 17:18","","Chest Fly (Machine)",,"",3,"normal",104.5,10,,,10
"Upper 2 🐸","28 de ago. de 2026, 15:32","28 de ago. de 2026, 17:18","","Chest Fly (Machine)",,"",4,"normal",104.5,7,,,
"Upper 2 🐸","28 de ago. de 2026, 15:32","28 de ago. de 2026, 17:18","","Incline Bench Press (Dumbbell)",,"",0,"warmup",60,4,,,
"Upper 2 🐸","28 de ago. de 2026, 15:32","28 de ago. de 2026, 17:18","","Incline Bench Press (Dumbbell)",,"",1,"warmup",80,2,,,
"Upper 2 🐸","28 de ago. de 2026, 15:32","28 de ago. de 2026, 17:18","","Incline Bench Press (Dumbbell)",,"",2,"normal",80,8,,,10
"Upper 2 🐸","28 de ago. de 2026, 15:32","28 de ago. de 2026, 17:18","","Lat Pulldown (Cable)",,"",0,"warmup",52.3,8,,,
"Upper 2 🐸","28 de ago. de 2026, 15:32","28 de ago. de 2026, 17:18","","Lat Pulldown (Cable)",,"",1,"warmup",100,2,,,
"Upper 2 🐸","28 de ago. de 2026, 15:32","28 de ago. de 2026, 17:18","","Lat Pulldown (Cable)",,"",2,"normal",100,8,,,10
"Upper 2 🐸","28 de ago. de 2026, 15:32","28 de ago. de 2026, 17:18","","Lat Pulldown (Cable)",,"",3,"normal",93.2,10,,,
"Upper 2 🐸","28 de ago. de 2026, 15:32","28 de ago. de 2026, 17:18","","Rear Delt Reverse Fly (Machine)",,"",0,"warmup",86.4,3,,,
"Upper 2 🐸","28 de ago. de 2026, 15:32","28 de ago. de 2026, 17:18","","Rear Delt Reverse Fly (Machine)",,"",1,"normal",86.4,8,,,10
"Upper 2 🐸","28 de ago. de 2026, 15:32","28 de ago. de 2026, 17:18","","Rear Delt Reverse Fly (Machine)",,"",2,"normal",77.3,8,,,
"Upper 2 🐸","28 de ago. de 2026, 15:32","28 de ago. de 2026, 17:18","","Lateral Raise (Dumbbell)",,"",0,"warmup",32,3,,,
"Upper 2 🐸","28 de ago. de 2026, 15:32","28 de ago. de 2026, 17:18","","Lateral Raise (Dumbbell)",,"",1,"normal",28,10,,,
"Upper 2 🐸","28 de ago. de 2026, 15:32","28 de ago. de 2026, 17:18","","Lateral Raise (Dumbbell)",,"",2,"normal",28,9,,,
"Upper 2 🐸","28 de ago. de 2026, 15:32","28 de ago. de 2026, 17:18","","Triceps Pushdown",,"",0,"warmup",35,3,,,
"Upper 2 🐸","28 de ago. de 2026, 15:32","28 de ago. de 2026, 17:18","","Triceps Pushdown",,"",1,"normal",35,8,,,10
"Upper 2 🐸","28 de ago. de 2026, 15:32","28 de ago. de 2026, 17:18","","Triceps Pushdown",,"",2,"normal",32.2,7,,,
"Upper 2 🐸","28 de ago. de 2026, 15:32","28 de ago. de 2026, 17:18","","Preacher Curl (Machine)",,"",0,"warmup",77,3,,,
"Upper 2 🐸","28 de ago. de 2026, 15:32","28 de ago. de 2026, 17:18","","Preacher Curl (Machine)",,"",1,"normal",77,7,,,10
"cardio🚴","27 de ago. de 2026, 16:55","27 de ago. de 2026, 17:25","","Recumbent Bike",,"",0,"normal",,,7.4,1800,
"Lower 2 🐎","27 de ago. de 2026, 15:11","27 de ago. de 2026, 16:50","""os fracos que se arrebentem""","Calf Extension (Machine)",,"",0,"warmup",159.1,12,,,
"Lower 2 🐎","27 de ago. de 2026, 15:11","27 de ago. de 2026, 16:50","""os fracos que se arrebentem""","Calf Extension (Machine)",,"",1,"normal",177.3,12,,,
"Lower 2 🐎","27 de ago. de 2026, 15:11","27 de ago. de 2026, 16:50","""os fracos que se arrebentem""","Calf Extension (Machine)",,"",2,"normal",177.3,12,,,
"Lower 2 🐎","27 de ago. de 2026, 15:11","27 de ago. de 2026, 16:50","""os fracos que se arrebentem""","Squat (Barbell)",,"",0,"warmup",60,6,,,
"Lower 2 🐎","27 de ago. de 2026, 15:11","27 de ago. de 2026, 16:50","""os fracos que se arrebentem""","Squat (Barbell)",,"",1,"warmup",100,3,,,
"Lower 2 🐎","27 de ago. de 2026, 15:11","27 de ago. de 2026, 16:50","""os fracos que se arrebentem""","Squat (Barbell)",,"",2,"warmup",120,1,,,
"Lower 2 🐎","27 de ago. de 2026, 15:11","27 de ago. de 2026, 16:50","""os fracos que se arrebentem""","Squat (Barbell)",,"",3,"warmup",130,1,,,
"Lower 2 🐎","27 de ago. de 2026, 15:11","27 de ago. de 2026, 16:50","""os fracos que se arrebentem""","Squat (Barbell)",,"",4,"normal",130,8,,,10
"Lower 2 🐎","27 de ago. de 2026, 15:11","27 de ago. de 2026, 16:50","""os fracos que se arrebentem""","Lying Leg Curl (Machine)",,"",0,"warmup",68.2,4,,,
"Lower 2 🐎","27 de ago. de 2026, 15:11","27 de ago. de 2026, 16:50","""os fracos que se arrebentem""","Lying Leg Curl (Machine)",,"",1,"warmup",86.4,1,,,
"Lower 2 🐎","27 de ago. de 2026, 15:11","27 de ago. de 2026, 16:50","""os fracos que se arrebentem""","Lying Leg Curl (Machine)",,"",2,"normal",86.4,10,,,10
"Lower 2 🐎","27 de ago. de 2026, 15:11","27 de ago. de 2026, 16:50","""os fracos que se arrebentem""","Lying Leg Curl (Machine)",,"",3,"normal",86.4,6,,,
"Lower 2 🐎","27 de ago. de 2026, 15:11","27 de ago. de 2026, 16:50","""os fracos que se arrebentem""","Squat (Machine)",,"",0,"warmup",160,1,,,
"Lower 2 🐎","27 de ago. de 2026, 15:11","27 de ago. de 2026, 16:50","""os fracos que se arrebentem""","Squat (Machine)",,"",1,"warmup",180,1,,,
"Lower 2 🐎","27 de ago. de 2026, 15:11","27 de ago. de 2026, 16:50","""os fracos que se arrebentem""","Squat (Machine)",,"",2,"normal",180,8,,,10
"Lower 2 🐎","27 de ago. de 2026, 15:11","27 de ago. de 2026, 16:50","""os fracos que se arrebentem""","Hip Adduction (Machine)",,"",0,"warmup",70,3,,,
"Lower 2 🐎","27 de ago. de 2026, 15:11","27 de ago. de 2026, 16:50","""os fracos que se arrebentem""","Hip Adduction (Machine)",,"",1,"normal",77,10,,,10
"Lower 2 🐎","27 de ago. de 2026, 15:11","27 de ago. de 2026, 16:50","""os fracos que se arrebentem""","Hip Adduction (Machine)",,"",2,"normal",77,5,,,
"cardio🚴","25 de ago. de 2026, 16:42","25 de ago. de 2026, 17:12","","Recumbent Bike",,"",0,"normal",,,7.23,1800,
"Upper 1 🦍","25 de ago. de 2026, 15:16","25 de ago. de 2026, 16:37","","Lat Pulldown (Cable)",,"",0,"warmup",52.3,10,,,
"Upper 1 🦍","25 de ago. de 2026, 15:16","25 de ago. de 2026, 16:37","","Lat Pulldown (Cable)",,"",1,"warmup",79.5,3,,,
"Upper 1 🦍","25 de ago. de 2026, 15:16","25 de ago. de 2026, 16:37","","Lat Pulldown (Cable)",,"",2,"warmup",100,2,,,
"Upper 1 🦍","25 de ago. de 2026, 15:16","25 de ago. de 2026, 16:37","","Lat Pulldown (Cable)",,"",3,"normal",100,8,,,10
"Upper 1 🦍","25 de ago. de 2026, 15:16","25 de ago. de 2026, 16:37","","Lat Pulldown (Cable)",,"",4,"normal",93.2,7,,,
"Upper 1 🦍","25 de ago. de 2026, 15:16","25 de ago. de 2026, 16:37","","Chest Fly (Machine)",,"",0,"warmup",52.3,10,,,
"Upper 1 🦍","25 de ago. de 2026, 15:16","25 de ago. de 2026, 16:37","","Chest Fly (Machine)",,"",1,"warmup",77.3,3,,,
"Upper 1 🦍","25 de ago. de 2026, 15:16","25 de ago. de 2026, 16:37","","Chest Fly (Machine)",,"",2,"warmup",104.5,2,,,
"Upper 1 🦍","25 de ago. de 2026, 15:16","25 de ago. de 2026, 16:37","","Chest Fly (Machine)",,"",3,"normal",104.5,7,,,10
"Upper 1 🦍","25 de ago. de 2026, 15:16","25 de ago. de 2026, 16:37","","Chest Fly (Machine)",,"",4,"normal",95.5,7,,,
"Upper 1 🦍","25 de ago. de 2026, 15:16","25 de ago. de 2026, 16:37","","Iso-Lateral Row (Machine)",,"",0,"warmup",50,2,,,
"Upper 1 🦍","25 de ago. de 2026, 15:16","25 de ago. de 2026, 16:37","","Iso-Lateral Row (Machine)",,"",1,"normal",50,10,,,10
"Upper 1 🦍","25 de ago. de 2026, 15:16","25 de ago. de 2026, 16:37","","Seated Shoulder Press (Machine)",,"",0,"warmup",97,2,,,
"Upper 1 🦍","25 de ago. de 2026, 15:16","25 de ago. de 2026, 16:37","","Seated Shoulder Press (Machine)",,"",1,"normal",97,9,,,10
"Upper 1 🦍","25 de ago. de 2026, 15:16","25 de ago. de 2026, 16:37","","Single Arm Lateral Raise (Cable)",,"",0,"warmup",9.1,3,,,
"Upper 1 🦍","25 de ago. de 2026, 15:16","25 de ago. de 2026, 16:37","","Single Arm Lateral Raise (Cable)",,"",1,"normal",9.1,7,,,10
"Upper 1 🦍","25 de ago. de 2026, 15:16","25 de ago. de 2026, 16:37","","Single Arm Lateral Raise (Cable)",,"",2,"normal",6.8,12,,,
"Upper 1 🦍","25 de ago. de 2026, 15:16","25 de ago. de 2026, 16:37","","rosca scott unilateral de pirraia",,"",0,"warmup",18,2,,,
"Upper 1 🦍","25 de ago. de 2026, 15:16","25 de ago. de 2026, 16:37","","rosca scott unilateral de pirraia",,"",1,"normal",18,8,,,10
"Upper 1 🦍","25 de ago. de 2026, 15:16","25 de ago. de 2026, 16:37","","Triceps Pushdown",,"",0,"warmup",32.5,3,,,
"Upper 1 🦍","25 de ago. de 2026, 15:16","25 de ago. de 2026, 16:37","","Triceps Pushdown",,"",1,"normal",35,7,,,10
"Cardio🚴","24 de ago. de 2026, 16:33","24 de ago. de 2026, 17:03","","Recumbent Bike",,"",0,"normal",,,7.86,1800,
"Lower 1 🦘","24 de ago. de 2026, 14:57","24 de ago. de 2026, 16:26","","Deadlift (Barbell)",,"",0,"warmup",60,6,,,
"Lower 1 🦘","24 de ago. de 2026, 14:57","24 de ago. de 2026, 16:26","","Deadlift (Barbell)",,"",1,"warmup",100,3,,,
"Lower 1 🦘","24 de ago. de 2026, 14:57","24 de ago. de 2026, 16:26","","Deadlift (Barbell)",,"",2,"warmup",140,1,,,
"Lower 1 🦘","24 de ago. de 2026, 14:57","24 de ago. de 2026, 16:26","","Deadlift (Barbell)",,"",3,"normal",160,1,,,
"Lower 1 🦘","24 de ago. de 2026, 14:57","24 de ago. de 2026, 16:26","","Deadlift (Barbell)",,"",4,"normal",185,3,,,10
"Lower 1 🦘","24 de ago. de 2026, 14:57","24 de ago. de 2026, 16:26","","Hip Thrust (Machine)",,"",0,"warmup",70,4,,,
"Lower 1 🦘","24 de ago. de 2026, 14:57","24 de ago. de 2026, 16:26","","Hip Thrust (Machine)",,"",1,"warmup",90,1,,,
"Lower 1 🦘","24 de ago. de 2026, 14:57","24 de ago. de 2026, 16:26","","Hip Thrust (Machine)",,"",2,"normal",92.2,9,,,10
"Lower 1 🦘","24 de ago. de 2026, 14:57","24 de ago. de 2026, 16:26","","Lying Leg Curl (Machine)",,"",0,"warmup",68.4,4,,,
"Lower 1 🦘","24 de ago. de 2026, 14:57","24 de ago. de 2026, 16:26","","Lying Leg Curl (Machine)",,"",1,"warmup",86.4,1,,,
"Lower 1 🦘","24 de ago. de 2026, 14:57","24 de ago. de 2026, 16:26","","Lying Leg Curl (Machine)",,"",2,"normal",86.4,8,,,10
"Lower 1 🦘","24 de ago. de 2026, 14:57","24 de ago. de 2026, 16:26","","Lying Leg Curl (Machine)",,"",3,"normal",77.3,5,,,
"Lower 1 🦘","24 de ago. de 2026, 14:57","24 de ago. de 2026, 16:26","","Squat (Machine)",,"",0,"warmup",100,3,,,
"Lower 1 🦘","24 de ago. de 2026, 14:57","24 de ago. de 2026, 16:26","","Squat (Machine)",,"",1,"warmup",160,1,,,
"Lower 1 🦘","24 de ago. de 2026, 14:57","24 de ago. de 2026, 16:26","","Squat (Machine)",,"",2,"normal",160,8,,,9
"Lower 1 🦘","24 de ago. de 2026, 14:57","24 de ago. de 2026, 16:26","","Squat (Machine)",,"",3,"normal",160,7,,,
"Lower 1 🦘","24 de ago. de 2026, 14:57","24 de ago. de 2026, 16:26","","Calf Extension (Machine)",,"",0,"normal",177.3,12,,,
"Lower 1 🦘","24 de ago. de 2026, 14:57","24 de ago. de 2026, 16:26","","Calf Extension (Machine)",,"",1,"normal",177.3,12,,,
"Upper 2 🐸","21 de ago. de 2026, 20:12","21 de ago. de 2026, 21:59","","Chest Fly (Machine)",,"",0,"warmup",52.3,8,,,
"Upper 2 🐸","21 de ago. de 2026, 20:12","21 de ago. de 2026, 21:59","","Chest Fly (Machine)",,"",1,"warmup",79.5,3,,,
"Upper 2 🐸","21 de ago. de 2026, 20:12","21 de ago. de 2026, 21:59","","Chest Fly (Machine)",,"",2,"warmup",100,2,,,
"Upper 2 🐸","21 de ago. de 2026, 20:12","21 de ago. de 2026, 21:59","","Chest Fly (Machine)",,"",3,"normal",100,12,,,10
"Upper 2 🐸","21 de ago. de 2026, 20:12","21 de ago. de 2026, 21:59","","Chest Fly (Machine)",,"",4,"normal",100,6,,,
"Upper 2 🐸","21 de ago. de 2026, 20:12","21 de ago. de 2026, 21:59","","Incline Bench Press (Dumbbell)",,"",0,"warmup",60,4,,,
"Upper 2 🐸","21 de ago. de 2026, 20:12","21 de ago. de 2026, 21:59","","Incline Bench Press (Dumbbell)",,"",1,"warmup",80,2,,,
"Upper 2 🐸","21 de ago. de 2026, 20:12","21 de ago. de 2026, 21:59","","Incline Bench Press (Dumbbell)",,"",2,"normal",80,8,,,10
"Upper 2 🐸","21 de ago. de 2026, 20:12","21 de ago. de 2026, 21:59","","Lat Pulldown (Cable)",,"",0,"warmup",65.9,6,,,
"Upper 2 🐸","21 de ago. de 2026, 20:12","21 de ago. de 2026, 21:59","","Lat Pulldown (Cable)",,"",1,"warmup",100,2,,,
"Upper 2 🐸","21 de ago. de 2026, 20:12","21 de ago. de 2026, 21:59","","Lat Pulldown (Cable)",,"",2,"normal",100,8,,,10
"Upper 2 🐸","21 de ago. de 2026, 20:12","21 de ago. de 2026, 21:59","","Rear Delt Reverse Fly (Machine)",,"",0,"warmup",86.4,3,,,
"Upper 2 🐸","21 de ago. de 2026, 20:12","21 de ago. de 2026, 21:59","","Rear Delt Reverse Fly (Machine)",,"",1,"normal",86.4,9,,,10
"Upper 2 🐸","21 de ago. de 2026, 20:12","21 de ago. de 2026, 21:59","","Rear Delt Reverse Fly (Machine)",,"",2,"normal",86.4,6,,,
"Upper 2 🐸","21 de ago. de 2026, 20:12","21 de ago. de 2026, 21:59","","Lateral Raise (Dumbbell)",,"",0,"warmup",32,3,,,
"Upper 2 🐸","21 de ago. de 2026, 20:12","21 de ago. de 2026, 21:59","","Lateral Raise (Dumbbell)",,"",1,"normal",32,9,,,
"Upper 2 🐸","21 de ago. de 2026, 20:12","21 de ago. de 2026, 21:59","","Lateral Raise (Dumbbell)",,"",2,"normal",28,8,,,
"Upper 2 🐸","21 de ago. de 2026, 20:12","21 de ago. de 2026, 21:59","","Triceps Pushdown",,"",0,"warmup",32.5,3,,,
"Upper 2 🐸","21 de ago. de 2026, 20:12","21 de ago. de 2026, 21:59","","Triceps Pushdown",,"",1,"normal",32.5,9,,,10
"Upper 2 🐸","21 de ago. de 2026, 20:12","21 de ago. de 2026, 21:59","","Preacher Curl (Machine)",,"",0,"warmup",77,3,,,
"Upper 2 🐸","21 de ago. de 2026, 20:12","21 de ago. de 2026, 21:59","","Preacher Curl (Machine)",,"",1,"normal",77,8,,,10
"cardio🚴","20 de ago. de 2026, 16:41","20 de ago. de 2026, 17:17","","Recumbent Bike",,"",0,"normal",,,8.85,2160,
"Lower 2 🐎","20 de ago. de 2026, 14:57","20 de ago. de 2026, 16:23","Os pirraias X Os hormonizados","Calf Extension (Machine)",,"",0,"warmup",159.1,12,,,
"Lower 2 🐎","20 de ago. de 2026, 14:57","20 de ago. de 2026, 16:23","Os pirraias X Os hormonizados","Calf Extension (Machine)",,"",1,"normal",177.3,12,,,
"Lower 2 🐎","20 de ago. de 2026, 14:57","20 de ago. de 2026, 16:23","Os pirraias X Os hormonizados","Calf Extension (Machine)",,"",2,"normal",177.3,10,,,
"Lower 2 🐎","20 de ago. de 2026, 14:57","20 de ago. de 2026, 16:23","Os pirraias X Os hormonizados","Squat (Barbell)",,"",0,"warmup",60,10,,,
"Lower 2 🐎","20 de ago. de 2026, 14:57","20 de ago. de 2026, 16:23","Os pirraias X Os hormonizados","Squat (Barbell)",,"",1,"warmup",100,3,,,
"Lower 2 🐎","20 de ago. de 2026, 14:57","20 de ago. de 2026, 16:23","Os pirraias X Os hormonizados","Squat (Barbell)",,"",2,"warmup",120,1,,,
"Lower 2 🐎","20 de ago. de 2026, 14:57","20 de ago. de 2026, 16:23","Os pirraias X Os hormonizados","Squat (Barbell)",,"",3,"normal",125,9,,,10
"Lower 2 🐎","20 de ago. de 2026, 14:57","20 de ago. de 2026, 16:23","Os pirraias X Os hormonizados","Lying Leg Curl (Machine)",,"cluster set
5 blocos de 2 reps",0,"warmup",68.2,4,,,
"Lower 2 🐎","20 de ago. de 2026, 14:57","20 de ago. de 2026, 16:23","Os pirraias X Os hormonizados","Lying Leg Curl (Machine)",,"cluster set
5 blocos de 2 reps",1,"warmup",86.4,2,,,
"Lower 2 🐎","20 de ago. de 2026, 14:57","20 de ago. de 2026, 16:23","Os pirraias X Os hormonizados","Lying Leg Curl (Machine)",,"cluster set
5 blocos de 2 reps",2,"normal",86.4,10,,,10
"Lower 2 🐎","20 de ago. de 2026, 14:57","20 de ago. de 2026, 16:23","Os pirraias X Os hormonizados","Hip Adduction (Machine)",,"",0,"warmup",57,5,,,
"Lower 2 🐎","20 de ago. de 2026, 14:57","20 de ago. de 2026, 16:23","Os pirraias X Os hormonizados","Hip Adduction (Machine)",,"",1,"warmup",77,3,,,
"Lower 2 🐎","20 de ago. de 2026, 14:57","20 de ago. de 2026, 16:23","Os pirraias X Os hormonizados","Hip Adduction (Machine)",,"",2,"normal",77,9,,,10
"Lower 2 🐎","20 de ago. de 2026, 14:57","20 de ago. de 2026, 16:23","Os pirraias X Os hormonizados","Hip Adduction (Machine)",,"",3,"normal",77,8,,,
"Lower 2 🐎","20 de ago. de 2026, 14:57","20 de ago. de 2026, 16:23","Os pirraias X Os hormonizados","Leg Extension (Machine)",,"",0,"warmup",70,4,,,
"Lower 2 🐎","20 de ago. de 2026, 14:57","20 de ago. de 2026, 16:23","Os pirraias X Os hormonizados","Leg Extension (Machine)",,"",1,"warmup",100,2,,,
"Lower 2 🐎","20 de ago. de 2026, 14:57","20 de ago. de 2026, 16:23","Os pirraias X Os hormonizados","Leg Extension (Machine)",,"",2,"normal",100,10,,,7.5
"Lower 2 🐎","20 de ago. de 2026, 14:57","20 de ago. de 2026, 16:23","Os pirraias X Os hormonizados","Leg Extension (Machine)",,"",3,"normal",100,10,,,
"cardio🚴","18 de ago. de 2026, 22:05","18 de ago. de 2026, 22:35","","Recumbent Bike",,"",0,"normal",,,7.54,1800,
"Upper 1 🦍","18 de ago. de 2026, 20:34","18 de ago. de 2026, 22:01","","Lat Pulldown (Cable)",,"",0,"warmup",52.3,10,,,
"Upper 1 🦍","18 de ago. de 2026, 20:34","18 de ago. de 2026, 22:01","","Lat Pulldown (Cable)",,"",1,"warmup",79.5,4,,,
"Upper 1 🦍","18 de ago. de 2026, 20:34","18 de ago. de 2026, 22:01","","Lat Pulldown (Cable)",,"",2,"warmup",100,2,,,
"Upper 1 🦍","18 de ago. de 2026, 20:34","18 de ago. de 2026, 22:01","","Lat Pulldown (Cable)",,"",3,"normal",100,10,,,10
"Upper 1 🦍","18 de ago. de 2026, 20:34","18 de ago. de 2026, 22:01","","Lat Pulldown (Cable)",,"",4,"normal",100,6,,,
"Upper 1 🦍","18 de ago. de 2026, 20:34","18 de ago. de 2026, 22:01","","Chest Fly (Machine)",,"",0,"warmup",52.3,10,,,
"Upper 1 🦍","18 de ago. de 2026, 20:34","18 de ago. de 2026, 22:01","","Chest Fly (Machine)",,"",1,"warmup",79.2,4,,,
"Upper 1 🦍","18 de ago. de 2026, 20:34","18 de ago. de 2026, 22:01","","Chest Fly (Machine)",,"",2,"warmup",100,1,,,
"Upper 1 🦍","18 de ago. de 2026, 20:34","18 de ago. de 2026, 22:01","","Chest Fly (Machine)",,"",3,"normal",100,8,,,
"Upper 1 🦍","18 de ago. de 2026, 20:34","18 de ago. de 2026, 22:01","","Chest Fly (Machine)",,"",4,"normal",93.2,7,,,
"Upper 1 🦍","18 de ago. de 2026, 20:34","18 de ago. de 2026, 22:01","","Iso-Lateral Row (Machine)",,"",0,"warmup",42.5,2,,,
"Upper 1 🦍","18 de ago. de 2026, 20:34","18 de ago. de 2026, 22:01","","Iso-Lateral Row (Machine)",,"",1,"normal",50,9,,,10
"Upper 1 🦍","18 de ago. de 2026, 20:34","18 de ago. de 2026, 22:01","","Seated Shoulder Press (Machine)",,"",0,"warmup",90,2,,,
"Upper 1 🦍","18 de ago. de 2026, 20:34","18 de ago. de 2026, 22:01","","Seated Shoulder Press (Machine)",,"",1,"normal",90,12,,,10
"Upper 1 🦍","18 de ago. de 2026, 20:34","18 de ago. de 2026, 22:01","","Lateral Raise (Dumbbell)",,"",0,"warmup",32,2,,,
"Upper 1 🦍","18 de ago. de 2026, 20:34","18 de ago. de 2026, 22:01","","Lateral Raise (Dumbbell)",,"",1,"normal",32,8,,,
"Upper 1 🦍","18 de ago. de 2026, 20:34","18 de ago. de 2026, 22:01","","Lateral Raise (Dumbbell)",,"",2,"normal",28,8,,,
"Upper 1 🦍","18 de ago. de 2026, 20:34","18 de ago. de 2026, 22:01","","rosca scott unilateral de pirraia",,"prox treino começar pelo braço esquerdo",0,"warmup",18,2,,,
"Upper 1 🦍","18 de ago. de 2026, 20:34","18 de ago. de 2026, 22:01","","rosca scott unilateral de pirraia",,"prox treino começar pelo braço esquerdo",1,"normal",18,9,,,10
"Upper 1 🦍","18 de ago. de 2026, 20:34","18 de ago. de 2026, 22:01","","Overhead Triceps Extension (Cable)",,"",0,"warmup",32.5,3,,,
"Upper 1 🦍","18 de ago. de 2026, 20:34","18 de ago. de 2026, 22:01","","Overhead Triceps Extension (Cable)",,"",1,"normal",32.5,7,,,
"cardio🚴","17 de ago. de 2026, 16:47","17 de ago. de 2026, 17:17","","Recumbent Bike",,"",0,"normal",,,8.07,1800,
"Lower 1 🦘","17 de ago. de 2026, 15:12","17 de ago. de 2026, 16:25","Todo sonho requer sacrifícios.","Deadlift (Barbell)",,"",0,"warmup",60,8,,,
"Lower 1 🦘","17 de ago. de 2026, 15:12","17 de ago. de 2026, 16:25","Todo sonho requer sacrifícios.","Deadlift (Barbell)",,"",1,"warmup",100,3,,,
"Lower 1 🦘","17 de ago. de 2026, 15:12","17 de ago. de 2026, 16:25","Todo sonho requer sacrifícios.","Deadlift (Barbell)",,"",2,"warmup",140,1,,,
"Lower 1 🦘","17 de ago. de 2026, 15:12","17 de ago. de 2026, 16:25","Todo sonho requer sacrifícios.","Deadlift (Barbell)",,"",3,"normal",160,1,,,
"Lower 1 🦘","17 de ago. de 2026, 15:12","17 de ago. de 2026, 16:25","Todo sonho requer sacrifícios.","Deadlift (Barbell)",,"",4,"normal",180,4,,,10
"Lower 1 🦘","17 de ago. de 2026, 15:12","17 de ago. de 2026, 16:25","Todo sonho requer sacrifícios.","Hip Thrust (Machine)",,"",0,"warmup",60,5,,,
"Lower 1 🦘","17 de ago. de 2026, 15:12","17 de ago. de 2026, 16:25","Todo sonho requer sacrifícios.","Hip Thrust (Machine)",,"",1,"warmup",90,1,,,
"Lower 1 🦘","17 de ago. de 2026, 15:12","17 de ago. de 2026, 16:25","Todo sonho requer sacrifícios.","Hip Thrust (Machine)",,"",2,"normal",92.2,8,,,10
"Lower 1 🦘","17 de ago. de 2026, 15:12","17 de ago. de 2026, 16:25","Todo sonho requer sacrifícios.","Hip Thrust (Machine)",,"",3,"normal",92.2,6,,,
"Lower 1 🦘","17 de ago. de 2026, 15:12","17 de ago. de 2026, 16:25","Todo sonho requer sacrifícios.","Lying Leg Curl (Machine)",,"",0,"warmup",68.4,4,,,
"Lower 1 🦘","17 de ago. de 2026, 15:12","17 de ago. de 2026, 16:25","Todo sonho requer sacrifícios.","Lying Leg Curl (Machine)",,"",1,"warmup",86.4,1,,,
"Lower 1 🦘","17 de ago. de 2026, 15:12","17 de ago. de 2026, 16:25","Todo sonho requer sacrifícios.","Lying Leg Curl (Machine)",,"",2,"normal",86.4,8,,,10
"Lower 1 🦘","17 de ago. de 2026, 15:12","17 de ago. de 2026, 16:25","Todo sonho requer sacrifícios.","Lying Leg Curl (Machine)",,"",3,"normal",77.3,6,,,
"Lower 1 🦘","17 de ago. de 2026, 15:12","17 de ago. de 2026, 16:25","Todo sonho requer sacrifícios.","Squat (Machine)",,"",0,"warmup",80,1,,,
"Lower 1 🦘","17 de ago. de 2026, 15:12","17 de ago. de 2026, 16:25","Todo sonho requer sacrifícios.","Squat (Machine)",,"",1,"warmup",120,1,,,
"Lower 1 🦘","17 de ago. de 2026, 15:12","17 de ago. de 2026, 16:25","Todo sonho requer sacrifícios.","Squat (Machine)",,"",2,"normal",140,10,,,
"cardio🚴","15 de ago. de 2026, 14:25","15 de ago. de 2026, 14:55","","Recumbent Bike",,"",0,"normal",,,7.52,1800,
"Quads🐎","15 de ago. de 2026, 13:14","15 de ago. de 2026, 14:21","","Calf Extension (Machine)",,"",0,"warmup",150,12,,,
"Quads🐎","15 de ago. de 2026, 13:14","15 de ago. de 2026, 14:21","","Calf Extension (Machine)",,"",1,"normal",177.3,12,,,
"Quads🐎","15 de ago. de 2026, 13:14","15 de ago. de 2026, 14:21","","Calf Extension (Machine)",,"",2,"normal",177.3,12,,,
"Quads🐎","15 de ago. de 2026, 13:14","15 de ago. de 2026, 14:21","","Squat (Barbell)",,"",0,"warmup",60,8,,,
"Quads🐎","15 de ago. de 2026, 13:14","15 de ago. de 2026, 14:21","","Squat (Barbell)",,"",1,"warmup",100,3,,,
"Quads🐎","15 de ago. de 2026, 13:14","15 de ago. de 2026, 14:21","","Squat (Barbell)",,"",2,"warmup",125,1,,,
"Quads🐎","15 de ago. de 2026, 13:14","15 de ago. de 2026, 14:21","","Squat (Barbell)",,"",3,"normal",125,9,,,10
"Quads🐎","15 de ago. de 2026, 13:14","15 de ago. de 2026, 14:21","","Lying Leg Curl (Machine)",,"cluster set
4 blocos de 2 rep (8)",0,"warmup",68.2,4,,,
"Quads🐎","15 de ago. de 2026, 13:14","15 de ago. de 2026, 14:21","","Lying Leg Curl (Machine)",,"cluster set
4 blocos de 2 rep (8)",1,"warmup",86.4,1,,,
"Quads🐎","15 de ago. de 2026, 13:14","15 de ago. de 2026, 14:21","","Lying Leg Curl (Machine)",,"cluster set
4 blocos de 2 rep (8)",2,"normal",86.4,8,,,
"Quads🐎","15 de ago. de 2026, 13:14","15 de ago. de 2026, 14:21","","Leg Extension (Machine)",,"cluster set
5 blocos de 4 reps (20)",0,"warmup",70,4,,,
"Quads🐎","15 de ago. de 2026, 13:14","15 de ago. de 2026, 14:21","","Leg Extension (Machine)",,"cluster set
5 blocos de 4 reps (20)",1,"warmup",104,2,,,
"Quads🐎","15 de ago. de 2026, 13:14","15 de ago. de 2026, 14:21","","Leg Extension (Machine)",,"cluster set
5 blocos de 4 reps (20)",2,"normal",104,20,,,
"Quads🐎","15 de ago. de 2026, 13:14","15 de ago. de 2026, 14:21","","Hip Adduction (Machine)",,"",0,"warmup",63,3,,,
"Quads🐎","15 de ago. de 2026, 13:14","15 de ago. de 2026, 14:21","","Hip Adduction (Machine)",,"",1,"warmup",77,1,,,
"Quads🐎","15 de ago. de 2026, 13:14","15 de ago. de 2026, 14:21","","Hip Adduction (Machine)",,"",2,"normal",77,9,,,10
"cardio🚴","14 de ago. de 2026, 21:40","14 de ago. de 2026, 22:10","","Recumbent Bike",,"",0,"normal",,,8.05,1800,
"upper🦈","14 de ago. de 2026, 20:08","14 de ago. de 2026, 21:36","","Chest Fly (Machine)",,"",0,"warmup",52.3,8,,,
"upper🦈","14 de ago. de 2026, 20:08","14 de ago. de 2026, 21:36","","Chest Fly (Machine)",,"",1,"warmup",79.5,4,,,
"upper🦈","14 de ago. de 2026, 20:08","14 de ago. de 2026, 21:36","","Chest Fly (Machine)",,"",2,"warmup",100,2,,,
"upper🦈","14 de ago. de 2026, 20:08","14 de ago. de 2026, 21:36","","Chest Fly (Machine)",,"",3,"normal",100,11,,,10
"upper🦈","14 de ago. de 2026, 20:08","14 de ago. de 2026, 21:36","","Chest Fly (Machine)",,"",4,"normal",100,7,,,
"upper🦈","14 de ago. de 2026, 20:08","14 de ago. de 2026, 21:36","","Incline Bench Press (Dumbbell)",,"",0,"warmup",52,6,,,
"upper🦈","14 de ago. de 2026, 20:08","14 de ago. de 2026, 21:36","","Incline Bench Press (Dumbbell)",,"",1,"warmup",60,3,,,
"upper🦈","14 de ago. de 2026, 20:08","14 de ago. de 2026, 21:36","","Incline Bench Press (Dumbbell)",,"",2,"warmup",76,2,,,
"upper🦈","14 de ago. de 2026, 20:08","14 de ago. de 2026, 21:36","","Incline Bench Press (Dumbbell)",,"",3,"normal",76,10,,,10
"upper🦈","14 de ago. de 2026, 20:08","14 de ago. de 2026, 21:36","","Lat Pulldown (Cable)",,"",0,"warmup",52.3,10,,,
"upper🦈","14 de ago. de 2026, 20:08","14 de ago. de 2026, 21:36","","Lat Pulldown (Cable)",,"",1,"warmup",79.5,3,,,
"upper🦈","14 de ago. de 2026, 20:08","14 de ago. de 2026, 21:36","","Lat Pulldown (Cable)",,"",2,"warmup",100,2,,,
"upper🦈","14 de ago. de 2026, 20:08","14 de ago. de 2026, 21:36","","Lat Pulldown (Cable)",,"",3,"normal",100,7,,,10
"upper🦈","14 de ago. de 2026, 20:08","14 de ago. de 2026, 21:36","","Lat Pulldown (Cable)",,"",4,"normal",93.2,6,,,
"upper🦈","14 de ago. de 2026, 20:08","14 de ago. de 2026, 21:36","","Iso-Lateral Row (Machine)",,"",0,"warmup",50,2,,,
"upper🦈","14 de ago. de 2026, 20:08","14 de ago. de 2026, 21:36","","Iso-Lateral Row (Machine)",,"",1,"normal",50,7,,,10
"upper🦈","14 de ago. de 2026, 20:08","14 de ago. de 2026, 21:36","","Lateral Raise (Dumbbell)",,"",0,"warmup",32,3,,,
"upper🦈","14 de ago. de 2026, 20:08","14 de ago. de 2026, 21:36","","Lateral Raise (Dumbbell)",,"",1,"failure",32,7,,,
"upper🦈","14 de ago. de 2026, 20:08","14 de ago. de 2026, 21:36","","Lateral Raise (Dumbbell)",,"",2,"failure",28,8,,,
"upper🦈","14 de ago. de 2026, 20:08","14 de ago. de 2026, 21:36","","Preacher Curl (Machine)",,"",0,"warmup",77,2,,,
"upper🦈","14 de ago. de 2026, 20:08","14 de ago. de 2026, 21:36","","Preacher Curl (Machine)",,"",1,"normal",77,8,,,
"upper🦈","14 de ago. de 2026, 20:08","14 de ago. de 2026, 21:36","","Overhead Triceps Extension (Cable)",,"",0,"warmup",32.5,2,,,
"upper🦈","14 de ago. de 2026, 20:08","14 de ago. de 2026, 21:36","","Overhead Triceps Extension (Cable)",,"",1,"normal",32.5,11,,,10
"cardio🚴","11 de ago. de 2026, 17:05","11 de ago. de 2026, 17:41","pra não ficar igual a 🦈man e 🍁man.","Cycling",,"",0,"normal",,,9.46,2160,
"Chest🐓","11 de ago. de 2026, 15:52","11 de ago. de 2026, 17:03","","Chest Fly (Machine)",,"",0,"warmup",52.3,8,,,
"Chest🐓","11 de ago. de 2026, 15:52","11 de ago. de 2026, 17:03","","Chest Fly (Machine)",,"",1,"warmup",79.5,4,,,
"Chest🐓","11 de ago. de 2026, 15:52","11 de ago. de 2026, 17:03","","Chest Fly (Machine)",,"",2,"warmup",100,2,,,
"Chest🐓","11 de ago. de 2026, 15:52","11 de ago. de 2026, 17:03","","Chest Fly (Machine)",,"",3,"normal",100,10,,,10
"Chest🐓","11 de ago. de 2026, 15:52","11 de ago. de 2026, 17:03","","Chest Fly (Machine)",,"",4,"normal",100,6,,,
"Chest🐓","11 de ago. de 2026, 15:52","11 de ago. de 2026, 17:03","","Incline Bench Press (Dumbbell)",,"",0,"warmup",52,5,,,
"Chest🐓","11 de ago. de 2026, 15:52","11 de ago. de 2026, 17:03","","Incline Bench Press (Dumbbell)",,"",1,"warmup",76,2,,,
"Chest🐓","11 de ago. de 2026, 15:52","11 de ago. de 2026, 17:03","","Incline Bench Press (Dumbbell)",,"",2,"normal",76,8,,,
"Chest🐓","11 de ago. de 2026, 15:52","11 de ago. de 2026, 17:03","","Decline Bench Press (Machine)",,"",0,"warmup",90,1,,,
"Chest🐓","11 de ago. de 2026, 15:52","11 de ago. de 2026, 17:03","","Decline Bench Press (Machine)",,"",1,"normal",90,8,,,10
"Chest🐓","11 de ago. de 2026, 15:52","11 de ago. de 2026, 17:03","","Single Arm Lateral Raise (Cable)",,"",0,"warmup",9.1,3,,,
"Chest🐓","11 de ago. de 2026, 15:52","11 de ago. de 2026, 17:03","","Single Arm Lateral Raise (Cable)",,"",1,"failure",9.1,10,,,10
"Chest🐓","11 de ago. de 2026, 15:52","11 de ago. de 2026, 17:03","","Single Arm Lateral Raise (Cable)",,"",2,"failure",9.1,8,,,
"Back🦍","10 de ago. de 2026, 15:23","10 de ago. de 2026, 16:30","","Lat Pulldown (Cable)",,"",0,"warmup",52.3,8,,,
"Back🦍","10 de ago. de 2026, 15:23","10 de ago. de 2026, 16:30","","Lat Pulldown (Cable)",,"",1,"warmup",79.5,3,,,
"Back🦍","10 de ago. de 2026, 15:23","10 de ago. de 2026, 16:30","","Lat Pulldown (Cable)",,"",2,"warmup",100,1,,,
"Back🦍","10 de ago. de 2026, 15:23","10 de ago. de 2026, 16:30","","Lat Pulldown (Cable)",,"",3,"normal",100,9,,,10
"Back🦍","10 de ago. de 2026, 15:23","10 de ago. de 2026, 16:30","","Lat Pulldown (Cable)",,"",4,"normal",100,6,,,
"Back🦍","10 de ago. de 2026, 15:23","10 de ago. de 2026, 16:30","","Iso-Lateral Row (Machine)",,"",0,"warmup",50,2,,,
"Back🦍","10 de ago. de 2026, 15:23","10 de ago. de 2026, 16:30","","Iso-Lateral Row (Machine)",,"",1,"normal",50,11,,,10
"Back🦍","10 de ago. de 2026, 15:23","10 de ago. de 2026, 16:30","","Rear Delt Reverse Fly (Machine)",,"",0,"warmup",86.4,3,,,
"Back🦍","10 de ago. de 2026, 15:23","10 de ago. de 2026, 16:30","","Rear Delt Reverse Fly (Machine)",,"",1,"normal",86.4,8,,,
"Back🦍","10 de ago. de 2026, 15:23","10 de ago. de 2026, 16:30","","Rear Delt Reverse Fly (Machine)",,"",2,"normal",79.5,10,,,
"Back🦍","10 de ago. de 2026, 15:23","10 de ago. de 2026, 16:30","","Lateral Raise (Dumbbell)",,"",0,"warmup",32,3,,,
"Back🦍","10 de ago. de 2026, 15:23","10 de ago. de 2026, 16:30","","Lateral Raise (Dumbbell)",,"",1,"failure",32,10,,,10
"Back🦍","10 de ago. de 2026, 15:23","10 de ago. de 2026, 16:30","","Lateral Raise (Dumbbell)",,"",2,"failure",32,8,,,
"Back🦍","10 de ago. de 2026, 15:23","10 de ago. de 2026, 16:30","","rosca scott unilateral de pirraia",,"",0,"warmup",18,2,,,
"Back🦍","10 de ago. de 2026, 15:23","10 de ago. de 2026, 16:30","","rosca scott unilateral de pirraia",,"",1,"normal",18,8,,,10
"Back🦍","10 de ago. de 2026, 15:23","10 de ago. de 2026, 16:30","","rosca scott unilateral de pirraia",,"",2,"normal",16,7,,,
"cardio🚴","8 de ago. de 2026, 10:03","8 de ago. de 2026, 10:33","","Cycling",,"",0,"normal",,,7.9,1800,
"upper sharp 🦈","8 de ago. de 2026, 09:04","8 de ago. de 2026, 09:52","sem fone, sem os pirraia, só eu e a máquina 😥","Chest Fly (Machine)",,"",0,"warmup",52.3,10,,,
"upper sharp 🦈","8 de ago. de 2026, 09:04","8 de ago. de 2026, 09:52","sem fone, sem os pirraia, só eu e a máquina 😥","Chest Fly (Machine)",,"",1,"warmup",79.5,4,,,
"upper sharp 🦈","8 de ago. de 2026, 09:04","8 de ago. de 2026, 09:52","sem fone, sem os pirraia, só eu e a máquina 😥","Chest Fly (Machine)",,"",2,"warmup",100,1,,,
"upper sharp 🦈","8 de ago. de 2026, 09:04","8 de ago. de 2026, 09:52","sem fone, sem os pirraia, só eu e a máquina 😥","Chest Fly (Machine)",,"",3,"normal",100,8,,,10
"upper sharp 🦈","8 de ago. de 2026, 09:04","8 de ago. de 2026, 09:52","sem fone, sem os pirraia, só eu e a máquina 😥","Chest Fly (Machine)",,"",4,"normal",93.2,6,,,
"upper sharp 🦈","8 de ago. de 2026, 09:04","8 de ago. de 2026, 09:52","sem fone, sem os pirraia, só eu e a máquina 😥","Iso-Lateral Row (Machine)",,"",0,"warmup",20,8,,,
"upper sharp 🦈","8 de ago. de 2026, 09:04","8 de ago. de 2026, 09:52","sem fone, sem os pirraia, só eu e a máquina 😥","Iso-Lateral Row (Machine)",,"",1,"warmup",40,4,,,
"upper sharp 🦈","8 de ago. de 2026, 09:04","8 de ago. de 2026, 09:52","sem fone, sem os pirraia, só eu e a máquina 😥","Iso-Lateral Row (Machine)",,"",2,"warmup",50,1,,,
"upper sharp 🦈","8 de ago. de 2026, 09:04","8 de ago. de 2026, 09:52","sem fone, sem os pirraia, só eu e a máquina 😥","Iso-Lateral Row (Machine)",,"",3,"normal",50,8,,,10
"upper sharp 🦈","8 de ago. de 2026, 09:04","8 de ago. de 2026, 09:52","sem fone, sem os pirraia, só eu e a máquina 😥","Iso-Lateral Row (Machine)",,"",4,"normal",47.5,6,,,
"upper sharp 🦈","8 de ago. de 2026, 09:04","8 de ago. de 2026, 09:52","sem fone, sem os pirraia, só eu e a máquina 😥","Seated Shoulder Press (Machine)",,"",0,"warmup",90,3,,,
"upper sharp 🦈","8 de ago. de 2026, 09:04","8 de ago. de 2026, 09:52","sem fone, sem os pirraia, só eu e a máquina 😥","Seated Shoulder Press (Machine)",,"",1,"normal",90,8,,,10
"upper sharp 🦈","8 de ago. de 2026, 09:04","8 de ago. de 2026, 09:52","sem fone, sem os pirraia, só eu e a máquina 😥","Lat Pulldown (Cable)",,"",0,"warmup",100,2,,,
"upper sharp 🦈","8 de ago. de 2026, 09:04","8 de ago. de 2026, 09:52","sem fone, sem os pirraia, só eu e a máquina 😥","Lat Pulldown (Cable)",,"",1,"normal",100,6,,,10
"upper sharp 🦈","8 de ago. de 2026, 09:04","8 de ago. de 2026, 09:52","sem fone, sem os pirraia, só eu e a máquina 😥","Lateral Raise (Dumbbell)",,"",0,"warmup",32,3,,,
"upper sharp 🦈","8 de ago. de 2026, 09:04","8 de ago. de 2026, 09:52","sem fone, sem os pirraia, só eu e a máquina 😥","Lateral Raise (Dumbbell)",,"",1,"failure",32,7,,,10
"upper sharp 🦈","8 de ago. de 2026, 09:04","8 de ago. de 2026, 09:52","sem fone, sem os pirraia, só eu e a máquina 😥","Overhead Triceps Extension (Cable)",,"",0,"warmup",32.5,3,,,
"upper sharp 🦈","8 de ago. de 2026, 09:04","8 de ago. de 2026, 09:52","sem fone, sem os pirraia, só eu e a máquina 😥","Overhead Triceps Extension (Cable)",,"",1,"normal",32.5,9,,,10
"upper sharp 🦈","8 de ago. de 2026, 09:04","8 de ago. de 2026, 09:52","sem fone, sem os pirraia, só eu e a máquina 😥","rosca scott unilateral de pirraia",,"",0,"warmup",18,2,,,
"upper sharp 🦈","8 de ago. de 2026, 09:04","8 de ago. de 2026, 09:52","sem fone, sem os pirraia, só eu e a máquina 😥","rosca scott unilateral de pirraia",,"",1,"failure",18,7,,,10
"cardio🚴","7 de ago. de 2026, 16:21","7 de ago. de 2026, 16:51","","Cycling",,"",0,"normal",,,7.77,1800,
"Quads🐎","7 de ago. de 2026, 15:06","7 de ago. de 2026, 16:18","","Calf Extension (Machine)",,"",0,"warmup",150,12,,,
"Quads🐎","7 de ago. de 2026, 15:06","7 de ago. de 2026, 16:18","","Calf Extension (Machine)",,"",1,"normal",177.3,12,,,
"Quads🐎","7 de ago. de 2026, 15:06","7 de ago. de 2026, 16:18","","Calf Extension (Machine)",,"",2,"normal",177.3,12,,,
"Quads🐎","7 de ago. de 2026, 15:06","7 de ago. de 2026, 16:18","","Squat (Barbell)",,"",0,"warmup",60,8,,,
"Quads🐎","7 de ago. de 2026, 15:06","7 de ago. de 2026, 16:18","","Squat (Barbell)",,"",1,"warmup",100,3,,,
"Quads🐎","7 de ago. de 2026, 15:06","7 de ago. de 2026, 16:18","","Squat (Barbell)",,"",2,"warmup",125,1,,,
"Quads🐎","7 de ago. de 2026, 15:06","7 de ago. de 2026, 16:18","","Squat (Barbell)",,"",3,"normal",125,8,,,10
"Quads🐎","7 de ago. de 2026, 15:06","7 de ago. de 2026, 16:18","","Lying Leg Curl (Machine)",,"",0,"warmup",68.2,4,,,
"Quads🐎","7 de ago. de 2026, 15:06","7 de ago. de 2026, 16:18","","Lying Leg Curl (Machine)",,"",1,"warmup",86.4,1,,,
"Quads🐎","7 de ago. de 2026, 15:06","7 de ago. de 2026, 16:18","","Lying Leg Curl (Machine)",,"",2,"normal",86.4,6,,,10
"Quads🐎","7 de ago. de 2026, 15:06","7 de ago. de 2026, 16:18","","Leg Extension (Machine)",,"",0,"warmup",70,4,,,
"Quads🐎","7 de ago. de 2026, 15:06","7 de ago. de 2026, 16:18","","Leg Extension (Machine)",,"",1,"warmup",104,3,,,
"Quads🐎","7 de ago. de 2026, 15:06","7 de ago. de 2026, 16:18","","Leg Extension (Machine)",,"",2,"normal",104,20,,,10
"Quads🐎","7 de ago. de 2026, 15:06","7 de ago. de 2026, 16:18","","Hip Adduction (Machine)",,"",0,"warmup",63,3,,,
"Quads🐎","7 de ago. de 2026, 15:06","7 de ago. de 2026, 16:18","","Hip Adduction (Machine)",,"",1,"warmup",77,1,,,
"Quads🐎","7 de ago. de 2026, 15:06","7 de ago. de 2026, 16:18","","Hip Adduction (Machine)",,"",2,"normal",77,8,,,10
"Quads🐎","7 de ago. de 2026, 15:06","7 de ago. de 2026, 16:18","","Hip Adduction (Machine)",,"",3,"normal",70,8,,,
"cardio🚴","6 de ago. de 2026, 16:40","6 de ago. de 2026, 17:20","","Cycling",,"",0,"normal",,,10.1,2400,
"Back🦍","6 de ago. de 2026, 15:12","6 de ago. de 2026, 16:34","","Lat Pulldown (Cable)",,"",0,"warmup",52.3,10,,,
"Back🦍","6 de ago. de 2026, 15:12","6 de ago. de 2026, 16:34","","Lat Pulldown (Cable)",,"",1,"warmup",79.5,4,,,
"Back🦍","6 de ago. de 2026, 15:12","6 de ago. de 2026, 16:34","","Lat Pulldown (Cable)",,"",2,"warmup",100,2,,,
"Back🦍","6 de ago. de 2026, 15:12","6 de ago. de 2026, 16:34","","Lat Pulldown (Cable)",,"",3,"normal",100,8,,,10
"Back🦍","6 de ago. de 2026, 15:12","6 de ago. de 2026, 16:34","","Lat Pulldown (Cable)",,"",4,"normal",93.2,7,,,
"Back🦍","6 de ago. de 2026, 15:12","6 de ago. de 2026, 16:34","","Iso-Lateral Row (Machine)",,"",0,"warmup",50,2,,,
"Back🦍","6 de ago. de 2026, 15:12","6 de ago. de 2026, 16:34","","Iso-Lateral Row (Machine)",,"",1,"normal",50,9,,,10
"Back🦍","6 de ago. de 2026, 15:12","6 de ago. de 2026, 16:34","","Iso-Lateral Row (Machine)",,"",2,"normal",47.5,7,,,
"Back🦍","6 de ago. de 2026, 15:12","6 de ago. de 2026, 16:34","","Rear Delt Reverse Fly (Machine)",,"",0,"warmup",86.4,3,,,
"Back🦍","6 de ago. de 2026, 15:12","6 de ago. de 2026, 16:34","","Rear Delt Reverse Fly (Machine)",,"",1,"normal",86.4,8,,,10
"Back🦍","6 de ago. de 2026, 15:12","6 de ago. de 2026, 16:34","","Rear Delt Reverse Fly (Machine)",,"",2,"normal",79.5,7,,,
"Back🦍","6 de ago. de 2026, 15:12","6 de ago. de 2026, 16:34","","Lateral Raise (Dumbbell)",,"",0,"warmup",32,3,,,
"Back🦍","6 de ago. de 2026, 15:12","6 de ago. de 2026, 16:34","","Lateral Raise (Dumbbell)",,"",1,"failure",32,9,,,
"Back🦍","6 de ago. de 2026, 15:12","6 de ago. de 2026, 16:34","","Lateral Raise (Dumbbell)",,"",2,"failure",32,7,,,
"Back🦍","6 de ago. de 2026, 15:12","6 de ago. de 2026, 16:34","","rosca scott unilateral de pirraia",,"",0,"warmup",18,2,,,
"Back🦍","6 de ago. de 2026, 15:12","6 de ago. de 2026, 16:34","","rosca scott unilateral de pirraia",,"",1,"normal",18,7,,,10
"Back🦍","6 de ago. de 2026, 15:12","6 de ago. de 2026, 16:34","","rosca scott unilateral de pirraia",,"",2,"normal",16,8,,,
"cardio🚴","4 de ago. de 2026, 15:51","4 de ago. de 2026, 16:31","","Cycling",,"",0,"normal",,,8.46,2400,
"Chest🐓","4 de ago. de 2026, 14:35","4 de ago. de 2026, 15:31","","Chest Fly (Machine)",,"",0,"warmup",52.3,12,,,
"Chest🐓","4 de ago. de 2026, 14:35","4 de ago. de 2026, 15:31","","Chest Fly (Machine)",,"",1,"warmup",79.5,4,,,
"Chest🐓","4 de ago. de 2026, 14:35","4 de ago. de 2026, 15:31","","Chest Fly (Machine)",,"",2,"warmup",100,1,,,
"Chest🐓","4 de ago. de 2026, 14:35","4 de ago. de 2026, 15:31","","Chest Fly (Machine)",,"",3,"normal",100,9,,,10
"Chest🐓","4 de ago. de 2026, 14:35","4 de ago. de 2026, 15:31","","Chest Fly (Machine)",,"",4,"normal",93.2,6,,,
"Chest🐓","4 de ago. de 2026, 14:35","4 de ago. de 2026, 15:31","","Incline Bench Press (Dumbbell)",,"",0,"warmup",52,6,,,
"Chest🐓","4 de ago. de 2026, 14:35","4 de ago. de 2026, 15:31","","Incline Bench Press (Dumbbell)",,"",1,"warmup",76,2,,,
"Chest🐓","4 de ago. de 2026, 14:35","4 de ago. de 2026, 15:31","","Incline Bench Press (Dumbbell)",,"",2,"normal",72,8,,,10
"Chest🐓","4 de ago. de 2026, 14:35","4 de ago. de 2026, 15:31","","Seated Dip Machine",,"",0,"warmup",104,3,,,
"Chest🐓","4 de ago. de 2026, 14:35","4 de ago. de 2026, 15:31","","Seated Dip Machine",,"",1,"normal",104,20,,,9
"Chest🐓","4 de ago. de 2026, 14:35","4 de ago. de 2026, 15:31","","Single Arm Lateral Raise (Cable)",,"",0,"warmup",7.5,3,,,
"Chest🐓","4 de ago. de 2026, 14:35","4 de ago. de 2026, 15:31","","Single Arm Lateral Raise (Cable)",,"",1,"failure",7.5,12,,,10
"Chest🐓","4 de ago. de 2026, 14:35","4 de ago. de 2026, 15:31","","Single Arm Lateral Raise (Cable)",,"",2,"failure",7.5,8,,,
"Chest🐓","4 de ago. de 2026, 14:35","4 de ago. de 2026, 15:31","","Triceps Pushdown",,"",0,"warmup",32.5,3,,,
"Chest🐓","4 de ago. de 2026, 14:35","4 de ago. de 2026, 15:31","","Triceps Pushdown",,"",1,"failure",32.5,10,,,10
"Chest🐓","4 de ago. de 2026, 14:35","4 de ago. de 2026, 15:31","","Triceps Pushdown",,"",2,"normal",32.5,6,,,
"cardio🪜","3 de ago. de 2026, 16:17","3 de ago. de 2026, 16:57","","Stair Machine (Steps)",,"",0,"normal",,,,2400,
"Hamstrings🦘","3 de ago. de 2026, 14:38","3 de ago. de 2026, 15:55","","Deadlift (Barbell)",,"",0,"warmup",60,8,,,
"Hamstrings🦘","3 de ago. de 2026, 14:38","3 de ago. de 2026, 15:55","","Deadlift (Barbell)",,"",1,"warmup",100,2,,,
"Hamstrings🦘","3 de ago. de 2026, 14:38","3 de ago. de 2026, 15:55","","Deadlift (Barbell)",,"",2,"warmup",140,1,,,
"Hamstrings🦘","3 de ago. de 2026, 14:38","3 de ago. de 2026, 15:55","","Deadlift (Barbell)",,"",3,"warmup",160,1,,,
"Hamstrings🦘","3 de ago. de 2026, 14:38","3 de ago. de 2026, 15:55","","Deadlift (Barbell)",,"",4,"normal",180,3,,,
"Hamstrings🦘","3 de ago. de 2026, 14:38","3 de ago. de 2026, 15:55","","Hip Thrust (Machine)",,"",0,"warmup",60,4,,,
"Hamstrings🦘","3 de ago. de 2026, 14:38","3 de ago. de 2026, 15:55","","Hip Thrust (Machine)",,"",1,"warmup",92.5,1,,,
"Hamstrings🦘","3 de ago. de 2026, 14:38","3 de ago. de 2026, 15:55","","Hip Thrust (Machine)",,"",2,"normal",92.5,6,,,9.5
"Hamstrings🦘","3 de ago. de 2026, 14:38","3 de ago. de 2026, 15:55","","Leg Extension (Machine)",,"cluster set
1 série de 5 blocos de 4 rep",0,"warmup",77,4,,,
"Hamstrings🦘","3 de ago. de 2026, 14:38","3 de ago. de 2026, 15:55","","Leg Extension (Machine)",,"cluster set
1 série de 5 blocos de 4 rep",1,"warmup",104,3,,,
"Hamstrings🦘","3 de ago. de 2026, 14:38","3 de ago. de 2026, 15:55","","Leg Extension (Machine)",,"cluster set
1 série de 5 blocos de 4 rep",2,"normal",104,17,,,
"Hamstrings🦘","3 de ago. de 2026, 14:38","3 de ago. de 2026, 15:55","","Seated Leg Curl (Machine)",,"",0,"warmup",77,5,,,
"Hamstrings🦘","3 de ago. de 2026, 14:38","3 de ago. de 2026, 15:55","","Seated Leg Curl (Machine)",,"",1,"warmup",104,2,,,
"Hamstrings🦘","3 de ago. de 2026, 14:38","3 de ago. de 2026, 15:55","","Seated Leg Curl (Machine)",,"",2,"normal",104,16,,,
"Hamstrings🦘","3 de ago. de 2026, 14:38","3 de ago. de 2026, 15:55","","Seated Leg Curl (Machine)",,"",3,"normal",104,6,,,
"Hamstrings🦘","3 de ago. de 2026, 14:38","3 de ago. de 2026, 15:55","","Seated Calf Raise",,"",0,"warmup",55,6,,,
"Hamstrings🦘","3 de ago. de 2026, 14:38","3 de ago. de 2026, 15:55","","Seated Calf Raise",,"",1,"normal",70,12,,,
"Hamstrings🦘","3 de ago. de 2026, 14:38","3 de ago. de 2026, 15:55","","Seated Calf Raise",,"",2,"normal",70,12,,,
"Quads🐎","31 de jul. de 2026, 15:41","31 de jul. de 2026, 17:16","","Calf Extension (Machine)",,"",0,"warmup",159.1,12,,,
"Quads🐎","31 de jul. de 2026, 15:41","31 de jul. de 2026, 17:16","","Calf Extension (Machine)",,"",1,"normal",177.3,12,,,
"Quads🐎","31 de jul. de 2026, 15:41","31 de jul. de 2026, 17:16","","Calf Extension (Machine)",,"",2,"normal",177.3,12,,,
"Quads🐎","31 de jul. de 2026, 15:41","31 de jul. de 2026, 17:16","","Squat (Barbell)",,"",0,"warmup",60,10,,,
"Quads🐎","31 de jul. de 2026, 15:41","31 de jul. de 2026, 17:16","","Squat (Barbell)",,"",1,"warmup",100,4,,,
"Quads🐎","31 de jul. de 2026, 15:41","31 de jul. de 2026, 17:16","","Squat (Barbell)",,"",2,"warmup",110,1,,,
"Quads🐎","31 de jul. de 2026, 15:41","31 de jul. de 2026, 17:16","","Squat (Barbell)",,"",3,"warmup",125,1,,,
"Quads🐎","31 de jul. de 2026, 15:41","31 de jul. de 2026, 17:16","","Squat (Barbell)",,"",4,"normal",125,7,,,9.5
"Quads🐎","31 de jul. de 2026, 15:41","31 de jul. de 2026, 17:16","","Seated Leg Curl (Machine)",,"",0,"warmup",70,5,,,
"Quads🐎","31 de jul. de 2026, 15:41","31 de jul. de 2026, 17:16","","Seated Leg Curl (Machine)",,"",1,"warmup",104,3,,,
"Quads🐎","31 de jul. de 2026, 15:41","31 de jul. de 2026, 17:16","","Seated Leg Curl (Machine)",,"",2,"normal",104,16,,,10
"Quads🐎","31 de jul. de 2026, 15:41","31 de jul. de 2026, 17:16","","Leg Extension (Machine)",,"cluster set 
1° série: 4 blocos de 4 reps
2° série: 5 blocos de 3 reps",0,"warmup",70,5,,,
"Quads🐎","31 de jul. de 2026, 15:41","31 de jul. de 2026, 17:16","","Leg Extension (Machine)",,"cluster set 
1° série: 4 blocos de 4 reps
2° série: 5 blocos de 3 reps",1,"warmup",100,2,,,
"Quads🐎","31 de jul. de 2026, 15:41","31 de jul. de 2026, 17:16","","Leg Extension (Machine)",,"cluster set 
1° série: 4 blocos de 4 reps
2° série: 5 blocos de 3 reps",2,"normal",104,16,,,
"Quads🐎","31 de jul. de 2026, 15:41","31 de jul. de 2026, 17:16","","Leg Extension (Machine)",,"cluster set 
1° série: 4 blocos de 4 reps
2° série: 5 blocos de 3 reps",3,"normal",104,15,,,
"Quads🐎","31 de jul. de 2026, 15:41","31 de jul. de 2026, 17:16","","Hip Adduction (Machine)",,"",0,"warmup",57,5,,,
"Quads🐎","31 de jul. de 2026, 15:41","31 de jul. de 2026, 17:16","","Hip Adduction (Machine)",,"",1,"warmup",77,1,,,
"Quads🐎","31 de jul. de 2026, 15:41","31 de jul. de 2026, 17:16","","Hip Adduction (Machine)",,"",2,"normal",77,8,,,10
"Quads🐎","31 de jul. de 2026, 15:41","31 de jul. de 2026, 17:16","","Hip Adduction (Machine)",,"",3,"normal",70,7,,,
"cardio🚴","30 de jul. de 2026, 16:35","30 de jul. de 2026, 17:11","","Cycling",,"",0,"normal",,,8.64,2160,
"Back🦍","30 de jul. de 2026, 15:09","30 de jul. de 2026, 16:24","","Lat Pulldown (Cable)",,"",0,"warmup",52.3,12,,,
"Back🦍","30 de jul. de 2026, 15:09","30 de jul. de 2026, 16:24","","Lat Pulldown (Cable)",,"",1,"warmup",79.5,5,,,
"Back🦍","30 de jul. de 2026, 15:09","30 de jul. de 2026, 16:24","","Lat Pulldown (Cable)",,"",2,"warmup",100,2,,,
"Back🦍","30 de jul. de 2026, 15:09","30 de jul. de 2026, 16:24","","Lat Pulldown (Cable)",,"",3,"normal",100,7,,,
"Back🦍","30 de jul. de 2026, 15:09","30 de jul. de 2026, 16:24","","Lat Pulldown (Cable)",,"",4,"normal",93.2,7,,,
"Back🦍","30 de jul. de 2026, 15:09","30 de jul. de 2026, 16:24","","Iso-Lateral Row (Machine)",,"",0,"warmup",50,3,,,
"Back🦍","30 de jul. de 2026, 15:09","30 de jul. de 2026, 16:24","","Iso-Lateral Row (Machine)",,"",1,"normal",50,9,,,
"Back🦍","30 de jul. de 2026, 15:09","30 de jul. de 2026, 16:24","","Rear Delt Reverse Fly (Machine)",,"",0,"warmup",86.4,3,,,
"Back🦍","30 de jul. de 2026, 15:09","30 de jul. de 2026, 16:24","","Rear Delt Reverse Fly (Machine)",,"",1,"normal",86.4,7,,,10
"Back🦍","30 de jul. de 2026, 15:09","30 de jul. de 2026, 16:24","","Rear Delt Reverse Fly (Machine)",,"",2,"normal",79.5,7,,,
"Back🦍","30 de jul. de 2026, 15:09","30 de jul. de 2026, 16:24","","Lateral Raise (Dumbbell)",,"",0,"warmup",32,3,,,
"Back🦍","30 de jul. de 2026, 15:09","30 de jul. de 2026, 16:24","","Lateral Raise (Dumbbell)",,"",1,"failure",32,8,,,
"Back🦍","30 de jul. de 2026, 15:09","30 de jul. de 2026, 16:24","","Lateral Raise (Dumbbell)",,"",2,"failure",28,10,,,
"Back🦍","30 de jul. de 2026, 15:09","30 de jul. de 2026, 16:24","","rosca scott unilateral de pirraia",,"",0,"warmup",18,2,,,
"Back🦍","30 de jul. de 2026, 15:09","30 de jul. de 2026, 16:24","","rosca scott unilateral de pirraia",,"",1,"normal",18,5,,,
"cardio🚴","27 de jul. de 2026, 16:15","27 de jul. de 2026, 16:45","","Cycling",,"",0,"normal",,,7.5,1800,
"Hamstrings🦘","27 de jul. de 2026, 14:51","27 de jul. de 2026, 16:13","","Deadlift (Barbell)",,"strap rasgou antes da primeira rep da valida",0,"warmup",60,8,,,
"Hamstrings🦘","27 de jul. de 2026, 14:51","27 de jul. de 2026, 16:13","","Deadlift (Barbell)",,"strap rasgou antes da primeira rep da valida",1,"warmup",100,3,,,
"Hamstrings🦘","27 de jul. de 2026, 14:51","27 de jul. de 2026, 16:13","","Deadlift (Barbell)",,"strap rasgou antes da primeira rep da valida",2,"warmup",140,1,,,
"Hamstrings🦘","27 de jul. de 2026, 14:51","27 de jul. de 2026, 16:13","","Deadlift (Barbell)",,"strap rasgou antes da primeira rep da valida",3,"warmup",160,1,,,
"Hamstrings🦘","27 de jul. de 2026, 14:51","27 de jul. de 2026, 16:13","","Deadlift (Barbell)",,"strap rasgou antes da primeira rep da valida",4,"normal",140,2,,,
"Hamstrings🦘","27 de jul. de 2026, 14:51","27 de jul. de 2026, 16:13","","Hip Thrust (Machine)",,"",0,"warmup",70,6,,,
"Hamstrings🦘","27 de jul. de 2026, 14:51","27 de jul. de 2026, 16:13","","Hip Thrust (Machine)",,"",1,"warmup",90,1,,,
"Hamstrings🦘","27 de jul. de 2026, 14:51","27 de jul. de 2026, 16:13","","Hip Thrust (Machine)",,"",2,"normal",90,10,,,10
"Hamstrings🦘","27 de jul. de 2026, 14:51","27 de jul. de 2026, 16:13","","Leg Extension (Machine)",,"cluster set (5 blocos de 4 reps)",0,"warmup",70,6,,,
"Hamstrings🦘","27 de jul. de 2026, 14:51","27 de jul. de 2026, 16:13","","Leg Extension (Machine)",,"cluster set (5 blocos de 4 reps)",1,"warmup",104,3,,,
"Hamstrings🦘","27 de jul. de 2026, 14:51","27 de jul. de 2026, 16:13","","Leg Extension (Machine)",,"cluster set (5 blocos de 4 reps)",2,"normal",104,20,,,
"Hamstrings🦘","27 de jul. de 2026, 14:51","27 de jul. de 2026, 16:13","","Seated Leg Curl (Machine)",,"cluster set (4 blocos de 4 reps",0,"warmup",70,6,,,
"Hamstrings🦘","27 de jul. de 2026, 14:51","27 de jul. de 2026, 16:13","","Seated Leg Curl (Machine)",,"cluster set (4 blocos de 4 reps",1,"warmup",104,2,,,
"Hamstrings🦘","27 de jul. de 2026, 14:51","27 de jul. de 2026, 16:13","","Seated Leg Curl (Machine)",,"cluster set (4 blocos de 4 reps",2,"normal",104,16,,,10
"Hamstrings🦘","27 de jul. de 2026, 14:51","27 de jul. de 2026, 16:13","","Hip Adduction (Machine)",,"",0,"warmup",57,6,,,
"Hamstrings🦘","27 de jul. de 2026, 14:51","27 de jul. de 2026, 16:13","","Hip Adduction (Machine)",,"",1,"warmup",70,3,,,
"Hamstrings🦘","27 de jul. de 2026, 14:51","27 de jul. de 2026, 16:13","","Hip Adduction (Machine)",,"",2,"normal",77,6,,,10
"Hamstrings🦘","27 de jul. de 2026, 14:51","27 de jul. de 2026, 16:13","","Hip Adduction (Machine)",,"",3,"normal",70,4,,,
"Hamstrings🦘","27 de jul. de 2026, 14:51","27 de jul. de 2026, 16:13","","Calf Extension (Machine)",,"",0,"warmup",150,12,,,
"Hamstrings🦘","27 de jul. de 2026, 14:51","27 de jul. de 2026, 16:13","","Calf Extension (Machine)",,"",1,"normal",177.3,12,,,
"Hamstrings🦘","27 de jul. de 2026, 14:51","27 de jul. de 2026, 16:13","","Calf Extension (Machine)",,"",2,"normal",177.3,12,,,
"cardio🚴","25 de jul. de 2026, 17:07","25 de jul. de 2026, 17:37","","Cycling",,"",0,"normal",,,7.82,1800,
"upper 🦈","25 de jul. de 2026, 15:14","25 de jul. de 2026, 16:54","","Decline Bench Press (Machine)",,"",0,"warmup",40,12,,,
"upper 🦈","25 de jul. de 2026, 15:14","25 de jul. de 2026, 16:54","","Decline Bench Press (Machine)",,"",1,"warmup",70,4,,,
"upper 🦈","25 de jul. de 2026, 15:14","25 de jul. de 2026, 16:54","","Decline Bench Press (Machine)",,"",2,"warmup",90,3,,,
"upper 🦈","25 de jul. de 2026, 15:14","25 de jul. de 2026, 16:54","","Decline Bench Press (Machine)",,"",3,"normal",90,10,,,9
"upper 🦈","25 de jul. de 2026, 15:14","25 de jul. de 2026, 16:54","","Decline Bench Press (Machine)",,"",4,"normal",95,8,,,10
"upper 🦈","25 de jul. de 2026, 15:14","25 de jul. de 2026, 16:54","","Lat Pulldown (Cable)",,"",0,"warmup",52.3,12,,,
"upper 🦈","25 de jul. de 2026, 15:14","25 de jul. de 2026, 16:54","","Lat Pulldown (Cable)",,"",1,"warmup",79.5,4,,,
"upper 🦈","25 de jul. de 2026, 15:14","25 de jul. de 2026, 16:54","","Lat Pulldown (Cable)",,"",2,"warmup",100,2,,,
"upper 🦈","25 de jul. de 2026, 15:14","25 de jul. de 2026, 16:54","","Lat Pulldown (Cable)",,"",3,"normal",100,8,,,10
"upper 🦈","25 de jul. de 2026, 15:14","25 de jul. de 2026, 16:54","","Lat Pulldown (Cable)",,"",4,"normal",93.2,8,,,
"upper 🦈","25 de jul. de 2026, 15:14","25 de jul. de 2026, 16:54","","Seated Shoulder Press (Machine)",,"",0,"warmup",84,3,,,
"upper 🦈","25 de jul. de 2026, 15:14","25 de jul. de 2026, 16:54","","Seated Shoulder Press (Machine)",,"",1,"normal",90,12,,,10
"upper 🦈","25 de jul. de 2026, 15:14","25 de jul. de 2026, 16:54","","Iso-Lateral Row (Machine)",,"",0,"warmup",45,2,,,
"upper 🦈","25 de jul. de 2026, 15:14","25 de jul. de 2026, 16:54","","Iso-Lateral Row (Machine)",,"",1,"normal",50,9,,,10
"upper 🦈","25 de jul. de 2026, 15:14","25 de jul. de 2026, 16:54","","Lateral Raise (Dumbbell)",,"",0,"warmup",28,3,,,
"upper 🦈","25 de jul. de 2026, 15:14","25 de jul. de 2026, 16:54","","Lateral Raise (Dumbbell)",,"",1,"normal",32,8,,,10
"upper 🦈","25 de jul. de 2026, 15:14","25 de jul. de 2026, 16:54","","Overhead Triceps Extension (Cable)",,"",0,"warmup",32.5,3,,,
"upper 🦈","25 de jul. de 2026, 15:14","25 de jul. de 2026, 16:54","","Overhead Triceps Extension (Cable)",,"",1,"normal",32.5,10,,,9
"upper 🦈","25 de jul. de 2026, 15:14","25 de jul. de 2026, 16:54","","Preacher Curl (Machine)",,"",0,"warmup",77,3,,,
"upper 🦈","25 de jul. de 2026, 15:14","25 de jul. de 2026, 16:54","","Preacher Curl (Machine)",,"",1,"normal",77,8,,,10
"cardio🪜","21 de jul. de 2026, 16:33","21 de jul. de 2026, 17:09","","Stair Machine (Steps)",,"",0,"normal",,,,2160,
"Chest🐓","21 de jul. de 2026, 15:14","21 de jul. de 2026, 16:28","","Chest Fly (Machine)",,"",0,"warmup",52.3,12,,,
"Chest🐓","21 de jul. de 2026, 15:14","21 de jul. de 2026, 16:28","","Chest Fly (Machine)",,"",1,"warmup",79.5,5,,,
"Chest🐓","21 de jul. de 2026, 15:14","21 de jul. de 2026, 16:28","","Chest Fly (Machine)",,"",2,"warmup",100,1,,,
"Chest🐓","21 de jul. de 2026, 15:14","21 de jul. de 2026, 16:28","","Chest Fly (Machine)",,"",3,"normal",100,10,,,10
"Chest🐓","21 de jul. de 2026, 15:14","21 de jul. de 2026, 16:28","","Chest Fly (Machine)",,"",4,"normal",100,6,,,
"Chest🐓","21 de jul. de 2026, 15:14","21 de jul. de 2026, 16:28","","Incline Bench Press (Dumbbell)",,"",0,"warmup",52,6,,,
"Chest🐓","21 de jul. de 2026, 15:14","21 de jul. de 2026, 16:28","","Incline Bench Press (Dumbbell)",,"",1,"warmup",72,2,,,
"Chest🐓","21 de jul. de 2026, 15:14","21 de jul. de 2026, 16:28","","Incline Bench Press (Dumbbell)",,"",2,"normal",72,10,,,9.5
"Chest🐓","21 de jul. de 2026, 15:14","21 de jul. de 2026, 16:28","","Decline Bench Press (Machine)",,"",0,"warmup",90,2,,,
"Chest🐓","21 de jul. de 2026, 15:14","21 de jul. de 2026, 16:28","","Decline Bench Press (Machine)",,"",1,"normal",90,9,,,10
"Chest🐓","21 de jul. de 2026, 15:14","21 de jul. de 2026, 16:28","","Single Arm Lateral Raise (Cable)",,"",0,"warmup",7.5,3,,,
"Chest🐓","21 de jul. de 2026, 15:14","21 de jul. de 2026, 16:28","","Single Arm Lateral Raise (Cable)",,"",1,"failure",7.5,12,,,
"Chest🐓","21 de jul. de 2026, 15:14","21 de jul. de 2026, 16:28","","Single Arm Lateral Raise (Cable)",,"",2,"failure",7.5,8,,,
"Chest🐓","21 de jul. de 2026, 15:14","21 de jul. de 2026, 16:28","","Triceps Pushdown",,"",0,"warmup",30,5,,,
"Chest🐓","21 de jul. de 2026, 15:14","21 de jul. de 2026, 16:28","","Triceps Pushdown",,"",1,"failure",32.5,9,,,10
"Chest🐓","21 de jul. de 2026, 15:14","21 de jul. de 2026, 16:28","","Triceps Pushdown",,"",2,"normal",30,8,,,
"cardio🚴🇪🇸","20 de jul. de 2026, 16:57","20 de jul. de 2026, 17:33","","Cycling",,"",0,"normal",,,9.1,2160,
"Hamstrings🦘","20 de jul. de 2026, 15:09","20 de jul. de 2026, 16:51","Treino de comemoração.🇪🇸","Deadlift (Barbell)",,"",0,"warmup",60,8,,,
"Hamstrings🦘","20 de jul. de 2026, 15:09","20 de jul. de 2026, 16:51","Treino de comemoração.🇪🇸","Deadlift (Barbell)",,"",1,"warmup",100,3,,,
"Hamstrings🦘","20 de jul. de 2026, 15:09","20 de jul. de 2026, 16:51","Treino de comemoração.🇪🇸","Deadlift (Barbell)",,"",2,"warmup",140,1,,,
"Hamstrings🦘","20 de jul. de 2026, 15:09","20 de jul. de 2026, 16:51","Treino de comemoração.🇪🇸","Deadlift (Barbell)",,"",3,"warmup",160,1,,,
"Hamstrings🦘","20 de jul. de 2026, 15:09","20 de jul. de 2026, 16:51","Treino de comemoração.🇪🇸","Deadlift (Barbell)",,"",4,"normal",180,4,,,10
"Hamstrings🦘","20 de jul. de 2026, 15:09","20 de jul. de 2026, 16:51","Treino de comemoração.🇪🇸","Hip Thrust (Machine)",,"",0,"warmup",70,6,,,
"Hamstrings🦘","20 de jul. de 2026, 15:09","20 de jul. de 2026, 16:51","Treino de comemoração.🇪🇸","Hip Thrust (Machine)",,"",1,"warmup",90,1,,,
"Hamstrings🦘","20 de jul. de 2026, 15:09","20 de jul. de 2026, 16:51","Treino de comemoração.🇪🇸","Hip Thrust (Machine)",,"",2,"normal",90,9,,,10
"Hamstrings🦘","20 de jul. de 2026, 15:09","20 de jul. de 2026, 16:51","Treino de comemoração.🇪🇸","Leg Extension (Machine)",,"",0,"warmup",57,12,,,
"Hamstrings🦘","20 de jul. de 2026, 15:09","20 de jul. de 2026, 16:51","Treino de comemoração.🇪🇸","Leg Extension (Machine)",,"",1,"warmup",104,3,,,
"Hamstrings🦘","20 de jul. de 2026, 15:09","20 de jul. de 2026, 16:51","Treino de comemoração.🇪🇸","Leg Extension (Machine)",,"",2,"normal",104,12,,,8.5
"Hamstrings🦘","20 de jul. de 2026, 15:09","20 de jul. de 2026, 16:51","Treino de comemoração.🇪🇸","Leg Extension (Machine)",,"",3,"normal",104,12,,,
"Hamstrings🦘","20 de jul. de 2026, 15:09","20 de jul. de 2026, 16:51","Treino de comemoração.🇪🇸","Seated Leg Curl (Machine)",,"",0,"warmup",70,6,,,
"Hamstrings🦘","20 de jul. de 2026, 15:09","20 de jul. de 2026, 16:51","Treino de comemoração.🇪🇸","Seated Leg Curl (Machine)",,"",1,"warmup",104,2,,,
"Hamstrings🦘","20 de jul. de 2026, 15:09","20 de jul. de 2026, 16:51","Treino de comemoração.🇪🇸","Seated Leg Curl (Machine)",,"",2,"normal",104,12,,,9
"Hamstrings🦘","20 de jul. de 2026, 15:09","20 de jul. de 2026, 16:51","Treino de comemoração.🇪🇸","Seated Leg Curl (Machine)",,"",3,"normal",104,8,,,
"Hamstrings🦘","20 de jul. de 2026, 15:09","20 de jul. de 2026, 16:51","Treino de comemoração.🇪🇸","Calf Extension (Machine)",,"",0,"warmup",150,15,,,
"Hamstrings🦘","20 de jul. de 2026, 15:09","20 de jul. de 2026, 16:51","Treino de comemoração.🇪🇸","Calf Extension (Machine)",,"",1,"normal",177.3,15,,,
"Hamstrings🦘","20 de jul. de 2026, 15:09","20 de jul. de 2026, 16:51","Treino de comemoração.🇪🇸","Calf Extension (Machine)",,"",2,"normal",177.3,15,,,
"cardio🚴","18 de jul. de 2026, 15:39","18 de jul. de 2026, 15:59","","Cycling",,"",0,"normal",,,5.04,1200,
"upper 🦈🌱","18 de jul. de 2026, 14:10","18 de jul. de 2026, 15:33","","Decline Bench Press (Machine)",,"",0,"warmup",40,10,,,
"upper 🦈🌱","18 de jul. de 2026, 14:10","18 de jul. de 2026, 15:33","","Decline Bench Press (Machine)",,"",1,"warmup",70,4,,,
"upper 🦈🌱","18 de jul. de 2026, 14:10","18 de jul. de 2026, 15:33","","Decline Bench Press (Machine)",,"",2,"warmup",85,2,,,
"upper 🦈🌱","18 de jul. de 2026, 14:10","18 de jul. de 2026, 15:33","","Decline Bench Press (Machine)",,"",3,"normal",85,11,,,9
"upper 🦈🌱","18 de jul. de 2026, 14:10","18 de jul. de 2026, 15:33","","Decline Bench Press (Machine)",,"",4,"normal",90,8,,,
"upper 🦈🌱","18 de jul. de 2026, 14:10","18 de jul. de 2026, 15:33","","Lat Pulldown (Cable)",,"",0,"warmup",52.3,10,,,
"upper 🦈🌱","18 de jul. de 2026, 14:10","18 de jul. de 2026, 15:33","","Lat Pulldown (Cable)",,"",1,"warmup",79.5,4,,,
"upper 🦈🌱","18 de jul. de 2026, 14:10","18 de jul. de 2026, 15:33","","Lat Pulldown (Cable)",,"",2,"warmup",93.2,3,,,
"upper 🦈🌱","18 de jul. de 2026, 14:10","18 de jul. de 2026, 15:33","","Lat Pulldown (Cable)",,"",3,"normal",100,7,,,10
"upper 🦈🌱","18 de jul. de 2026, 14:10","18 de jul. de 2026, 15:33","","Lat Pulldown (Cable)",,"",4,"normal",93.2,7,,,
"upper 🦈🌱","18 de jul. de 2026, 14:10","18 de jul. de 2026, 15:33","","Iso-Lateral Chest Press (Machine)",,"",0,"warmup",120,3,,,
"upper 🦈🌱","18 de jul. de 2026, 14:10","18 de jul. de 2026, 15:33","","Iso-Lateral Chest Press (Machine)",,"",1,"normal",120,8,,,10
"upper 🦈🌱","18 de jul. de 2026, 14:10","18 de jul. de 2026, 15:33","","Iso-Lateral Row (Machine)",,"",0,"warmup",45,2,,,
"upper 🦈🌱","18 de jul. de 2026, 14:10","18 de jul. de 2026, 15:33","","Iso-Lateral Row (Machine)",,"",1,"normal",50,8,,,
"upper 🦈🌱","18 de jul. de 2026, 14:10","18 de jul. de 2026, 15:33","","Lateral Raise (Dumbbell)",,"",0,"warmup",32,3,,,
"upper 🦈🌱","18 de jul. de 2026, 14:10","18 de jul. de 2026, 15:33","","Lateral Raise (Dumbbell)",,"",1,"normal",32,8,,,
"upper 🦈🌱","18 de jul. de 2026, 14:10","18 de jul. de 2026, 15:33","","Overhead Triceps Extension (Cable)",,"",0,"warmup",35,3,,,
"upper 🦈🌱","18 de jul. de 2026, 14:10","18 de jul. de 2026, 15:33","","Overhead Triceps Extension (Cable)",,"",1,"failure",35,9,,,10
"upper 🦈🌱","18 de jul. de 2026, 14:10","18 de jul. de 2026, 15:33","","Preacher Curl (Machine)",,"",0,"warmup",77,3,,,
"upper 🦈🌱","18 de jul. de 2026, 14:10","18 de jul. de 2026, 15:33","","Preacher Curl (Machine)",,"",1,"normal",77,7,,,10
"Cicleta 🚴","17 de jul. de 2026, 17:26","17 de jul. de 2026, 18:06","","Cycling",,"",0,"normal",,,9.56,2400,
"Quads🐎","17 de jul. de 2026, 15:23","17 de jul. de 2026, 17:02","","Calf Extension (Machine)",,"",0,"warmup",150,12,,,
"Quads🐎","17 de jul. de 2026, 15:23","17 de jul. de 2026, 17:02","","Calf Extension (Machine)",,"",1,"normal",177.3,12,,,
"Quads🐎","17 de jul. de 2026, 15:23","17 de jul. de 2026, 17:02","","Calf Extension (Machine)",,"",2,"normal",177.3,12,,,
"Quads🐎","17 de jul. de 2026, 15:23","17 de jul. de 2026, 17:02","","Squat (Barbell)",,"",0,"warmup",60,10,,,
"Quads🐎","17 de jul. de 2026, 15:23","17 de jul. de 2026, 17:02","","Squat (Barbell)",,"",1,"warmup",100,4,,,
"Quads🐎","17 de jul. de 2026, 15:23","17 de jul. de 2026, 17:02","","Squat (Barbell)",,"",2,"warmup",110,1,,,
"Quads🐎","17 de jul. de 2026, 15:23","17 de jul. de 2026, 17:02","","Squat (Barbell)",,"",3,"warmup",120,1,,,
"Quads🐎","17 de jul. de 2026, 15:23","17 de jul. de 2026, 17:02","","Squat (Barbell)",,"",4,"normal",120,9,,,10
"Quads🐎","17 de jul. de 2026, 15:23","17 de jul. de 2026, 17:02","","Seated Leg Curl (Machine)",,"",0,"warmup",70,7,,,
"Quads🐎","17 de jul. de 2026, 15:23","17 de jul. de 2026, 17:02","","Seated Leg Curl (Machine)",,"",1,"warmup",104,3,,,
"Quads🐎","17 de jul. de 2026, 15:23","17 de jul. de 2026, 17:02","","Seated Leg Curl (Machine)",,"",2,"normal",104,11,,,
"Quads🐎","17 de jul. de 2026, 15:23","17 de jul. de 2026, 17:02","","Leg Extension (Machine)",,"",0,"warmup",57,10,,,
"Quads🐎","17 de jul. de 2026, 15:23","17 de jul. de 2026, 17:02","","Leg Extension (Machine)",,"",1,"warmup",70,3,,,
"Quads🐎","17 de jul. de 2026, 15:23","17 de jul. de 2026, 17:02","","Leg Extension (Machine)",,"",2,"warmup",104,3,,,
"Quads🐎","17 de jul. de 2026, 15:23","17 de jul. de 2026, 17:02","","Leg Extension (Machine)",,"",3,"normal",104,12,,,
"Quads🐎","17 de jul. de 2026, 15:23","17 de jul. de 2026, 17:02","","Leg Extension (Machine)",,"",4,"normal",104,8,,,
"Quads🐎","17 de jul. de 2026, 15:23","17 de jul. de 2026, 17:02","","Hip Adduction (Machine)",,"",0,"warmup",50,8,,,
"Quads🐎","17 de jul. de 2026, 15:23","17 de jul. de 2026, 17:02","","Hip Adduction (Machine)",,"",1,"warmup",77,3,,,
"Quads🐎","17 de jul. de 2026, 15:23","17 de jul. de 2026, 17:02","","Hip Adduction (Machine)",,"",2,"normal",77,8,,,10
"Quads🐎","17 de jul. de 2026, 15:23","17 de jul. de 2026, 17:02","","Hip Adduction (Machine)",,"",3,"normal",70,8,,,
"cardio 🚴","16 de jul. de 2026, 16:54","16 de jul. de 2026, 17:54","","Cycling",,"",0,"normal",,,14.23,3600,
"Back🦍","16 de jul. de 2026, 15:41","16 de jul. de 2026, 16:52","","Lat Pulldown (Cable)",,"aumentar próximo treino",0,"warmup",52.3,12,,,
"Back🦍","16 de jul. de 2026, 15:41","16 de jul. de 2026, 16:52","","Lat Pulldown (Cable)",,"aumentar próximo treino",1,"warmup",79.5,5,,,
"Back🦍","16 de jul. de 2026, 15:41","16 de jul. de 2026, 16:52","","Lat Pulldown (Cable)",,"aumentar próximo treino",2,"warmup",93.2,3,,,
"Back🦍","16 de jul. de 2026, 15:41","16 de jul. de 2026, 16:52","","Lat Pulldown (Cable)",,"aumentar próximo treino",3,"normal",93.2,10,,,
"Back🦍","16 de jul. de 2026, 15:41","16 de jul. de 2026, 16:52","","Lat Pulldown (Cable)",,"aumentar próximo treino",4,"normal",93.2,7,,,
"Back🦍","16 de jul. de 2026, 15:41","16 de jul. de 2026, 16:52","","Iso-Lateral Row (Machine)",,"",0,"warmup",40,3,,,
"Back🦍","16 de jul. de 2026, 15:41","16 de jul. de 2026, 16:52","","Iso-Lateral Row (Machine)",,"",1,"normal",47.5,10,,,10
"Back🦍","16 de jul. de 2026, 15:41","16 de jul. de 2026, 16:52","","Rear Delt Reverse Fly (Machine)",,"",0,"warmup",79.5,3,,,
"Back🦍","16 de jul. de 2026, 15:41","16 de jul. de 2026, 16:52","","Rear Delt Reverse Fly (Machine)",,"",1,"normal",79.5,10,,,
"Back🦍","16 de jul. de 2026, 15:41","16 de jul. de 2026, 16:52","","Rear Delt Reverse Fly (Machine)",,"",2,"normal",79.5,7,,,
"Back🦍","16 de jul. de 2026, 15:41","16 de jul. de 2026, 16:52","","Lateral Raise (Dumbbell)",,"",0,"warmup",32,3,,,
"Back🦍","16 de jul. de 2026, 15:41","16 de jul. de 2026, 16:52","","Lateral Raise (Dumbbell)",,"",1,"failure",32,9,,,
"Back🦍","16 de jul. de 2026, 15:41","16 de jul. de 2026, 16:52","","Lateral Raise (Dumbbell)",,"",2,"failure",32,6,,,
"Back🦍","16 de jul. de 2026, 15:41","16 de jul. de 2026, 16:52","","rosca scott unilateral de pirraia",,"",0,"warmup",16,3,,,
"Back🦍","16 de jul. de 2026, 15:41","16 de jul. de 2026, 16:52","","rosca scott unilateral de pirraia",,"",1,"normal",18,6,,,10
"cardio 🪜","14 de jul. de 2026, 16:52","14 de jul. de 2026, 17:22","","Stair Machine (Steps)",,"",0,"normal",,,,1800,
"Chest🐓","14 de jul. de 2026, 15:40","14 de jul. de 2026, 16:47","","Chest Fly (Machine)",,"",0,"warmup",52.3,12,,,
"Chest🐓","14 de jul. de 2026, 15:40","14 de jul. de 2026, 16:47","","Chest Fly (Machine)",,"",1,"warmup",79.5,4,,,
"Chest🐓","14 de jul. de 2026, 15:40","14 de jul. de 2026, 16:47","","Chest Fly (Machine)",,"",2,"warmup",100,2,,,
"Chest🐓","14 de jul. de 2026, 15:40","14 de jul. de 2026, 16:47","","Chest Fly (Machine)",,"",3,"normal",100,6,,,10
"Chest🐓","14 de jul. de 2026, 15:40","14 de jul. de 2026, 16:47","","Chest Fly (Machine)",,"",4,"normal",93.2,7,,,
"Chest🐓","14 de jul. de 2026, 15:40","14 de jul. de 2026, 16:47","","Incline Bench Press (Dumbbell)",,"",0,"warmup",52,6,,,
"Chest🐓","14 de jul. de 2026, 15:40","14 de jul. de 2026, 16:47","","Incline Bench Press (Dumbbell)",,"",1,"warmup",72,2,,,
"Chest🐓","14 de jul. de 2026, 15:40","14 de jul. de 2026, 16:47","","Incline Bench Press (Dumbbell)",,"",2,"normal",72,9,,,10
"Chest🐓","14 de jul. de 2026, 15:40","14 de jul. de 2026, 16:47","","Decline Bench Press (Machine)",,"",0,"warmup",80,2,,,
"Chest🐓","14 de jul. de 2026, 15:40","14 de jul. de 2026, 16:47","","Decline Bench Press (Machine)",,"",1,"normal",80,10,,,10
"Chest🐓","14 de jul. de 2026, 15:40","14 de jul. de 2026, 16:47","","Single Arm Lateral Raise (Cable)",,"",0,"warmup",7.5,3,,,
"Chest🐓","14 de jul. de 2026, 15:40","14 de jul. de 2026, 16:47","","Single Arm Lateral Raise (Cable)",,"",1,"failure",7.5,10,,,
"Chest🐓","14 de jul. de 2026, 15:40","14 de jul. de 2026, 16:47","","Single Arm Lateral Raise (Cable)",,"",2,"failure",7.5,7,,,
"Chest🐓","14 de jul. de 2026, 15:40","14 de jul. de 2026, 16:47","","Triceps Pushdown",,"",0,"warmup",35,3,,,
"Chest🐓","14 de jul. de 2026, 15:40","14 de jul. de 2026, 16:47","","Triceps Pushdown",,"",1,"failure",35,6,,,
"Chest🐓","14 de jul. de 2026, 15:40","14 de jul. de 2026, 16:47","","Triceps Pushdown",,"",2,"normal",32.5,6,,,
"Hamstrings🦘","13 de jul. de 2026, 19:53","13 de jul. de 2026, 21:22","","Deadlift (Barbell)",,"",0,"warmup",60,7,,,
"Hamstrings🦘","13 de jul. de 2026, 19:53","13 de jul. de 2026, 21:22","","Deadlift (Barbell)",,"",1,"warmup",100,3,,,
"Hamstrings🦘","13 de jul. de 2026, 19:53","13 de jul. de 2026, 21:22","","Deadlift (Barbell)",,"",2,"warmup",140,1,,,
"Hamstrings🦘","13 de jul. de 2026, 19:53","13 de jul. de 2026, 21:22","","Deadlift (Barbell)",,"",3,"warmup",160,1,,,
"Hamstrings🦘","13 de jul. de 2026, 19:53","13 de jul. de 2026, 21:22","","Deadlift (Barbell)",,"",4,"normal",180,4,,,10
"Hamstrings🦘","13 de jul. de 2026, 19:53","13 de jul. de 2026, 21:22","","Hip Thrust (Machine)",,"",0,"warmup",60,6,,,
"Hamstrings🦘","13 de jul. de 2026, 19:53","13 de jul. de 2026, 21:22","","Hip Thrust (Machine)",,"",1,"warmup",95,1,,,
"Hamstrings🦘","13 de jul. de 2026, 19:53","13 de jul. de 2026, 21:22","","Hip Thrust (Machine)",,"",2,"normal",90,8,,,10
"Hamstrings🦘","13 de jul. de 2026, 19:53","13 de jul. de 2026, 21:22","","Leg Extension (Machine)",,"",0,"warmup",70,5,,,
"Hamstrings🦘","13 de jul. de 2026, 19:53","13 de jul. de 2026, 21:22","","Leg Extension (Machine)",,"",1,"warmup",104,3,,,
"Hamstrings🦘","13 de jul. de 2026, 19:53","13 de jul. de 2026, 21:22","","Leg Extension (Machine)",,"",2,"normal",104,12,,,
"Hamstrings🦘","13 de jul. de 2026, 19:53","13 de jul. de 2026, 21:22","","Leg Extension (Machine)",,"",3,"normal",104,11,,,
"Hamstrings🦘","13 de jul. de 2026, 19:53","13 de jul. de 2026, 21:22","","Seated Leg Curl (Machine)",,"",0,"warmup",70,6,,,
"Hamstrings🦘","13 de jul. de 2026, 19:53","13 de jul. de 2026, 21:22","","Seated Leg Curl (Machine)",,"",1,"warmup",104,2,,,
"Hamstrings🦘","13 de jul. de 2026, 19:53","13 de jul. de 2026, 21:22","","Seated Leg Curl (Machine)",,"",2,"normal",104,11,,,10
"Hamstrings🦘","13 de jul. de 2026, 19:53","13 de jul. de 2026, 21:22","","Seated Leg Curl (Machine)",,"",3,"normal",104,6,,,
"Hamstrings🦘","13 de jul. de 2026, 19:53","13 de jul. de 2026, 21:22","","Calf Extension (Machine)",,"",0,"warmup",150,12,,,
"Hamstrings🦘","13 de jul. de 2026, 19:53","13 de jul. de 2026, 21:22","","Calf Extension (Machine)",,"",1,"normal",177.3,15,,,
"Hamstrings🦘","13 de jul. de 2026, 19:53","13 de jul. de 2026, 21:22","","Calf Extension (Machine)",,"",2,"normal",177.3,15,,,
"Quads🐎","10 de jul. de 2026, 18:52","10 de jul. de 2026, 20:14","","Calf Extension (Machine)",,"",0,"warmup",150,12,,,
"Quads🐎","10 de jul. de 2026, 18:52","10 de jul. de 2026, 20:14","","Calf Extension (Machine)",,"",1,"normal",177.3,12,,,
"Quads🐎","10 de jul. de 2026, 18:52","10 de jul. de 2026, 20:14","","Calf Extension (Machine)",,"",2,"normal",177.3,12,,,
"Quads🐎","10 de jul. de 2026, 18:52","10 de jul. de 2026, 20:14","","Squat (Barbell)",,"",0,"warmup",60,10,,,
"Quads🐎","10 de jul. de 2026, 18:52","10 de jul. de 2026, 20:14","","Squat (Barbell)",,"",1,"warmup",100,4,,,
"Quads🐎","10 de jul. de 2026, 18:52","10 de jul. de 2026, 20:14","","Squat (Barbell)",,"",2,"warmup",120,1,,,
"Quads🐎","10 de jul. de 2026, 18:52","10 de jul. de 2026, 20:14","","Squat (Barbell)",,"",3,"normal",120,8,,,10
"Quads🐎","10 de jul. de 2026, 18:52","10 de jul. de 2026, 20:14","","Seated Leg Curl (Machine)",,"",0,"warmup",70,6,,,
"Quads🐎","10 de jul. de 2026, 18:52","10 de jul. de 2026, 20:14","","Seated Leg Curl (Machine)",,"",1,"warmup",104,3,,,
"Quads🐎","10 de jul. de 2026, 18:52","10 de jul. de 2026, 20:14","","Seated Leg Curl (Machine)",,"",2,"normal",104,12,,,9.5
"Quads🐎","10 de jul. de 2026, 18:52","10 de jul. de 2026, 20:14","","Leg Extension (Machine)",,"",0,"warmup",70,6,,,
"Quads🐎","10 de jul. de 2026, 18:52","10 de jul. de 2026, 20:14","","Leg Extension (Machine)",,"",1,"warmup",104,3,,,
"Quads🐎","10 de jul. de 2026, 18:52","10 de jul. de 2026, 20:14","","Leg Extension (Machine)",,"",2,"normal",104,10,,,
"Quads🐎","10 de jul. de 2026, 18:52","10 de jul. de 2026, 20:14","","Leg Extension (Machine)",,"",3,"normal",104,10,,,
"Quads🐎","10 de jul. de 2026, 18:52","10 de jul. de 2026, 20:14","","Hip Adduction (Machine)",,"",0,"warmup",63,3,,,
"Quads🐎","10 de jul. de 2026, 18:52","10 de jul. de 2026, 20:14","","Hip Adduction (Machine)",,"",1,"normal",70,10,,,
"Quads🐎","10 de jul. de 2026, 18:52","10 de jul. de 2026, 20:14","","Hip Adduction (Machine)",,"",2,"normal",70,6,,,
"cardio 🏜️🐫","9 de jul. de 2026, 16:34","9 de jul. de 2026, 17:34","","Stair Machine (Steps)",,"",0,"normal",,,,3600,
"Chest🐓","9 de jul. de 2026, 15:15","9 de jul. de 2026, 16:27","","Chest Fly (Machine)",,"",0,"warmup",52.3,12,,,
"Chest🐓","9 de jul. de 2026, 15:15","9 de jul. de 2026, 16:27","","Chest Fly (Machine)",,"",1,"warmup",79.5,4,,,
"Chest🐓","9 de jul. de 2026, 15:15","9 de jul. de 2026, 16:27","","Chest Fly (Machine)",,"",2,"warmup",100,2,,,
"Chest🐓","9 de jul. de 2026, 15:15","9 de jul. de 2026, 16:27","","Chest Fly (Machine)",,"",3,"normal",93.5,10,,,10
"Chest🐓","9 de jul. de 2026, 15:15","9 de jul. de 2026, 16:27","","Chest Fly (Machine)",,"",4,"normal",93.2,6,,,
"Chest🐓","9 de jul. de 2026, 15:15","9 de jul. de 2026, 16:27","","Incline Bench Press (Dumbbell)",,"",0,"warmup",52,6,,,
"Chest🐓","9 de jul. de 2026, 15:15","9 de jul. de 2026, 16:27","","Incline Bench Press (Dumbbell)",,"",1,"warmup",72,3,,,
"Chest🐓","9 de jul. de 2026, 15:15","9 de jul. de 2026, 16:27","","Incline Bench Press (Dumbbell)",,"",2,"normal",72,9,,,10
"Chest🐓","9 de jul. de 2026, 15:15","9 de jul. de 2026, 16:27","","Decline Bench Press (Machine)",,"",0,"warmup",85,3,,,
"Chest🐓","9 de jul. de 2026, 15:15","9 de jul. de 2026, 16:27","","Decline Bench Press (Machine)",,"",1,"normal",80,8,,,10
"Chest🐓","9 de jul. de 2026, 15:15","9 de jul. de 2026, 16:27","","Single Arm Lateral Raise (Cable)",,"",0,"warmup",7.5,3,,,
"Chest🐓","9 de jul. de 2026, 15:15","9 de jul. de 2026, 16:27","","Single Arm Lateral Raise (Cable)",,"",1,"failure",7.5,9,,,
"Chest🐓","9 de jul. de 2026, 15:15","9 de jul. de 2026, 16:27","","Single Arm Lateral Raise (Cable)",,"",2,"failure",7.5,8,,,
"Chest🐓","9 de jul. de 2026, 15:15","9 de jul. de 2026, 16:27","","Triceps Pushdown",,"",0,"warmup",35,3,,,
"Chest🐓","9 de jul. de 2026, 15:15","9 de jul. de 2026, 16:27","","Triceps Pushdown",,"",1,"failure",35,8,,,10
"Back🦍","7 de jul. de 2026, 19:40","7 de jul. de 2026, 20:59","","Lat Pulldown (Cable)",,"",0,"warmup",52.3,10,,,
"Back🦍","7 de jul. de 2026, 19:40","7 de jul. de 2026, 20:59","","Lat Pulldown (Cable)",,"",1,"warmup",79.5,5,,,
"Back🦍","7 de jul. de 2026, 19:40","7 de jul. de 2026, 20:59","","Lat Pulldown (Cable)",,"",2,"warmup",93.2,3,,,
"Back🦍","7 de jul. de 2026, 19:40","7 de jul. de 2026, 20:59","","Lat Pulldown (Cable)",,"",3,"normal",93.2,11,,,10
"Back🦍","7 de jul. de 2026, 19:40","7 de jul. de 2026, 20:59","","Lat Pulldown (Cable)",,"",4,"normal",93.2,8,,,
"Back🦍","7 de jul. de 2026, 19:40","7 de jul. de 2026, 20:59","","Iso-Lateral Row (Machine)",,"",0,"warmup",40,3,,,
"Back🦍","7 de jul. de 2026, 19:40","7 de jul. de 2026, 20:59","","Iso-Lateral Row (Machine)",,"",1,"normal",47.5,9,,,9.5
"Back🦍","7 de jul. de 2026, 19:40","7 de jul. de 2026, 20:59","","Rear Delt Reverse Fly (Machine)",,"",0,"warmup",72.7,3,,,
"Back🦍","7 de jul. de 2026, 19:40","7 de jul. de 2026, 20:59","","Rear Delt Reverse Fly (Machine)",,"",1,"normal",79.5,9,,,10
"Back🦍","7 de jul. de 2026, 19:40","7 de jul. de 2026, 20:59","","Rear Delt Reverse Fly (Machine)",,"",2,"normal",72.7,11,,,
"Back🦍","7 de jul. de 2026, 19:40","7 de jul. de 2026, 20:59","","Lateral Raise (Dumbbell)",,"",0,"warmup",32,3,,,
"Back🦍","7 de jul. de 2026, 19:40","7 de jul. de 2026, 20:59","","Lateral Raise (Dumbbell)",,"",1,"failure",32,8,,,10
"Back🦍","7 de jul. de 2026, 19:40","7 de jul. de 2026, 20:59","","Lateral Raise (Dumbbell)",,"",2,"failure",28,8,,,
"Back🦍","7 de jul. de 2026, 19:40","7 de jul. de 2026, 20:59","","rosca scott unilateral de pirraia",,"",0,"warmup",16,3,,,
"Back🦍","7 de jul. de 2026, 19:40","7 de jul. de 2026, 20:59","","rosca scott unilateral de pirraia",,"",1,"normal",16,10,,,10
"Back🦍","7 de jul. de 2026, 19:40","7 de jul. de 2026, 20:59","","rosca scott unilateral de pirraia",,"",2,"normal",14,9,,,
"upper 🦈🌱","4 de jul. de 2026, 13:55","4 de jul. de 2026, 15:21","Evitando treinar muito pra não ficar assim.👇🏽","Decline Bench Press (Machine)",,"",0,"warmup",60,10,,,
"upper 🦈🌱","4 de jul. de 2026, 13:55","4 de jul. de 2026, 15:21","Evitando treinar muito pra não ficar assim.👇🏽","Decline Bench Press (Machine)",,"",1,"warmup",85,3,,,
"upper 🦈🌱","4 de jul. de 2026, 13:55","4 de jul. de 2026, 15:21","Evitando treinar muito pra não ficar assim.👇🏽","Decline Bench Press (Machine)",,"",2,"normal",85,9,,,9.5
"upper 🦈🌱","4 de jul. de 2026, 13:55","4 de jul. de 2026, 15:21","Evitando treinar muito pra não ficar assim.👇🏽","Decline Bench Press (Machine)",,"",3,"normal",85,7,,,
"upper 🦈🌱","4 de jul. de 2026, 13:55","4 de jul. de 2026, 15:21","Evitando treinar muito pra não ficar assim.👇🏽","Lat Pulldown (Cable)",,"",0,"warmup",52.3,10,,,
"upper 🦈🌱","4 de jul. de 2026, 13:55","4 de jul. de 2026, 15:21","Evitando treinar muito pra não ficar assim.👇🏽","Lat Pulldown (Cable)",,"",1,"warmup",79.5,4,,,
"upper 🦈🌱","4 de jul. de 2026, 13:55","4 de jul. de 2026, 15:21","Evitando treinar muito pra não ficar assim.👇🏽","Lat Pulldown (Cable)",,"",2,"warmup",93.2,3,,,
"upper 🦈🌱","4 de jul. de 2026, 13:55","4 de jul. de 2026, 15:21","Evitando treinar muito pra não ficar assim.👇🏽","Lat Pulldown (Cable)",,"",3,"normal",93.2,8,,,
"upper 🦈🌱","4 de jul. de 2026, 13:55","4 de jul. de 2026, 15:21","Evitando treinar muito pra não ficar assim.👇🏽","Lat Pulldown (Cable)",,"",4,"normal",86.4,8,,,
"upper 🦈🌱","4 de jul. de 2026, 13:55","4 de jul. de 2026, 15:21","Evitando treinar muito pra não ficar assim.👇🏽","Seated Shoulder Press (Machine)",,"",0,"warmup",84,3,,,
"upper 🦈🌱","4 de jul. de 2026, 13:55","4 de jul. de 2026, 15:21","Evitando treinar muito pra não ficar assim.👇🏽","Seated Shoulder Press (Machine)",,"",1,"normal",90,10,,,10
"upper 🦈🌱","4 de jul. de 2026, 13:55","4 de jul. de 2026, 15:21","Evitando treinar muito pra não ficar assim.👇🏽","Iso-Lateral Row (Machine)",,"",0,"warmup",47.5,3,,,
"upper 🦈🌱","4 de jul. de 2026, 13:55","4 de jul. de 2026, 15:21","Evitando treinar muito pra não ficar assim.👇🏽","Iso-Lateral Row (Machine)",,"",1,"normal",47.5,9,,,10
"upper 🦈🌱","4 de jul. de 2026, 13:55","4 de jul. de 2026, 15:21","Evitando treinar muito pra não ficar assim.👇🏽","Lateral Raise (Dumbbell)",,"",0,"warmup",32,5,,,
"upper 🦈🌱","4 de jul. de 2026, 13:55","4 de jul. de 2026, 15:21","Evitando treinar muito pra não ficar assim.👇🏽","Lateral Raise (Dumbbell)",,"",1,"failure",32,7,,,
"upper 🦈🌱","4 de jul. de 2026, 13:55","4 de jul. de 2026, 15:21","Evitando treinar muito pra não ficar assim.👇🏽","Overhead Triceps Extension (Cable)",,"",0,"warmup",35,3,,,
"upper 🦈🌱","4 de jul. de 2026, 13:55","4 de jul. de 2026, 15:21","Evitando treinar muito pra não ficar assim.👇🏽","Overhead Triceps Extension (Cable)",,"",1,"failure",35,7,,,
"upper 🦈🌱","4 de jul. de 2026, 13:55","4 de jul. de 2026, 15:21","Evitando treinar muito pra não ficar assim.👇🏽","Preacher Curl (Machine)",,"",0,"warmup",70,3,,,
"upper 🦈🌱","4 de jul. de 2026, 13:55","4 de jul. de 2026, 15:21","Evitando treinar muito pra não ficar assim.👇🏽","Preacher Curl (Machine)",,"",1,"normal",77,7,,,10
"Hamstrings🦘","3 de jul. de 2026, 19:24","3 de jul. de 2026, 20:58","","Deadlift (Barbell)",,"",0,"warmup",60,6,,,
"Hamstrings🦘","3 de jul. de 2026, 19:24","3 de jul. de 2026, 20:58","","Deadlift (Barbell)",,"",1,"warmup",100,3,,,
"Hamstrings🦘","3 de jul. de 2026, 19:24","3 de jul. de 2026, 20:58","","Deadlift (Barbell)",,"",2,"warmup",140,1,,,
"Hamstrings🦘","3 de jul. de 2026, 19:24","3 de jul. de 2026, 20:58","","Deadlift (Barbell)",,"",3,"warmup",160,1,,,
"Hamstrings🦘","3 de jul. de 2026, 19:24","3 de jul. de 2026, 20:58","","Deadlift (Barbell)",,"",4,"normal",180,3,,,9.5
"Hamstrings🦘","3 de jul. de 2026, 19:24","3 de jul. de 2026, 20:58","","Hip Thrust (Machine)",,"",0,"warmup",60,6,,,
"Hamstrings🦘","3 de jul. de 2026, 19:24","3 de jul. de 2026, 20:58","","Hip Thrust (Machine)",,"",1,"warmup",90,2,,,
"Hamstrings🦘","3 de jul. de 2026, 19:24","3 de jul. de 2026, 20:58","","Hip Thrust (Machine)",,"",2,"normal",90,11,,,10
"Hamstrings🦘","3 de jul. de 2026, 19:24","3 de jul. de 2026, 20:58","","Leg Extension (Machine)",,"",0,"warmup",57,10,,,
"Hamstrings🦘","3 de jul. de 2026, 19:24","3 de jul. de 2026, 20:58","","Leg Extension (Machine)",,"",1,"warmup",104,3,,,
"Hamstrings🦘","3 de jul. de 2026, 19:24","3 de jul. de 2026, 20:58","","Leg Extension (Machine)",,"",2,"normal",104,12,,,
"Hamstrings🦘","3 de jul. de 2026, 19:24","3 de jul. de 2026, 20:58","","Seated Leg Curl (Machine)",,"",0,"warmup",70,6,,,
"Hamstrings🦘","3 de jul. de 2026, 19:24","3 de jul. de 2026, 20:58","","Seated Leg Curl (Machine)",,"",1,"warmup",104,3,,,
"Hamstrings🦘","3 de jul. de 2026, 19:24","3 de jul. de 2026, 20:58","","Seated Leg Curl (Machine)",,"",2,"normal",104,10,,,
"Hamstrings🦘","3 de jul. de 2026, 19:24","3 de jul. de 2026, 20:58","","Seated Leg Curl (Machine)",,"",3,"normal",104,7,,,
"Hamstrings🦘","3 de jul. de 2026, 19:24","3 de jul. de 2026, 20:58","","Calf Extension (Machine)",,"",0,"warmup",140.9,12,,,
"Hamstrings🦘","3 de jul. de 2026, 19:24","3 de jul. de 2026, 20:58","","Calf Extension (Machine)",,"",1,"normal",177.3,12,,,
"Hamstrings🦘","3 de jul. de 2026, 19:24","3 de jul. de 2026, 20:58","","Calf Extension (Machine)",,"",2,"normal",177.3,13,,,
"cardio 🚴","30 de jun. de 2026, 20:43","30 de jun. de 2026, 21:13","","Cycling",,"",0,"normal",,,7.82,1800,
"Back🦍","30 de jun. de 2026, 19:39","30 de jun. de 2026, 20:42","Kimmich Mentality.💆🏻‍♂️","Lat Pulldown (Cable)",,"",0,"warmup",52.2,12,,,
"Back🦍","30 de jun. de 2026, 19:39","30 de jun. de 2026, 20:42","Kimmich Mentality.💆🏻‍♂️","Lat Pulldown (Cable)",,"",1,"warmup",79.5,5,,,
"Back🦍","30 de jun. de 2026, 19:39","30 de jun. de 2026, 20:42","Kimmich Mentality.💆🏻‍♂️","Lat Pulldown (Cable)",,"",2,"warmup",93.2,3,,,
"Back🦍","30 de jun. de 2026, 19:39","30 de jun. de 2026, 20:42","Kimmich Mentality.💆🏻‍♂️","Lat Pulldown (Cable)",,"",3,"normal",93.2,10,,,10
"Back🦍","30 de jun. de 2026, 19:39","30 de jun. de 2026, 20:42","Kimmich Mentality.💆🏻‍♂️","Lat Pulldown (Cable)",,"",4,"normal",86.4,8,,,
"Back🦍","30 de jun. de 2026, 19:39","30 de jun. de 2026, 20:42","Kimmich Mentality.💆🏻‍♂️","Bent Over Row (Barbell)",,"",0,"warmup",60,5,,,
"Back🦍","30 de jun. de 2026, 19:39","30 de jun. de 2026, 20:42","Kimmich Mentality.💆🏻‍♂️","Bent Over Row (Barbell)",,"",1,"warmup",90,2,,,
"Back🦍","30 de jun. de 2026, 19:39","30 de jun. de 2026, 20:42","Kimmich Mentality.💆🏻‍♂️","Bent Over Row (Barbell)",,"",2,"normal",100,7,,,10
"Back🦍","30 de jun. de 2026, 19:39","30 de jun. de 2026, 20:42","Kimmich Mentality.💆🏻‍♂️","Rear Delt Reverse Fly (Machine)",,"",0,"warmup",72.7,3,,,
"Back🦍","30 de jun. de 2026, 19:39","30 de jun. de 2026, 20:42","Kimmich Mentality.💆🏻‍♂️","Rear Delt Reverse Fly (Machine)",,"",1,"normal",72.7,11,,,
"Back🦍","30 de jun. de 2026, 19:39","30 de jun. de 2026, 20:42","Kimmich Mentality.💆🏻‍♂️","Rear Delt Reverse Fly (Machine)",,"",2,"normal",72.7,9,,,
"Back🦍","30 de jun. de 2026, 19:39","30 de jun. de 2026, 20:42","Kimmich Mentality.💆🏻‍♂️","Lateral Raise (Dumbbell)",,"",0,"warmup",28,5,,,
"Back🦍","30 de jun. de 2026, 19:39","30 de jun. de 2026, 20:42","Kimmich Mentality.💆🏻‍♂️","Lateral Raise (Dumbbell)",,"",1,"failure",28,10,,,
"Back🦍","30 de jun. de 2026, 19:39","30 de jun. de 2026, 20:42","Kimmich Mentality.💆🏻‍♂️","Lateral Raise (Dumbbell)",,"",2,"failure",28,9,,,
"Back🦍","30 de jun. de 2026, 19:39","30 de jun. de 2026, 20:42","Kimmich Mentality.💆🏻‍♂️","Preacher Curl (Machine)",,"",0,"warmup",70,3,,,
"Back🦍","30 de jun. de 2026, 19:39","30 de jun. de 2026, 20:42","Kimmich Mentality.💆🏻‍♂️","Preacher Curl (Machine)",,"",1,"normal",70,10,,,10
"Back🦍","30 de jun. de 2026, 19:39","30 de jun. de 2026, 20:42","Kimmich Mentality.💆🏻‍♂️","Preacher Curl (Machine)",,"",2,"normal",70,5,,,
"Quads🐎","29 de jun. de 2026, 17:50","29 de jun. de 2026, 19:21","","Calf Extension (Machine)",,"",0,"warmup",150,12,,,
"Quads🐎","29 de jun. de 2026, 17:50","29 de jun. de 2026, 19:21","","Calf Extension (Machine)",,"",1,"normal",177.3,12,,,
"Quads🐎","29 de jun. de 2026, 17:50","29 de jun. de 2026, 19:21","","Calf Extension (Machine)",,"",2,"normal",177.3,12,,,
"Quads🐎","29 de jun. de 2026, 17:50","29 de jun. de 2026, 19:21","","Squat (Barbell)",,"",0,"warmup",60,10,,,
"Quads🐎","29 de jun. de 2026, 17:50","29 de jun. de 2026, 19:21","","Squat (Barbell)",,"",1,"warmup",100,4,,,
"Quads🐎","29 de jun. de 2026, 17:50","29 de jun. de 2026, 19:21","","Squat (Barbell)",,"",2,"warmup",120,1,,,
"Quads🐎","29 de jun. de 2026, 17:50","29 de jun. de 2026, 19:21","","Squat (Barbell)",,"",3,"normal",120,7,,,10
"Quads🐎","29 de jun. de 2026, 17:50","29 de jun. de 2026, 19:21","","Seated Leg Curl (Machine)",,"",0,"warmup",77,6,,,
"Quads🐎","29 de jun. de 2026, 17:50","29 de jun. de 2026, 19:21","","Seated Leg Curl (Machine)",,"",1,"warmup",104,3,,,
"Quads🐎","29 de jun. de 2026, 17:50","29 de jun. de 2026, 19:21","","Seated Leg Curl (Machine)",,"",2,"normal",104,10,,,10
"Quads🐎","29 de jun. de 2026, 17:50","29 de jun. de 2026, 19:21","","Seated Leg Curl (Machine)",,"",3,"normal",97,9,,,
"Quads🐎","29 de jun. de 2026, 17:50","29 de jun. de 2026, 19:21","","Single Leg Extensions",,"",0,"warmup",23,12,,,
"Quads🐎","29 de jun. de 2026, 17:50","29 de jun. de 2026, 19:21","","Leg Extension (Machine)",,"",0,"warmup",104,3,,,
"Quads🐎","29 de jun. de 2026, 17:50","29 de jun. de 2026, 19:21","","Leg Extension (Machine)",,"",1,"normal",104,12,,,7
"Quads🐎","29 de jun. de 2026, 17:50","29 de jun. de 2026, 19:21","","Leg Extension (Machine)",,"",2,"normal",104,8,,,
"Quads🐎","29 de jun. de 2026, 17:50","29 de jun. de 2026, 19:21","","Hip Adduction (Machine)",,"",0,"warmup",63,3,,,
"Quads🐎","29 de jun. de 2026, 17:50","29 de jun. de 2026, 19:21","","Hip Adduction (Machine)",,"",1,"normal",70,10,,,10
"Quads🐎","29 de jun. de 2026, 17:50","29 de jun. de 2026, 19:21","","Hip Adduction (Machine)",,"",2,"normal",63,9,,,
"upper 🐉","27 de jun. de 2026, 13:48","27 de jun. de 2026, 15:03","bobinho. 😜","Iso-Lateral Chest Press (Machine)",,"",0,"warmup",40,10,,,
"upper 🐉","27 de jun. de 2026, 13:48","27 de jun. de 2026, 15:03","bobinho. 😜","Iso-Lateral Chest Press (Machine)",,"",1,"warmup",80,5,,,
"upper 🐉","27 de jun. de 2026, 13:48","27 de jun. de 2026, 15:03","bobinho. 😜","Iso-Lateral Chest Press (Machine)",,"",2,"warmup",120,2,,,
"upper 🐉","27 de jun. de 2026, 13:48","27 de jun. de 2026, 15:03","bobinho. 😜","Iso-Lateral Chest Press (Machine)",,"",3,"normal",120,8,,,10
"upper 🐉","27 de jun. de 2026, 13:48","27 de jun. de 2026, 15:03","bobinho. 😜","Lat Pulldown (Cable)",,"",0,"warmup",45.5,12,,,
"upper 🐉","27 de jun. de 2026, 13:48","27 de jun. de 2026, 15:03","bobinho. 😜","Lat Pulldown (Cable)",,"",1,"warmup",79.5,5,,,
"upper 🐉","27 de jun. de 2026, 13:48","27 de jun. de 2026, 15:03","bobinho. 😜","Lat Pulldown (Cable)",,"",2,"warmup",93.2,3,,,
"upper 🐉","27 de jun. de 2026, 13:48","27 de jun. de 2026, 15:03","bobinho. 😜","Lat Pulldown (Cable)",,"",3,"normal",93.2,6,,,
"upper 🐉","27 de jun. de 2026, 13:48","27 de jun. de 2026, 15:03","bobinho. 😜","Lat Pulldown (Cable)",,"",4,"normal",86.4,7,,,
"upper 🐉","27 de jun. de 2026, 13:48","27 de jun. de 2026, 15:03","bobinho. 😜","Iso-Lateral Row (Machine)",,"",0,"warmup",45,3,,,
"upper 🐉","27 de jun. de 2026, 13:48","27 de jun. de 2026, 15:03","bobinho. 😜","Iso-Lateral Row (Machine)",,"",1,"normal",45,10,,,8
"upper 🐉","27 de jun. de 2026, 13:48","27 de jun. de 2026, 15:03","bobinho. 😜","Lateral Raise (Dumbbell)",,"",0,"warmup",28,3,,,
"upper 🐉","27 de jun. de 2026, 13:48","27 de jun. de 2026, 15:03","bobinho. 😜","Lateral Raise (Dumbbell)",,"",1,"failure",28,10,,,
"upper 🐉","27 de jun. de 2026, 13:48","27 de jun. de 2026, 15:03","bobinho. 😜","Lateral Raise (Dumbbell)",,"",2,"failure",28,8,,,
"upper 🐉","27 de jun. de 2026, 13:48","27 de jun. de 2026, 15:03","bobinho. 😜","Preacher Curl (Machine)",,"",0,"warmup",70,3,,,
"upper 🐉","27 de jun. de 2026, 13:48","27 de jun. de 2026, 15:03","bobinho. 😜","Preacher Curl (Machine)",,"",1,"normal",70,8,,,
"upper 🐉","27 de jun. de 2026, 13:48","27 de jun. de 2026, 15:03","bobinho. 😜","Preacher Curl (Machine)",,"",2,"normal",63,7,,,
"Hamstrings🦘","26 de jun. de 2026, 19:53","26 de jun. de 2026, 21:36","treino com foco em teto preto.😵‍💫","Deadlift (Barbell)",,"",0,"warmup",90,6,,,
"Hamstrings🦘","26 de jun. de 2026, 19:53","26 de jun. de 2026, 21:36","treino com foco em teto preto.😵‍💫","Deadlift (Barbell)",,"",1,"warmup",100,3,,,
"Hamstrings🦘","26 de jun. de 2026, 19:53","26 de jun. de 2026, 21:36","treino com foco em teto preto.😵‍💫","Deadlift (Barbell)",,"",2,"warmup",140,1,,,
"Hamstrings🦘","26 de jun. de 2026, 19:53","26 de jun. de 2026, 21:36","treino com foco em teto preto.😵‍💫","Deadlift (Barbell)",,"",3,"warmup",170,1,,,
"Hamstrings🦘","26 de jun. de 2026, 19:53","26 de jun. de 2026, 21:36","treino com foco em teto preto.😵‍💫","Deadlift (Barbell)",,"",4,"normal",180,4,,,
"Hamstrings🦘","26 de jun. de 2026, 19:53","26 de jun. de 2026, 21:36","treino com foco em teto preto.😵‍💫","Hip Thrust (Machine)",,"",0,"warmup",60,6,,,
"Hamstrings🦘","26 de jun. de 2026, 19:53","26 de jun. de 2026, 21:36","treino com foco em teto preto.😵‍💫","Hip Thrust (Machine)",,"",1,"warmup",90,2,,,
"Hamstrings🦘","26 de jun. de 2026, 19:53","26 de jun. de 2026, 21:36","treino com foco em teto preto.😵‍💫","Hip Thrust (Machine)",,"",2,"normal",90,9,,,
"Hamstrings🦘","26 de jun. de 2026, 19:53","26 de jun. de 2026, 21:36","treino com foco em teto preto.😵‍💫","Leg Extension (Machine)",,"",0,"warmup",50,12,,,
"Hamstrings🦘","26 de jun. de 2026, 19:53","26 de jun. de 2026, 21:36","treino com foco em teto preto.😵‍💫","Leg Extension (Machine)",,"",1,"warmup",104,3,,,
"Hamstrings🦘","26 de jun. de 2026, 19:53","26 de jun. de 2026, 21:36","treino com foco em teto preto.😵‍💫","Single Leg Extensions",,"",0,"normal",57,6,,,
"Hamstrings🦘","26 de jun. de 2026, 19:53","26 de jun. de 2026, 21:36","treino com foco em teto preto.😵‍💫","Seated Leg Curl (Machine)",,"",0,"warmup",77,5,,,
"Hamstrings🦘","26 de jun. de 2026, 19:53","26 de jun. de 2026, 21:36","treino com foco em teto preto.😵‍💫","Seated Leg Curl (Machine)",,"",1,"warmup",104,3,,,
"Hamstrings🦘","26 de jun. de 2026, 19:53","26 de jun. de 2026, 21:36","treino com foco em teto preto.😵‍💫","Seated Leg Curl (Machine)",,"",2,"normal",104,11,,,
"Hamstrings🦘","26 de jun. de 2026, 19:53","26 de jun. de 2026, 21:36","treino com foco em teto preto.😵‍💫","Seated Leg Curl (Machine)",,"",3,"normal",104,6,,,
"Hamstrings🦘","26 de jun. de 2026, 19:53","26 de jun. de 2026, 21:36","treino com foco em teto preto.😵‍💫","Calf Extension (Machine)",,"",0,"warmup",140.9,12,,,
"Hamstrings🦘","26 de jun. de 2026, 19:53","26 de jun. de 2026, 21:36","treino com foco em teto preto.😵‍💫","Calf Extension (Machine)",,"",1,"normal",177.3,12,,,
"Hamstrings🦘","26 de jun. de 2026, 19:53","26 de jun. de 2026, 21:36","treino com foco em teto preto.😵‍💫","Calf Extension (Machine)",,"",2,"normal",177.3,12,,,
"cardio 🚴","25 de jun. de 2026, 16:41","25 de jun. de 2026, 17:11","","Cycling",,"",0,"normal",,,7.66,1800,
"Chest🐓","25 de jun. de 2026, 15:10","25 de jun. de 2026, 16:36","treino com foco no olhar do âmago. 📕🖋️","Chest Fly (Machine)",,"",0,"warmup",52.3,12,,,
"Chest🐓","25 de jun. de 2026, 15:10","25 de jun. de 2026, 16:36","treino com foco no olhar do âmago. 📕🖋️","Chest Fly (Machine)",,"",1,"warmup",79.5,5,,,
"Chest🐓","25 de jun. de 2026, 15:10","25 de jun. de 2026, 16:36","treino com foco no olhar do âmago. 📕🖋️","Chest Fly (Machine)",,"",2,"warmup",93.2,2,,,
"Chest🐓","25 de jun. de 2026, 15:10","25 de jun. de 2026, 16:36","treino com foco no olhar do âmago. 📕🖋️","Chest Fly (Machine)",,"",3,"normal",93.5,9,,,
"Chest🐓","25 de jun. de 2026, 15:10","25 de jun. de 2026, 16:36","treino com foco no olhar do âmago. 📕🖋️","Chest Fly (Machine)",,"",4,"normal",86.4,8,,,
"Chest🐓","25 de jun. de 2026, 15:10","25 de jun. de 2026, 16:36","treino com foco no olhar do âmago. 📕🖋️","Incline Bench Press (Dumbbell)",,"",0,"warmup",56,5,,,
"Chest🐓","25 de jun. de 2026, 15:10","25 de jun. de 2026, 16:36","treino com foco no olhar do âmago. 📕🖋️","Incline Bench Press (Dumbbell)",,"",1,"warmup",72,2,,,
"Chest🐓","25 de jun. de 2026, 15:10","25 de jun. de 2026, 16:36","treino com foco no olhar do âmago. 📕🖋️","Incline Bench Press (Dumbbell)",,"",2,"normal",72,7,,,10
"Chest🐓","25 de jun. de 2026, 15:10","25 de jun. de 2026, 16:36","treino com foco no olhar do âmago. 📕🖋️","Decline Bench Press (Machine)",,"",0,"warmup",85,3,,,
"Chest🐓","25 de jun. de 2026, 15:10","25 de jun. de 2026, 16:36","treino com foco no olhar do âmago. 📕🖋️","Decline Bench Press (Machine)",,"",1,"normal",85,9,,,10
"Chest🐓","25 de jun. de 2026, 15:10","25 de jun. de 2026, 16:36","treino com foco no olhar do âmago. 📕🖋️","Triceps Pushdown",,"",0,"warmup",35,3,,,
"Chest🐓","25 de jun. de 2026, 15:10","25 de jun. de 2026, 16:36","treino com foco no olhar do âmago. 📕🖋️","Triceps Pushdown",,"",1,"failure",35,8,,,
"Chest🐓","25 de jun. de 2026, 15:10","25 de jun. de 2026, 16:36","treino com foco no olhar do âmago. 📕🖋️","Triceps Pushdown",,"",2,"normal",32.5,6,,,
"Chest🐓","25 de jun. de 2026, 15:10","25 de jun. de 2026, 16:36","treino com foco no olhar do âmago. 📕🖋️","Crunch (Machine)",,"",0,"warmup",97,5,,,
"Chest🐓","25 de jun. de 2026, 15:10","25 de jun. de 2026, 16:36","treino com foco no olhar do âmago. 📕🖋️","Crunch (Machine)",,"",1,"normal",104,10,,,
"Chest🐓","25 de jun. de 2026, 15:10","25 de jun. de 2026, 16:36","treino com foco no olhar do âmago. 📕🖋️","Crunch (Machine)",,"",2,"normal",104,12,,,
"Afternoon workout 💪","24 de jun. de 2026, 16:38","24 de jun. de 2026, 17:08","","Cycling",,"",0,"normal",,,7.34,1800,
"Back🦍","24 de jun. de 2026, 15:33","24 de jun. de 2026, 16:34","","Lat Pulldown (Cable)",,"",0,"warmup",45.5,10,,,
"Back🦍","24 de jun. de 2026, 15:33","24 de jun. de 2026, 16:34","","Lat Pulldown (Cable)",,"",1,"warmup",79.5,5,,,
"Back🦍","24 de jun. de 2026, 15:33","24 de jun. de 2026, 16:34","","Lat Pulldown (Cable)",,"",2,"warmup",93.2,3,,,
"Back🦍","24 de jun. de 2026, 15:33","24 de jun. de 2026, 16:34","","Lat Pulldown (Cable)",,"",3,"normal",93.2,10,,,
"Back🦍","24 de jun. de 2026, 15:33","24 de jun. de 2026, 16:34","","Lat Pulldown (Cable)",,"",4,"normal",86.4,8,,,
"Back🦍","24 de jun. de 2026, 15:33","24 de jun. de 2026, 16:34","","Seated Cable Row - V Grip (Cable)",,"",0,"warmup",72.7,2,,,
"Back🦍","24 de jun. de 2026, 15:33","24 de jun. de 2026, 16:34","","Seated Cable Row - V Grip (Cable)",,"",1,"normal",79.5,10,,,
"Back🦍","24 de jun. de 2026, 15:33","24 de jun. de 2026, 16:34","","Lateral Raise (Dumbbell)",,"",0,"warmup",28,5,,,
"Back🦍","24 de jun. de 2026, 15:33","24 de jun. de 2026, 16:34","","Lateral Raise (Dumbbell)",,"",1,"failure",28,10,,,
"Back🦍","24 de jun. de 2026, 15:33","24 de jun. de 2026, 16:34","","Lateral Raise (Dumbbell)",,"",2,"failure",28,8,,,
"Back🦍","24 de jun. de 2026, 15:33","24 de jun. de 2026, 16:34","","Rear Delt Reverse Fly (Machine)",,"",0,"warmup",72.7,3,,,
"Back🦍","24 de jun. de 2026, 15:33","24 de jun. de 2026, 16:34","","Rear Delt Reverse Fly (Machine)",,"",1,"normal",72.7,8,,,
"Back🦍","24 de jun. de 2026, 15:33","24 de jun. de 2026, 16:34","","Rear Delt Reverse Fly (Machine)",,"",2,"normal",65.9,11,,,
"Back🦍","24 de jun. de 2026, 15:33","24 de jun. de 2026, 16:34","","rosca scott unilateral de pirraia",,"",0,"warmup",16,4,,,
"Back🦍","24 de jun. de 2026, 15:33","24 de jun. de 2026, 16:34","","rosca scott unilateral de pirraia",,"",1,"normal",16,9,,,
"cardio 🚴","22 de jun. de 2026, 16:55","22 de jun. de 2026, 17:25","","Cycling",,"",0,"normal",,,7.32,1800,
"Quads🐎","22 de jun. de 2026, 15:17","22 de jun. de 2026, 16:50","","Calf Extension (Machine)",,"",0,"warmup",131.8,12,,,
"Quads🐎","22 de jun. de 2026, 15:17","22 de jun. de 2026, 16:50","","Calf Extension (Machine)",,"",1,"normal",177.3,12,,,
"Quads🐎","22 de jun. de 2026, 15:17","22 de jun. de 2026, 16:50","","Calf Extension (Machine)",,"",2,"normal",177.3,12,,,
"Quads🐎","22 de jun. de 2026, 15:17","22 de jun. de 2026, 16:50","","Squat (Barbell)",,"",0,"warmup",60,10,,,
"Quads🐎","22 de jun. de 2026, 15:17","22 de jun. de 2026, 16:50","","Squat (Barbell)",,"",1,"warmup",100,3,,,
"Quads🐎","22 de jun. de 2026, 15:17","22 de jun. de 2026, 16:50","","Squat (Barbell)",,"",2,"warmup",120,1,,,
"Quads🐎","22 de jun. de 2026, 15:17","22 de jun. de 2026, 16:50","","Squat (Barbell)",,"",3,"normal",120,6,,,10
"Quads🐎","22 de jun. de 2026, 15:17","22 de jun. de 2026, 16:50","","Seated Leg Curl (Machine)",,"",0,"warmup",77,7,,,
"Quads🐎","22 de jun. de 2026, 15:17","22 de jun. de 2026, 16:50","","Seated Leg Curl (Machine)",,"",1,"warmup",104,3,,,
"Quads🐎","22 de jun. de 2026, 15:17","22 de jun. de 2026, 16:50","","Seated Leg Curl (Machine)",,"",2,"normal",104,12,,,
"Quads🐎","22 de jun. de 2026, 15:17","22 de jun. de 2026, 16:50","","Seated Leg Curl (Machine)",,"",3,"normal",104,7,,,
"Quads🐎","22 de jun. de 2026, 15:17","22 de jun. de 2026, 16:50","","Leg Extension (Machine)",,"",0,"warmup",57,12,,,
"Quads🐎","22 de jun. de 2026, 15:17","22 de jun. de 2026, 16:50","","Leg Extension (Machine)",,"",1,"warmup",104,3,,,
"Quads🐎","22 de jun. de 2026, 15:17","22 de jun. de 2026, 16:50","","Single Leg Extensions",,"",0,"normal",57,8,,,
"Quads🐎","22 de jun. de 2026, 15:17","22 de jun. de 2026, 16:50","","Single Leg Extensions",,"",1,"normal",50,8,,,
"Quads🐎","22 de jun. de 2026, 15:17","22 de jun. de 2026, 16:50","","Hip Adduction (Machine)",,"",0,"warmup",57,8,,,
"Quads🐎","22 de jun. de 2026, 15:17","22 de jun. de 2026, 16:50","","Hip Adduction (Machine)",,"",1,"warmup",70,3,,,
"Quads🐎","22 de jun. de 2026, 15:17","22 de jun. de 2026, 16:50","","Hip Adduction (Machine)",,"",2,"normal",70,11,,,10
"cardio 🚴","19 de jun. de 2026, 20:11","19 de jun. de 2026, 20:36","","Cycling",,"",0,"normal",,,6.5,1500,
"Hamstrings🦘","19 de jun. de 2026, 18:40","19 de jun. de 2026, 20:08","voltando do descanso makavellico.","Deadlift (Barbell)",,"",0,"warmup",90,6,,,
"Hamstrings🦘","19 de jun. de 2026, 18:40","19 de jun. de 2026, 20:08","voltando do descanso makavellico.","Deadlift (Barbell)",,"",1,"warmup",100,3,,,
"Hamstrings🦘","19 de jun. de 2026, 18:40","19 de jun. de 2026, 20:08","voltando do descanso makavellico.","Deadlift (Barbell)",,"",2,"warmup",130,1,,,
"Hamstrings🦘","19 de jun. de 2026, 18:40","19 de jun. de 2026, 20:08","voltando do descanso makavellico.","Deadlift (Barbell)",,"",3,"warmup",170,1,,,
"Hamstrings🦘","19 de jun. de 2026, 18:40","19 de jun. de 2026, 20:08","voltando do descanso makavellico.","Deadlift (Barbell)",,"",4,"normal",180,4,,,10
"Hamstrings🦘","19 de jun. de 2026, 18:40","19 de jun. de 2026, 20:08","voltando do descanso makavellico.","Hip Thrust (Machine)",,"",0,"warmup",60,6,,,
"Hamstrings🦘","19 de jun. de 2026, 18:40","19 de jun. de 2026, 20:08","voltando do descanso makavellico.","Hip Thrust (Machine)",,"",1,"warmup",85,3,,,
"Hamstrings🦘","19 de jun. de 2026, 18:40","19 de jun. de 2026, 20:08","voltando do descanso makavellico.","Hip Thrust (Machine)",,"",2,"normal",90,9,,,
"Hamstrings🦘","19 de jun. de 2026, 18:40","19 de jun. de 2026, 20:08","voltando do descanso makavellico.","Leg Extension (Machine)",,"",0,"warmup",50,10,,,
"Hamstrings🦘","19 de jun. de 2026, 18:40","19 de jun. de 2026, 20:08","voltando do descanso makavellico.","Leg Extension (Machine)",,"",1,"warmup",104,3,,,
"Hamstrings🦘","19 de jun. de 2026, 18:40","19 de jun. de 2026, 20:08","voltando do descanso makavellico.","Seated Leg Curl (Machine)",,"",0,"warmup",57,8,,,
"Hamstrings🦘","19 de jun. de 2026, 18:40","19 de jun. de 2026, 20:08","voltando do descanso makavellico.","Seated Leg Curl (Machine)",,"",1,"warmup",77,6,,,
"Hamstrings🦘","19 de jun. de 2026, 18:40","19 de jun. de 2026, 20:08","voltando do descanso makavellico.","Seated Leg Curl (Machine)",,"",2,"warmup",107,3,,,
"Hamstrings🦘","19 de jun. de 2026, 18:40","19 de jun. de 2026, 20:08","voltando do descanso makavellico.","Seated Leg Curl (Machine)",,"",3,"normal",104,10,,,
"Hamstrings🦘","19 de jun. de 2026, 18:40","19 de jun. de 2026, 20:08","voltando do descanso makavellico.","Seated Leg Curl (Machine)",,"",4,"normal",104,7,,,
"Hamstrings🦘","19 de jun. de 2026, 18:40","19 de jun. de 2026, 20:08","voltando do descanso makavellico.","Hip Abduction (Machine)",,"",0,"warmup",63,8,,,
"Hamstrings🦘","19 de jun. de 2026, 18:40","19 de jun. de 2026, 20:08","voltando do descanso makavellico.","Hip Abduction (Machine)",,"",1,"warmup",84,3,,,
"Hamstrings🦘","19 de jun. de 2026, 18:40","19 de jun. de 2026, 20:08","voltando do descanso makavellico.","Hip Abduction (Machine)",,"",2,"normal",84,10,,,10
"Hamstrings🦘","12 de jun. de 2026, 19:27","12 de jun. de 2026, 21:14","","Deadlift (Barbell)",,"",0,"warmup",60,8,,,
"Hamstrings🦘","12 de jun. de 2026, 19:27","12 de jun. de 2026, 21:14","","Deadlift (Barbell)",,"",1,"warmup",100,4,,,
"Hamstrings🦘","12 de jun. de 2026, 19:27","12 de jun. de 2026, 21:14","","Deadlift (Barbell)",,"",2,"warmup",130,1,,,
"Hamstrings🦘","12 de jun. de 2026, 19:27","12 de jun. de 2026, 21:14","","Deadlift (Barbell)",,"",3,"warmup",150,1,,,
"Hamstrings🦘","12 de jun. de 2026, 19:27","12 de jun. de 2026, 21:14","","Deadlift (Barbell)",,"",4,"normal",175,5,,,10
"Hamstrings🦘","12 de jun. de 2026, 19:27","12 de jun. de 2026, 21:14","","Hip Thrust (Machine)",,"",0,"warmup",60,6,,,
"Hamstrings🦘","12 de jun. de 2026, 19:27","12 de jun. de 2026, 21:14","","Hip Thrust (Machine)",,"",1,"warmup",85,3,,,
"Hamstrings🦘","12 de jun. de 2026, 19:27","12 de jun. de 2026, 21:14","","Hip Thrust (Machine)",,"",2,"normal",90,9,,,10
"Hamstrings🦘","12 de jun. de 2026, 19:27","12 de jun. de 2026, 21:14","","Leg Extension (Machine)",,"",0,"warmup",57,12,,,
"Hamstrings🦘","12 de jun. de 2026, 19:27","12 de jun. de 2026, 21:14","","Leg Extension (Machine)",,"",1,"warmup",104,3,,,
"Hamstrings🦘","12 de jun. de 2026, 19:27","12 de jun. de 2026, 21:14","","Single Leg Extensions",,"",0,"normal",63,8,,,
"Hamstrings🦘","12 de jun. de 2026, 19:27","12 de jun. de 2026, 21:14","","Seated Leg Curl (Machine)",,"",0,"warmup",77,6,,,
"Hamstrings🦘","12 de jun. de 2026, 19:27","12 de jun. de 2026, 21:14","","Seated Leg Curl (Machine)",,"",1,"warmup",104,3,,,
"Hamstrings🦘","12 de jun. de 2026, 19:27","12 de jun. de 2026, 21:14","","Seated Leg Curl (Machine)",,"",2,"normal",104,12,,,10
"Hamstrings🦘","12 de jun. de 2026, 19:27","12 de jun. de 2026, 21:14","","Seated Leg Curl (Machine)",,"",3,"normal",104,8,,,
"Hamstrings🦘","12 de jun. de 2026, 19:27","12 de jun. de 2026, 21:14","","Hip Adduction (Machine)",,"",0,"warmup",57,6,,,
"Hamstrings🦘","12 de jun. de 2026, 19:27","12 de jun. de 2026, 21:14","","Hip Adduction (Machine)",,"",1,"warmup",70,3,,,
"Hamstrings🦘","12 de jun. de 2026, 19:27","12 de jun. de 2026, 21:14","","Hip Adduction (Machine)",,"",2,"normal",70,10,,,10
"cardio 🚴","11 de jun. de 2026, 16:51","11 de jun. de 2026, 17:16","","Cycling",,"",0,"normal",,,5.64,1500,
"Chest🐓","11 de jun. de 2026, 15:31","11 de jun. de 2026, 16:44","","Chest Fly (Machine)",,"",0,"warmup",52.3,12,,,
"Chest🐓","11 de jun. de 2026, 15:31","11 de jun. de 2026, 16:44","","Chest Fly (Machine)",,"",1,"warmup",79.5,5,,,
"Chest🐓","11 de jun. de 2026, 15:31","11 de jun. de 2026, 16:44","","Chest Fly (Machine)",,"",2,"warmup",93.2,2,,,
"Chest🐓","11 de jun. de 2026, 15:31","11 de jun. de 2026, 16:44","","Chest Fly (Machine)",,"",3,"normal",93.5,11,,,10
"Chest🐓","11 de jun. de 2026, 15:31","11 de jun. de 2026, 16:44","","Chest Fly (Machine)",,"",4,"normal",86.4,8,,,
"Chest🐓","11 de jun. de 2026, 15:31","11 de jun. de 2026, 16:44","","Incline Bench Press (Dumbbell)",,"",0,"warmup",56,5,,,
"Chest🐓","11 de jun. de 2026, 15:31","11 de jun. de 2026, 16:44","","Incline Bench Press (Dumbbell)",,"",1,"warmup",72,2,,,
"Chest🐓","11 de jun. de 2026, 15:31","11 de jun. de 2026, 16:44","","Incline Bench Press (Dumbbell)",,"",2,"normal",72,10,,,10
"Chest🐓","11 de jun. de 2026, 15:31","11 de jun. de 2026, 16:44","","Decline Bench Press (Machine)",,"",0,"warmup",85,3,,,
"Chest🐓","11 de jun. de 2026, 15:31","11 de jun. de 2026, 16:44","","Decline Bench Press (Machine)",,"",1,"normal",85,8,,,10
"Chest🐓","11 de jun. de 2026, 15:31","11 de jun. de 2026, 16:44","","Single Arm Lateral Raise (Cable)",,"",0,"warmup",7.5,3,,,
"Chest🐓","11 de jun. de 2026, 15:31","11 de jun. de 2026, 16:44","","Single Arm Lateral Raise (Cable)",,"",1,"failure",7.5,8,,,
"Chest🐓","11 de jun. de 2026, 15:31","11 de jun. de 2026, 16:44","","Single Arm Lateral Raise (Cable)",,"",2,"failure",5,12,,,
"Chest🐓","11 de jun. de 2026, 15:31","11 de jun. de 2026, 16:44","","Triceps Pushdown",,"",0,"warmup",35,3,,,
"Chest🐓","11 de jun. de 2026, 15:31","11 de jun. de 2026, 16:44","","Triceps Pushdown",,"",1,"failure",35,8,,,
"Cardio 🪜","9 de jun. de 2026, 21:04","9 de jun. de 2026, 21:29","","Stair Machine (Steps)",,"",0,"normal",,,,1500,
"Back🦍","9 de jun. de 2026, 19:42","9 de jun. de 2026, 21:01","","Lat Pulldown (Cable)",,"",0,"warmup",52.3,10,,,
"Back🦍","9 de jun. de 2026, 19:42","9 de jun. de 2026, 21:01","","Lat Pulldown (Cable)",,"",1,"warmup",79.5,5,,,
"Back🦍","9 de jun. de 2026, 19:42","9 de jun. de 2026, 21:01","","Lat Pulldown (Cable)",,"",2,"warmup",93.2,3,,,
"Back🦍","9 de jun. de 2026, 19:42","9 de jun. de 2026, 21:01","","Lat Pulldown (Cable)",,"",3,"normal",93.2,11,,,10
"Back🦍","9 de jun. de 2026, 19:42","9 de jun. de 2026, 21:01","","Lat Pulldown (Cable)",,"",4,"normal",93.2,6,,,
"Back🦍","9 de jun. de 2026, 19:42","9 de jun. de 2026, 21:01","","Bent Over Row (Barbell)",,"",0,"warmup",60,5,,,
"Back🦍","9 de jun. de 2026, 19:42","9 de jun. de 2026, 21:01","","Bent Over Row (Barbell)",,"",1,"warmup",80,3,,,
"Back🦍","9 de jun. de 2026, 19:42","9 de jun. de 2026, 21:01","","Bent Over Row (Barbell)",,"",2,"warmup",95,3,,,
"Back🦍","9 de jun. de 2026, 19:42","9 de jun. de 2026, 21:01","","Bent Over Row (Barbell)",,"",3,"normal",100,8,,,10
"Back🦍","9 de jun. de 2026, 19:42","9 de jun. de 2026, 21:01","","Rear Delt Reverse Fly (Machine)",,"",0,"warmup",77.3,3,,,
"Back🦍","9 de jun. de 2026, 19:42","9 de jun. de 2026, 21:01","","Rear Delt Reverse Fly (Machine)",,"",1,"normal",77.3,8,,,10
"Back🦍","9 de jun. de 2026, 19:42","9 de jun. de 2026, 21:01","","Rear Delt Reverse Fly (Machine)",,"",2,"normal",68.2,11,,,
"Back🦍","9 de jun. de 2026, 19:42","9 de jun. de 2026, 21:01","","Iso-Lateral Row (Machine)",,"",0,"warmup",45,3,,,
"Back🦍","9 de jun. de 2026, 19:42","9 de jun. de 2026, 21:01","","Iso-Lateral Row (Machine)",,"",1,"normal",45,9,,,
"Back🦍","9 de jun. de 2026, 19:42","9 de jun. de 2026, 21:01","","Lateral Raise (Dumbbell)",,"",0,"warmup",28,5,,,
"Back🦍","9 de jun. de 2026, 19:42","9 de jun. de 2026, 21:01","","Lateral Raise (Dumbbell)",,"",1,"failure",32,8,,,10
"Back🦍","9 de jun. de 2026, 19:42","9 de jun. de 2026, 21:01","","rosca scott unilateral de pirraia",,"",0,"warmup",16,3,,,
"Back🦍","9 de jun. de 2026, 19:42","9 de jun. de 2026, 21:01","","rosca scott unilateral de pirraia",,"",1,"normal",16,7,,,
"Back🦍","9 de jun. de 2026, 19:42","9 de jun. de 2026, 21:01","","rosca scott unilateral de pirraia",,"",2,"normal",14,9,,,
"Cardio 🪜","8 de jun. de 2026, 17:10","8 de jun. de 2026, 17:30","","Stair Machine (Steps)",,"",0,"normal",,,,1200,
"Quads🐎","8 de jun. de 2026, 15:21","8 de jun. de 2026, 17:00","","Calf Extension (Machine)",,"",0,"warmup",131.8,12,,,
"Quads🐎","8 de jun. de 2026, 15:21","8 de jun. de 2026, 17:00","","Calf Extension (Machine)",,"",1,"normal",177.3,15,,,
"Quads🐎","8 de jun. de 2026, 15:21","8 de jun. de 2026, 17:00","","Calf Extension (Machine)",,"",2,"normal",177.3,12,,,
"Quads🐎","8 de jun. de 2026, 15:21","8 de jun. de 2026, 17:00","","Squat (Barbell)",,"",0,"warmup",60,10,,,
"Quads🐎","8 de jun. de 2026, 15:21","8 de jun. de 2026, 17:00","","Squat (Barbell)",,"",1,"warmup",100,5,,,
"Quads🐎","8 de jun. de 2026, 15:21","8 de jun. de 2026, 17:00","","Squat (Barbell)",,"",2,"warmup",115,2,,,
"Quads🐎","8 de jun. de 2026, 15:21","8 de jun. de 2026, 17:00","","Squat (Barbell)",,"",3,"normal",115,10,,,10
"Quads🐎","8 de jun. de 2026, 15:21","8 de jun. de 2026, 17:00","","Seated Leg Curl (Machine)",,"",0,"warmup",77,7,,,
"Quads🐎","8 de jun. de 2026, 15:21","8 de jun. de 2026, 17:00","","Seated Leg Curl (Machine)",,"",1,"warmup",104,3,,,
"Quads🐎","8 de jun. de 2026, 15:21","8 de jun. de 2026, 17:00","","Seated Leg Curl (Machine)",,"",2,"normal",104,12,,,10
"Quads🐎","8 de jun. de 2026, 15:21","8 de jun. de 2026, 17:00","","Seated Leg Curl (Machine)",,"",3,"normal",104,9,,,
"Quads🐎","8 de jun. de 2026, 15:21","8 de jun. de 2026, 17:00","","Leg Extension (Machine)",,"",0,"warmup",57,12,,,
"Quads🐎","8 de jun. de 2026, 15:21","8 de jun. de 2026, 17:00","","Leg Extension (Machine)",,"",1,"warmup",104,3,,,
"Quads🐎","8 de jun. de 2026, 15:21","8 de jun. de 2026, 17:00","","Single Leg Extensions",,"",0,"normal",63,9,,,10
"Quads🐎","8 de jun. de 2026, 15:21","8 de jun. de 2026, 17:00","","Single Leg Extensions",,"",1,"normal",57,12,,,
"Quads🐎","8 de jun. de 2026, 15:21","8 de jun. de 2026, 17:00","","Hip Adduction (Machine)",,"",0,"warmup",57,8,,,
"Quads🐎","8 de jun. de 2026, 15:21","8 de jun. de 2026, 17:00","","Hip Adduction (Machine)",,"",1,"warmup",70,3,,,
"Quads🐎","8 de jun. de 2026, 15:21","8 de jun. de 2026, 17:00","","Hip Adduction (Machine)",,"",2,"normal",70,10,,,10
"upper 🐉🌱","6 de jun. de 2026, 12:19","6 de jun. de 2026, 14:23","","Decline Bench Press (Machine)",,"",0,"warmup",40,12,,,
"upper 🐉🌱","6 de jun. de 2026, 12:19","6 de jun. de 2026, 14:23","","Decline Bench Press (Machine)",,"",1,"warmup",80,3,,,
"upper 🐉🌱","6 de jun. de 2026, 12:19","6 de jun. de 2026, 14:23","","Decline Bench Press (Machine)",,"",2,"normal",85,10,,,10
"upper 🐉🌱","6 de jun. de 2026, 12:19","6 de jun. de 2026, 14:23","","Decline Bench Press (Machine)",,"",3,"normal",85,6,,,
"upper 🐉🌱","6 de jun. de 2026, 12:19","6 de jun. de 2026, 14:23","","Lat Pulldown (Cable)",,"",0,"warmup",59.1,10,,,
"upper 🐉🌱","6 de jun. de 2026, 12:19","6 de jun. de 2026, 14:23","","Lat Pulldown (Cable)",,"",1,"warmup",79.5,5,,,
"upper 🐉🌱","6 de jun. de 2026, 12:19","6 de jun. de 2026, 14:23","","Lat Pulldown (Cable)",,"",2,"warmup",93.2,3,,,
"upper 🐉🌱","6 de jun. de 2026, 12:19","6 de jun. de 2026, 14:23","","Lat Pulldown (Cable)",,"",3,"normal",93.2,8,,,10
"upper 🐉🌱","6 de jun. de 2026, 12:19","6 de jun. de 2026, 14:23","","Lat Pulldown (Cable)",,"",4,"normal",86.4,8,,,
"upper 🐉🌱","6 de jun. de 2026, 12:19","6 de jun. de 2026, 14:23","","Iso-Lateral Chest Press (Machine)",,"",0,"warmup",120,1,,,
"upper 🐉🌱","6 de jun. de 2026, 12:19","6 de jun. de 2026, 14:23","","Iso-Lateral Chest Press (Machine)",,"",1,"failure",120,8,,,10
"upper 🐉🌱","6 de jun. de 2026, 12:19","6 de jun. de 2026, 14:23","","Single Arm Lateral Raise (Cable)",,"",0,"warmup",7.5,3,,,
"upper 🐉🌱","6 de jun. de 2026, 12:19","6 de jun. de 2026, 14:23","","Single Arm Lateral Raise (Cable)",,"",1,"failure",7.5,10,,,
"upper 🐉🌱","6 de jun. de 2026, 12:19","6 de jun. de 2026, 14:23","","Single Arm Lateral Raise (Cable)",,"",2,"failure",7.5,7,,,
"upper 🐉🌱","6 de jun. de 2026, 12:19","6 de jun. de 2026, 14:23","","Iso-Lateral Row (Machine)",,"",0,"warmup",40,3,,,
"upper 🐉🌱","6 de jun. de 2026, 12:19","6 de jun. de 2026, 14:23","","Iso-Lateral Row (Machine)",,"",1,"normal",40,11,,,10
"upper 🐉🌱","6 de jun. de 2026, 12:19","6 de jun. de 2026, 14:23","","Overhead Triceps Extension (Cable)",,"",0,"warmup",34,3,,,
"upper 🐉🌱","6 de jun. de 2026, 12:19","6 de jun. de 2026, 14:23","","Overhead Triceps Extension (Cable)",,"",1,"failure",34,12,,,
"upper 🐉🌱","6 de jun. de 2026, 12:19","6 de jun. de 2026, 14:23","","Preacher Curl (Machine)",,"",0,"warmup",70,3,,,
"upper 🐉🌱","6 de jun. de 2026, 12:19","6 de jun. de 2026, 14:23","","Preacher Curl (Machine)",,"",1,"normal",70,9,,,
"Cardio 🚴","5 de jun. de 2026, 16:25","5 de jun. de 2026, 17:01","","Cycling",,"",0,"normal",,,8.81,2160,
"Hamstrings🦘","5 de jun. de 2026, 15:04","5 de jun. de 2026, 16:20","","Deadlift (Barbell)",,"",0,"warmup",60,8,,,
"Hamstrings🦘","5 de jun. de 2026, 15:04","5 de jun. de 2026, 16:20","","Deadlift (Barbell)",,"",1,"warmup",100,4,,,
"Hamstrings🦘","5 de jun. de 2026, 15:04","5 de jun. de 2026, 16:20","","Deadlift (Barbell)",,"",2,"warmup",130,1,,,
"Hamstrings🦘","5 de jun. de 2026, 15:04","5 de jun. de 2026, 16:20","","Deadlift (Barbell)",,"",3,"warmup",150,1,,,
"Hamstrings🦘","5 de jun. de 2026, 15:04","5 de jun. de 2026, 16:20","","Deadlift (Barbell)",,"",4,"normal",175,3,,,10
"Hamstrings🦘","5 de jun. de 2026, 15:04","5 de jun. de 2026, 16:20","","Hip Thrust (Machine)",,"",0,"warmup",60,5,,,
"Hamstrings🦘","5 de jun. de 2026, 15:04","5 de jun. de 2026, 16:20","","Hip Thrust (Machine)",,"",1,"warmup",85,3,,,
"Hamstrings🦘","5 de jun. de 2026, 15:04","5 de jun. de 2026, 16:20","","Hip Thrust (Machine)",,"",2,"normal",90,8,,,10
"Hamstrings🦘","5 de jun. de 2026, 15:04","5 de jun. de 2026, 16:20","","Leg Extension (Machine)",,"",0,"warmup",57,10,,,
"Hamstrings🦘","5 de jun. de 2026, 15:04","5 de jun. de 2026, 16:20","","Leg Extension (Machine)",,"",1,"warmup",104,3,,,
"Hamstrings🦘","5 de jun. de 2026, 15:04","5 de jun. de 2026, 16:20","","Single Leg Extensions",,"",0,"normal",63,6,,,10
"Hamstrings🦘","5 de jun. de 2026, 15:04","5 de jun. de 2026, 16:20","","Seated Leg Curl (Machine)",,"",0,"warmup",77,6,,,
"Hamstrings🦘","5 de jun. de 2026, 15:04","5 de jun. de 2026, 16:20","","Seated Leg Curl (Machine)",,"",1,"warmup",104,3,,,
"Hamstrings🦘","5 de jun. de 2026, 15:04","5 de jun. de 2026, 16:20","","Seated Leg Curl (Machine)",,"",2,"normal",104,10,,,10
"Hamstrings🦘","5 de jun. de 2026, 15:04","5 de jun. de 2026, 16:20","","Seated Leg Curl (Machine)",,"",3,"normal",104,7,,,
"Hamstrings🦘","5 de jun. de 2026, 15:04","5 de jun. de 2026, 16:20","","Calf Extension (Machine)",,"",0,"warmup",131.8,12,,,
"Hamstrings🦘","5 de jun. de 2026, 15:04","5 de jun. de 2026, 16:20","","Calf Extension (Machine)",,"",1,"normal",177.3,15,,,
"Hamstrings🦘","5 de jun. de 2026, 15:04","5 de jun. de 2026, 16:20","","Calf Extension (Machine)",,"",2,"normal",177.3,15,,,
"cardio 🚴","4 de jun. de 2026, 16:46","4 de jun. de 2026, 17:22","","Cycling",,"",0,"normal",,,7.36,2160,
"Chest🐓","4 de jun. de 2026, 15:08","4 de jun. de 2026, 16:43","","Chest Fly (Machine)",,"",0,"warmup",52.3,12,,,
"Chest🐓","4 de jun. de 2026, 15:08","4 de jun. de 2026, 16:43","","Chest Fly (Machine)",,"",1,"warmup",79.5,5,,,
"Chest🐓","4 de jun. de 2026, 15:08","4 de jun. de 2026, 16:43","","Chest Fly (Machine)",,"",2,"warmup",93.2,2,,,
"Chest🐓","4 de jun. de 2026, 15:08","4 de jun. de 2026, 16:43","","Chest Fly (Machine)",,"",3,"normal",93.5,11,,,10
"Chest🐓","4 de jun. de 2026, 15:08","4 de jun. de 2026, 16:43","","Chest Fly (Machine)",,"",4,"normal",86.4,7,,,
"Chest🐓","4 de jun. de 2026, 15:08","4 de jun. de 2026, 16:43","","Incline Bench Press (Dumbbell)",,"",0,"warmup",64,5,,,
"Chest🐓","4 de jun. de 2026, 15:08","4 de jun. de 2026, 16:43","","Incline Bench Press (Dumbbell)",,"",1,"warmup",72,3,,,
"Chest🐓","4 de jun. de 2026, 15:08","4 de jun. de 2026, 16:43","","Incline Bench Press (Dumbbell)",,"",2,"normal",72,8,,,10
"Chest🐓","4 de jun. de 2026, 15:08","4 de jun. de 2026, 16:43","","Decline Bench Press (Machine)",,"",0,"warmup",80,3,,,
"Chest🐓","4 de jun. de 2026, 15:08","4 de jun. de 2026, 16:43","","Decline Bench Press (Machine)",,"",1,"normal",80,10,,,10
"Chest🐓","4 de jun. de 2026, 15:08","4 de jun. de 2026, 16:43","","Single Arm Lateral Raise (Cable)",,"",0,"warmup",9.1,3,,,
"Chest🐓","4 de jun. de 2026, 15:08","4 de jun. de 2026, 16:43","","Single Arm Lateral Raise (Cable)",,"",1,"failure",9.1,8,,,
"Chest🐓","4 de jun. de 2026, 15:08","4 de jun. de 2026, 16:43","","Single Arm Lateral Raise (Cable)",,"",2,"failure",6.8,12,,,
"Chest🐓","4 de jun. de 2026, 15:08","4 de jun. de 2026, 16:43","","Triceps Pushdown",,"",0,"warmup",35,3,,,
"Chest🐓","4 de jun. de 2026, 15:08","4 de jun. de 2026, 16:43","","Triceps Pushdown",,"",1,"failure",35,8,,,10
"Chest🐓","4 de jun. de 2026, 15:08","4 de jun. de 2026, 16:43","","Crunch (Machine)",,"",0,"warmup",97,6,,,
"Chest🐓","4 de jun. de 2026, 15:08","4 de jun. de 2026, 16:43","","Crunch (Machine)",,"",1,"normal",104,12,,,
"Chest🐓","4 de jun. de 2026, 15:08","4 de jun. de 2026, 16:43","","Crunch (Machine)",,"",2,"normal",104,12,,,
"Back🦍","2 de jun. de 2026, 14:45","2 de jun. de 2026, 16:08","","Lat Pulldown (Cable)",,"",0,"warmup",52.3,10,,,
"Back🦍","2 de jun. de 2026, 14:45","2 de jun. de 2026, 16:08","","Lat Pulldown (Cable)",,"",1,"warmup",79.5,5,,,
"Back🦍","2 de jun. de 2026, 14:45","2 de jun. de 2026, 16:08","","Lat Pulldown (Cable)",,"",2,"warmup",93.2,3,,,
"Back🦍","2 de jun. de 2026, 14:45","2 de jun. de 2026, 16:08","","Lat Pulldown (Cable)",,"",3,"normal",93.2,10,,,10
"Back🦍","2 de jun. de 2026, 14:45","2 de jun. de 2026, 16:08","","Lat Pulldown (Cable)",,"",4,"normal",93.2,6,,,
"Back🦍","2 de jun. de 2026, 14:45","2 de jun. de 2026, 16:08","","Bent Over Row (Barbell)",,"",0,"warmup",60,10,,,
"Back🦍","2 de jun. de 2026, 14:45","2 de jun. de 2026, 16:08","","Bent Over Row (Barbell)",,"",1,"warmup",80,3,,,
"Back🦍","2 de jun. de 2026, 14:45","2 de jun. de 2026, 16:08","","Bent Over Row (Barbell)",,"",2,"warmup",95,3,,,
"Back🦍","2 de jun. de 2026, 14:45","2 de jun. de 2026, 16:08","","Bent Over Row (Barbell)",,"",3,"normal",95,10,,,10
"Back🦍","2 de jun. de 2026, 14:45","2 de jun. de 2026, 16:08","","Rear Delt Reverse Fly (Machine)",,"",0,"warmup",72.7,3,,,
"Back🦍","2 de jun. de 2026, 14:45","2 de jun. de 2026, 16:08","","Rear Delt Reverse Fly (Machine)",,"",1,"normal",72.7,11,,,10
"Back🦍","2 de jun. de 2026, 14:45","2 de jun. de 2026, 16:08","","Rear Delt Reverse Fly (Machine)",,"",2,"normal",72.7,7,,,
"Back🦍","2 de jun. de 2026, 14:45","2 de jun. de 2026, 16:08","","Lateral Raise (Dumbbell)",,"",0,"warmup",28,5,,,
"Back🦍","2 de jun. de 2026, 14:45","2 de jun. de 2026, 16:08","","Lateral Raise (Dumbbell)",,"",1,"failure",28,10,,,
"Back🦍","2 de jun. de 2026, 14:45","2 de jun. de 2026, 16:08","","Lateral Raise (Dumbbell)",,"",2,"failure",28,7,,,
"Back🦍","2 de jun. de 2026, 14:45","2 de jun. de 2026, 16:08","","rosca scott unilateral de pirraia",,"",0,"warmup",16,3,,,
"Back🦍","2 de jun. de 2026, 14:45","2 de jun. de 2026, 16:08","","rosca scott unilateral de pirraia",,"",1,"normal",16,8,,,10
"Back🦍","2 de jun. de 2026, 14:45","2 de jun. de 2026, 16:08","","rosca scott unilateral de pirraia",,"",2,"normal",14,8,,,
"Cardio 🚴","1 de jun. de 2026, 17:20","1 de jun. de 2026, 17:56","","Cycling",,"",0,"normal",,,7.9,2160,
"Quads🐎","1 de jun. de 2026, 15:38","1 de jun. de 2026, 17:10","Sensação média de um legday🤠","Calf Extension (Machine)",,"",0,"warmup",131.8,12,,,
"Quads🐎","1 de jun. de 2026, 15:38","1 de jun. de 2026, 17:10","Sensação média de um legday🤠","Calf Extension (Machine)",,"",1,"normal",177.3,12,,,
"Quads🐎","1 de jun. de 2026, 15:38","1 de jun. de 2026, 17:10","Sensação média de um legday🤠","Calf Extension (Machine)",,"",2,"normal",177.3,12,,,
"Quads🐎","1 de jun. de 2026, 15:38","1 de jun. de 2026, 17:10","Sensação média de um legday🤠","Squat (Barbell)",,"",0,"warmup",60,10,,,
"Quads🐎","1 de jun. de 2026, 15:38","1 de jun. de 2026, 17:10","Sensação média de um legday🤠","Squat (Barbell)",,"",1,"warmup",100,5,,,
"Quads🐎","1 de jun. de 2026, 15:38","1 de jun. de 2026, 17:10","Sensação média de um legday🤠","Squat (Barbell)",,"",2,"warmup",115,2,,,
"Quads🐎","1 de jun. de 2026, 15:38","1 de jun. de 2026, 17:10","Sensação média de um legday🤠","Squat (Barbell)",,"",3,"normal",115,8,,,10
"Quads🐎","1 de jun. de 2026, 15:38","1 de jun. de 2026, 17:10","Sensação média de um legday🤠","Seated Leg Curl (Machine)",,"",0,"warmup",77,6,,,
"Quads🐎","1 de jun. de 2026, 15:38","1 de jun. de 2026, 17:10","Sensação média de um legday🤠","Seated Leg Curl (Machine)",,"",1,"warmup",104,3,,,
"Quads🐎","1 de jun. de 2026, 15:38","1 de jun. de 2026, 17:10","Sensação média de um legday🤠","Seated Leg Curl (Machine)",,"",2,"normal",104,10,,,10
"Quads🐎","1 de jun. de 2026, 15:38","1 de jun. de 2026, 17:10","Sensação média de um legday🤠","Seated Leg Curl (Machine)",,"",3,"normal",104,7,,,
"Quads🐎","1 de jun. de 2026, 15:38","1 de jun. de 2026, 17:10","Sensação média de um legday🤠","Leg Extension (Machine)",,"",0,"warmup",57,12,,,
"Quads🐎","1 de jun. de 2026, 15:38","1 de jun. de 2026, 17:10","Sensação média de um legday🤠","Leg Extension (Machine)",,"",1,"warmup",104,3,,,
"Quads🐎","1 de jun. de 2026, 15:38","1 de jun. de 2026, 17:10","Sensação média de um legday🤠","Single Leg Extensions",,"",0,"normal",57,9,,,
"Quads🐎","1 de jun. de 2026, 15:38","1 de jun. de 2026, 17:10","Sensação média de um legday🤠","Single Leg Extensions",,"",1,"normal",50,10,,,
"Quads🐎","1 de jun. de 2026, 15:38","1 de jun. de 2026, 17:10","Sensação média de um legday🤠","Hip Adduction (Machine)",,"",0,"warmup",57,8,,,
"Quads🐎","1 de jun. de 2026, 15:38","1 de jun. de 2026, 17:10","Sensação média de um legday🤠","Hip Adduction (Machine)",,"",1,"warmup",70,3,,,
"Quads🐎","1 de jun. de 2026, 15:38","1 de jun. de 2026, 17:10","Sensação média de um legday🤠","Hip Adduction (Machine)",,"",2,"normal",70,9,,,10
"upper 🐸🌱","30 de mai. de 2026, 12:18","30 de mai. de 2026, 13:34","","Lat Pulldown (Cable)",,"",0,"warmup",52.3,10,,,
"upper 🐸🌱","30 de mai. de 2026, 12:18","30 de mai. de 2026, 13:34","","Lat Pulldown (Cable)",,"",1,"warmup",79.5,5,,,
"upper 🐸🌱","30 de mai. de 2026, 12:18","30 de mai. de 2026, 13:34","","Lat Pulldown (Cable)",,"",2,"warmup",93.2,3,,,
"upper 🐸🌱","30 de mai. de 2026, 12:18","30 de mai. de 2026, 13:34","","Lat Pulldown (Cable)",,"",3,"normal",93.2,10,,,
"upper 🐸🌱","30 de mai. de 2026, 12:18","30 de mai. de 2026, 13:34","","Lat Pulldown (Cable)",,"",4,"normal",86.6,7,,,
"upper 🐸🌱","30 de mai. de 2026, 12:18","30 de mai. de 2026, 13:34","","Seated Shoulder Press (Machine)",,"",0,"warmup",50,10,,,
"upper 🐸🌱","30 de mai. de 2026, 12:18","30 de mai. de 2026, 13:34","","Seated Shoulder Press (Machine)",,"",1,"warmup",90,3,,,
"upper 🐸🌱","30 de mai. de 2026, 12:18","30 de mai. de 2026, 13:34","","Seated Shoulder Press (Machine)",,"",2,"normal",90,10,,,10
"upper 🐸🌱","30 de mai. de 2026, 12:18","30 de mai. de 2026, 13:34","","Iso-Lateral Row (Machine)",,"",0,"warmup",35,3,,,
"upper 🐸🌱","30 de mai. de 2026, 12:18","30 de mai. de 2026, 13:34","","Iso-Lateral Row (Machine)",,"",1,"normal",40,10,,,10
"upper 🐸🌱","30 de mai. de 2026, 12:18","30 de mai. de 2026, 13:34","","Lateral Raise (Dumbbell)",,"",0,"warmup",28,5,,,
"upper 🐸🌱","30 de mai. de 2026, 12:18","30 de mai. de 2026, 13:34","","Lateral Raise (Dumbbell)",,"",1,"normal",28,7,,,
"upper 🐸🌱","30 de mai. de 2026, 12:18","30 de mai. de 2026, 13:34","","Lateral Raise (Dumbbell)",,"",2,"failure",24,7,,,
"upper 🐸🌱","30 de mai. de 2026, 12:18","30 de mai. de 2026, 13:34","","Overhead Triceps Extension (Cable)",,"",0,"warmup",31.8,2,,,
"upper 🐸🌱","30 de mai. de 2026, 12:18","30 de mai. de 2026, 13:34","","Overhead Triceps Extension (Cable)",,"",1,"failure",34,10,,,
"Hamstrings🦘","29 de mai. de 2026, 19:57","29 de mai. de 2026, 21:30","treino concentrado","Deadlift (Barbell)",,"",0,"warmup",60,8,,,
"Hamstrings🦘","29 de mai. de 2026, 19:57","29 de mai. de 2026, 21:30","treino concentrado","Deadlift (Barbell)",,"",1,"warmup",100,4,,,
"Hamstrings🦘","29 de mai. de 2026, 19:57","29 de mai. de 2026, 21:30","treino concentrado","Deadlift (Barbell)",,"",2,"warmup",130,1,,,
"Hamstrings🦘","29 de mai. de 2026, 19:57","29 de mai. de 2026, 21:30","treino concentrado","Deadlift (Barbell)",,"",3,"warmup",150,1,,,
"Hamstrings🦘","29 de mai. de 2026, 19:57","29 de mai. de 2026, 21:30","treino concentrado","Deadlift (Barbell)",,"",4,"normal",170,5,,,9.5
"Hamstrings🦘","29 de mai. de 2026, 19:57","29 de mai. de 2026, 21:30","treino concentrado","Hip Thrust (Machine)",,"",0,"warmup",60,5,,,
"Hamstrings🦘","29 de mai. de 2026, 19:57","29 de mai. de 2026, 21:30","treino concentrado","Hip Thrust (Machine)",,"",1,"warmup",85,3,,,
"Hamstrings🦘","29 de mai. de 2026, 19:57","29 de mai. de 2026, 21:30","treino concentrado","Hip Thrust (Machine)",,"",2,"normal",85,11,,,10
"Hamstrings🦘","29 de mai. de 2026, 19:57","29 de mai. de 2026, 21:30","treino concentrado","Seated Leg Curl (Machine)",,"",0,"warmup",77,6,,,
"Hamstrings🦘","29 de mai. de 2026, 19:57","29 de mai. de 2026, 21:30","treino concentrado","Seated Leg Curl (Machine)",,"",1,"warmup",104,3,,,
"Hamstrings🦘","29 de mai. de 2026, 19:57","29 de mai. de 2026, 21:30","treino concentrado","Seated Leg Curl (Machine)",,"",2,"normal",104,10,,,10
"Hamstrings🦘","29 de mai. de 2026, 19:57","29 de mai. de 2026, 21:30","treino concentrado","Seated Leg Curl (Machine)",,"",3,"normal",104,6,,,
"Hamstrings🦘","29 de mai. de 2026, 19:57","29 de mai. de 2026, 21:30","treino concentrado","Leg Extension (Machine)",,"",0,"warmup",57,12,,,
"Hamstrings🦘","29 de mai. de 2026, 19:57","29 de mai. de 2026, 21:30","treino concentrado","Leg Extension (Machine)",,"",1,"warmup",104,3,,,
"Hamstrings🦘","29 de mai. de 2026, 19:57","29 de mai. de 2026, 21:30","treino concentrado","Single Leg Extensions",,"",0,"normal",57,12,,,10
"Hamstrings🦘","29 de mai. de 2026, 19:57","29 de mai. de 2026, 21:30","treino concentrado","Calf Extension (Machine)",,"",0,"warmup",131.8,12,,,
"Hamstrings🦘","29 de mai. de 2026, 19:57","29 de mai. de 2026, 21:30","treino concentrado","Calf Extension (Machine)",,"",1,"normal",168.2,12,,,
"Hamstrings🦘","29 de mai. de 2026, 19:57","29 de mai. de 2026, 21:30","treino concentrado","Calf Extension (Machine)",,"",2,"normal",177.3,12,,,
"Hamstrings🦘","29 de mai. de 2026, 19:57","29 de mai. de 2026, 21:30","treino concentrado","Hip Adduction (Machine)",,"",0,"warmup",57,6,,,
"Hamstrings🦘","29 de mai. de 2026, 19:57","29 de mai. de 2026, 21:30","treino concentrado","Hip Adduction (Machine)",,"",1,"warmup",70,3,,,
"Hamstrings🦘","29 de mai. de 2026, 19:57","29 de mai. de 2026, 21:30","treino concentrado","Hip Adduction (Machine)",,"",2,"normal",70,8,,,10
"cardio 🚴","28 de mai. de 2026, 16:08","28 de mai. de 2026, 16:44","","Cycling",,"",0,"normal",,,9.26,2160,
"Chest🐓","28 de mai. de 2026, 14:50","28 de mai. de 2026, 15:56","","Crunch (Machine)",,"",0,"warmup",50,12,,,
"Chest🐓","28 de mai. de 2026, 14:50","28 de mai. de 2026, 15:56","","Crunch (Machine)",,"",1,"warmup",77,5,,,
"Chest🐓","28 de mai. de 2026, 14:50","28 de mai. de 2026, 15:56","","Crunch (Machine)",,"",2,"warmup",104,3,,,
"Chest🐓","28 de mai. de 2026, 14:50","28 de mai. de 2026, 15:56","","Crunch (Machine)",,"",3,"normal",104,11,,,
"Chest🐓","28 de mai. de 2026, 14:50","28 de mai. de 2026, 15:56","","Chest Fly (Machine)",,"",0,"warmup",59.1,12,,,
"Chest🐓","28 de mai. de 2026, 14:50","28 de mai. de 2026, 15:56","","Chest Fly (Machine)",,"",1,"warmup",79.5,5,,,
"Chest🐓","28 de mai. de 2026, 14:50","28 de mai. de 2026, 15:56","","Chest Fly (Machine)",,"",2,"warmup",100,2,,,
"Chest🐓","28 de mai. de 2026, 14:50","28 de mai. de 2026, 15:56","","Chest Fly (Machine)",,"",3,"normal",93.5,7,,,10
"Chest🐓","28 de mai. de 2026, 14:50","28 de mai. de 2026, 15:56","","Chest Fly (Machine)",,"",4,"normal",86.4,6,,,
"Chest🐓","28 de mai. de 2026, 14:50","28 de mai. de 2026, 15:56","","Incline Bench Press (Dumbbell)",,"",0,"warmup",64,5,,,
"Chest🐓","28 de mai. de 2026, 14:50","28 de mai. de 2026, 15:56","","Incline Bench Press (Dumbbell)",,"",1,"warmup",68,3,,,
"Chest🐓","28 de mai. de 2026, 14:50","28 de mai. de 2026, 15:56","","Incline Bench Press (Dumbbell)",,"",2,"normal",72,6,,,10
"Chest🐓","28 de mai. de 2026, 14:50","28 de mai. de 2026, 15:56","","Decline Bench Press (Machine)",,"",0,"failure",80,8,,,10
"Chest🐓","28 de mai. de 2026, 14:50","28 de mai. de 2026, 15:56","","Single Arm Lateral Raise (Cable)",,"",0,"warmup",7.5,5,,,
"Chest🐓","28 de mai. de 2026, 14:50","28 de mai. de 2026, 15:56","","Single Arm Lateral Raise (Cable)",,"",1,"failure",7.5,10,,,
"Chest🐓","28 de mai. de 2026, 14:50","28 de mai. de 2026, 15:56","","Single Arm Lateral Raise (Cable)",,"",2,"failure",5,12,,,
"Chest🐓","28 de mai. de 2026, 14:50","28 de mai. de 2026, 15:56","","Triceps Pushdown",,"",0,"warmup",32.5,3,,,
"Chest🐓","28 de mai. de 2026, 14:50","28 de mai. de 2026, 15:56","","Triceps Pushdown",,"",1,"failure",35,8,,,10
"Back🦍","26 de mai. de 2026, 14:51","26 de mai. de 2026, 16:35","Treino de alma - eterno bbzinho 🖤","Lat Pulldown (Cable)",,"",0,"warmup",52.3,10,,,
"Back🦍","26 de mai. de 2026, 14:51","26 de mai. de 2026, 16:35","Treino de alma - eterno bbzinho 🖤","Lat Pulldown (Cable)",,"",1,"warmup",79.5,5,,,
"Back🦍","26 de mai. de 2026, 14:51","26 de mai. de 2026, 16:35","Treino de alma - eterno bbzinho 🖤","Lat Pulldown (Cable)",,"",2,"warmup",93.2,3,,,
"Back🦍","26 de mai. de 2026, 14:51","26 de mai. de 2026, 16:35","Treino de alma - eterno bbzinho 🖤","Lat Pulldown (Cable)",,"",3,"normal",93.2,9,,,
"Back🦍","26 de mai. de 2026, 14:51","26 de mai. de 2026, 16:35","Treino de alma - eterno bbzinho 🖤","Lat Pulldown (Cable)",,"",4,"normal",86.6,6,,,
"Back🦍","26 de mai. de 2026, 14:51","26 de mai. de 2026, 16:35","Treino de alma - eterno bbzinho 🖤","Bent Over Row (Barbell)",,"",0,"warmup",60,6,,,
"Back🦍","26 de mai. de 2026, 14:51","26 de mai. de 2026, 16:35","Treino de alma - eterno bbzinho 🖤","Bent Over Row (Barbell)",,"",1,"warmup",90,3,,,
"Back🦍","26 de mai. de 2026, 14:51","26 de mai. de 2026, 16:35","Treino de alma - eterno bbzinho 🖤","Bent Over Row (Barbell)",,"",2,"warmup",95,3,,,
"Back🦍","26 de mai. de 2026, 14:51","26 de mai. de 2026, 16:35","Treino de alma - eterno bbzinho 🖤","Bent Over Row (Barbell)",,"",3,"normal",95,8,,,
"Back🦍","26 de mai. de 2026, 14:51","26 de mai. de 2026, 16:35","Treino de alma - eterno bbzinho 🖤","Rear Delt Reverse Fly (Machine)",,"",0,"warmup",72.7,3,,,
"Back🦍","26 de mai. de 2026, 14:51","26 de mai. de 2026, 16:35","Treino de alma - eterno bbzinho 🖤","Rear Delt Reverse Fly (Machine)",,"",1,"normal",72.7,9,,,
"Back🦍","26 de mai. de 2026, 14:51","26 de mai. de 2026, 16:35","Treino de alma - eterno bbzinho 🖤","Rear Delt Reverse Fly (Machine)",,"",2,"normal",72.7,7,,,
"Back🦍","26 de mai. de 2026, 14:51","26 de mai. de 2026, 16:35","Treino de alma - eterno bbzinho 🖤","Lateral Raise (Dumbbell)",,"",0,"warmup",28,5,,,
"Back🦍","26 de mai. de 2026, 14:51","26 de mai. de 2026, 16:35","Treino de alma - eterno bbzinho 🖤","Lateral Raise (Dumbbell)",,"",1,"normal",28,10,,,
"Back🦍","26 de mai. de 2026, 14:51","26 de mai. de 2026, 16:35","Treino de alma - eterno bbzinho 🖤","Lateral Raise (Dumbbell)",,"",2,"failure",28,7,,,
"Back🦍","26 de mai. de 2026, 14:51","26 de mai. de 2026, 16:35","Treino de alma - eterno bbzinho 🖤","rosca scott unilateral de pirraia",,"",0,"warmup",16,3,,,
"Back🦍","26 de mai. de 2026, 14:51","26 de mai. de 2026, 16:35","Treino de alma - eterno bbzinho 🖤","rosca scott unilateral de pirraia",,"",1,"normal",16,6,,,
"Back🦍","26 de mai. de 2026, 14:51","26 de mai. de 2026, 16:35","Treino de alma - eterno bbzinho 🖤","rosca scott unilateral de pirraia",,"",2,"normal",14,7,,,
"Back🦍","26 de mai. de 2026, 14:51","26 de mai. de 2026, 16:35","Treino de alma - eterno bbzinho 🖤","Crunch (Machine)",,"",0,"warmup",57,8,,,
"Back🦍","26 de mai. de 2026, 14:51","26 de mai. de 2026, 16:35","Treino de alma - eterno bbzinho 🖤","Crunch (Machine)",,"",1,"warmup",104,5,,,
"Back🦍","26 de mai. de 2026, 14:51","26 de mai. de 2026, 16:35","Treino de alma - eterno bbzinho 🖤","Crunch (Machine)",,"",2,"normal",104,10,,,
"Hamstrings🦘","22 de mai. de 2026, 15:04","22 de mai. de 2026, 16:29","","Deadlift (Barbell)",,"",0,"warmup",100,4,,,
"Hamstrings🦘","22 de mai. de 2026, 15:04","22 de mai. de 2026, 16:29","","Deadlift (Barbell)",,"",1,"warmup",100,3,,,
"Hamstrings🦘","22 de mai. de 2026, 15:04","22 de mai. de 2026, 16:29","","Deadlift (Barbell)",,"",2,"warmup",130,1,,,
"Hamstrings🦘","22 de mai. de 2026, 15:04","22 de mai. de 2026, 16:29","","Deadlift (Barbell)",,"",3,"warmup",150,1,,,
"Hamstrings🦘","22 de mai. de 2026, 15:04","22 de mai. de 2026, 16:29","","Deadlift (Barbell)",,"",4,"normal",170,3,,,
"Hamstrings🦘","22 de mai. de 2026, 15:04","22 de mai. de 2026, 16:29","","Hip Thrust (Machine)",,"",0,"warmup",60,6,,,
"Hamstrings🦘","22 de mai. de 2026, 15:04","22 de mai. de 2026, 16:29","","Hip Thrust (Machine)",,"",1,"warmup",85,3,,,
"Hamstrings🦘","22 de mai. de 2026, 15:04","22 de mai. de 2026, 16:29","","Hip Thrust (Machine)",,"",2,"normal",85,9,,,10
"Hamstrings🦘","22 de mai. de 2026, 15:04","22 de mai. de 2026, 16:29","","Seated Leg Curl (Machine)",,"",0,"warmup",77,6,,,
"Hamstrings🦘","22 de mai. de 2026, 15:04","22 de mai. de 2026, 16:29","","Seated Leg Curl (Machine)",,"",1,"warmup",97,2,,,
"Hamstrings🦘","22 de mai. de 2026, 15:04","22 de mai. de 2026, 16:29","","Seated Leg Curl (Machine)",,"",2,"normal",104,8,,,9.5
"Hamstrings🦘","22 de mai. de 2026, 15:04","22 de mai. de 2026, 16:29","","Seated Leg Curl (Machine)",,"",3,"normal",97,6,,,
"Hamstrings🦘","22 de mai. de 2026, 15:04","22 de mai. de 2026, 16:29","","Leg Extension (Machine)",,"",0,"warmup",77,6,,,
"Hamstrings🦘","22 de mai. de 2026, 15:04","22 de mai. de 2026, 16:29","","Leg Extension (Machine)",,"",1,"warmup",104,3,,,
"Hamstrings🦘","22 de mai. de 2026, 15:04","22 de mai. de 2026, 16:29","","Single Leg Extensions",,"",0,"normal",57,9,,,10
"Hamstrings🦘","22 de mai. de 2026, 15:04","22 de mai. de 2026, 16:29","","Calf Extension (Machine)",,"",0,"warmup",131.8,12,,,
"Hamstrings🦘","22 de mai. de 2026, 15:04","22 de mai. de 2026, 16:29","","Calf Extension (Machine)",,"",1,"normal",177.3,12,,,
"cardio","20 de mai. de 2026, 19:36","20 de mai. de 2026, 20:36","shhh","Cycling",,"",0,"normal",,,13.71,3600,
"cardio","19 de mai. de 2026, 18:52","19 de mai. de 2026, 19:28","","Cycling",,"",0,"normal",,,9.1,2160,
"Back🦍","19 de mai. de 2026, 17:18","19 de mai. de 2026, 18:40","""Ele voltou, ELE TÁ VIVO!! OPTIMUS ESTÁ AQUI!!!!!""","Lat Pulldown (Cable)",,"",0,"warmup",52.3,10,,,
"Back🦍","19 de mai. de 2026, 17:18","19 de mai. de 2026, 18:40","""Ele voltou, ELE TÁ VIVO!! OPTIMUS ESTÁ AQUI!!!!!""","Lat Pulldown (Cable)",,"",1,"warmup",79.5,5,,,
"Back🦍","19 de mai. de 2026, 17:18","19 de mai. de 2026, 18:40","""Ele voltou, ELE TÁ VIVO!! OPTIMUS ESTÁ AQUI!!!!!""","Lat Pulldown (Cable)",,"",2,"warmup",93.2,3,,,
"Back🦍","19 de mai. de 2026, 17:18","19 de mai. de 2026, 18:40","""Ele voltou, ELE TÁ VIVO!! OPTIMUS ESTÁ AQUI!!!!!""","Lat Pulldown (Cable)",,"",3,"normal",93.2,10,,,10
"Back🦍","19 de mai. de 2026, 17:18","19 de mai. de 2026, 18:40","""Ele voltou, ELE TÁ VIVO!! OPTIMUS ESTÁ AQUI!!!!!""","Lat Pulldown (Cable)",,"",4,"normal",93.2,6,,,
"Back🦍","19 de mai. de 2026, 17:18","19 de mai. de 2026, 18:40","""Ele voltou, ELE TÁ VIVO!! OPTIMUS ESTÁ AQUI!!!!!""","Bent Over Row (Barbell)",,"",0,"warmup",60,6,,,
"Back🦍","19 de mai. de 2026, 17:18","19 de mai. de 2026, 18:40","""Ele voltou, ELE TÁ VIVO!! OPTIMUS ESTÁ AQUI!!!!!""","Bent Over Row (Barbell)",,"",1,"warmup",90,3,,,
"Back🦍","19 de mai. de 2026, 17:18","19 de mai. de 2026, 18:40","""Ele voltou, ELE TÁ VIVO!! OPTIMUS ESTÁ AQUI!!!!!""","Bent Over Row (Barbell)",,"",2,"normal",95,9,,,10
"Back🦍","19 de mai. de 2026, 17:18","19 de mai. de 2026, 18:40","""Ele voltou, ELE TÁ VIVO!! OPTIMUS ESTÁ AQUI!!!!!""","Rear Delt Reverse Fly (Machine)",,"",0,"warmup",72.7,3,,,
"Back🦍","19 de mai. de 2026, 17:18","19 de mai. de 2026, 18:40","""Ele voltou, ELE TÁ VIVO!! OPTIMUS ESTÁ AQUI!!!!!""","Rear Delt Reverse Fly (Machine)",,"",1,"normal",72.7,10,,,
"Back🦍","19 de mai. de 2026, 17:18","19 de mai. de 2026, 18:40","""Ele voltou, ELE TÁ VIVO!! OPTIMUS ESTÁ AQUI!!!!!""","Rear Delt Reverse Fly (Machine)",,"",2,"normal",72.7,7,,,
"Back🦍","19 de mai. de 2026, 17:18","19 de mai. de 2026, 18:40","""Ele voltou, ELE TÁ VIVO!! OPTIMUS ESTÁ AQUI!!!!!""","Lateral Raise (Dumbbell)",,"",0,"warmup",28,5,,,
"Back🦍","19 de mai. de 2026, 17:18","19 de mai. de 2026, 18:40","""Ele voltou, ELE TÁ VIVO!! OPTIMUS ESTÁ AQUI!!!!!""","Lateral Raise (Dumbbell)",,"",1,"normal",28,11,,,10
"Back🦍","19 de mai. de 2026, 17:18","19 de mai. de 2026, 18:40","""Ele voltou, ELE TÁ VIVO!! OPTIMUS ESTÁ AQUI!!!!!""","Lateral Raise (Dumbbell)",,"",2,"failure",28,7,,,
"Back🦍","19 de mai. de 2026, 17:18","19 de mai. de 2026, 18:40","""Ele voltou, ELE TÁ VIVO!! OPTIMUS ESTÁ AQUI!!!!!""","Preacher Curl (Machine)",,"",0,"warmup",77,3,,,
"Back🦍","19 de mai. de 2026, 17:18","19 de mai. de 2026, 18:40","""Ele voltou, ELE TÁ VIVO!! OPTIMUS ESTÁ AQUI!!!!!""","Preacher Curl (Machine)",,"",1,"normal",77,6,,,
"Back🦍","19 de mai. de 2026, 17:18","19 de mai. de 2026, 18:40","""Ele voltou, ELE TÁ VIVO!! OPTIMUS ESTÁ AQUI!!!!!""","Preacher Curl (Machine)",,"",2,"normal",70,5,,,
"Back🦍","19 de mai. de 2026, 17:18","19 de mai. de 2026, 18:40","""Ele voltou, ELE TÁ VIVO!! OPTIMUS ESTÁ AQUI!!!!!""","Crunch (Machine)",,"",0,"warmup",97,8,,,
"Back🦍","19 de mai. de 2026, 17:18","19 de mai. de 2026, 18:40","""Ele voltou, ELE TÁ VIVO!! OPTIMUS ESTÁ AQUI!!!!!""","Crunch (Machine)",,"",1,"normal",104,10,,,
"Back🦍","19 de mai. de 2026, 17:18","19 de mai. de 2026, 18:40","""Ele voltou, ELE TÁ VIVO!! OPTIMUS ESTÁ AQUI!!!!!""","Crunch (Machine)",,"",2,"normal",104,8,,,
"Cardio","18 de mai. de 2026, 17:26","18 de mai. de 2026, 18:02","o cardio mais triste do ano!","Cycling",,"",0,"normal",,,8.59,2160,
"Quads🐎","18 de mai. de 2026, 15:47","18 de mai. de 2026, 17:23","eu sou uma vítima do meu próprio sucesso!","Calf Extension (Machine)",,"",0,"warmup",131.8,12,,,
"Quads🐎","18 de mai. de 2026, 15:47","18 de mai. de 2026, 17:23","eu sou uma vítima do meu próprio sucesso!","Calf Extension (Machine)",,"",1,"normal",177.3,12,,,
"Quads🐎","18 de mai. de 2026, 15:47","18 de mai. de 2026, 17:23","eu sou uma vítima do meu próprio sucesso!","Calf Extension (Machine)",,"",2,"normal",177.3,12,,,
"Quads🐎","18 de mai. de 2026, 15:47","18 de mai. de 2026, 17:23","eu sou uma vítima do meu próprio sucesso!","Squat (Barbell)",,"",0,"warmup",60,8,,,
"Quads🐎","18 de mai. de 2026, 15:47","18 de mai. de 2026, 17:23","eu sou uma vítima do meu próprio sucesso!","Squat (Barbell)",,"",1,"warmup",100,5,,,
"Quads🐎","18 de mai. de 2026, 15:47","18 de mai. de 2026, 17:23","eu sou uma vítima do meu próprio sucesso!","Squat (Barbell)",,"",2,"warmup",115,2,,,
"Quads🐎","18 de mai. de 2026, 15:47","18 de mai. de 2026, 17:23","eu sou uma vítima do meu próprio sucesso!","Squat (Barbell)",,"",3,"normal",115,9,,,10
"Quads🐎","18 de mai. de 2026, 15:47","18 de mai. de 2026, 17:23","eu sou uma vítima do meu próprio sucesso!","Leg Extension (Machine)",,"",0,"warmup",77,6,,,
"Quads🐎","18 de mai. de 2026, 15:47","18 de mai. de 2026, 17:23","eu sou uma vítima do meu próprio sucesso!","Leg Extension (Machine)",,"",1,"warmup",104,3,,,
"Quads🐎","18 de mai. de 2026, 15:47","18 de mai. de 2026, 17:23","eu sou uma vítima do meu próprio sucesso!","Single Leg Extensions",,"",0,"normal",57,8,,,
"Quads🐎","18 de mai. de 2026, 15:47","18 de mai. de 2026, 17:23","eu sou uma vítima do meu próprio sucesso!","Single Leg Extensions",,"",1,"normal",50,12,,,
"Quads🐎","18 de mai. de 2026, 15:47","18 de mai. de 2026, 17:23","eu sou uma vítima do meu próprio sucesso!","Seated Leg Curl (Machine)",,"",0,"warmup",70,6,,,
"Quads🐎","18 de mai. de 2026, 15:47","18 de mai. de 2026, 17:23","eu sou uma vítima do meu próprio sucesso!","Seated Leg Curl (Machine)",,"",1,"warmup",97,3,,,
"Quads🐎","18 de mai. de 2026, 15:47","18 de mai. de 2026, 17:23","eu sou uma vítima do meu próprio sucesso!","Seated Leg Curl (Machine)",,"",2,"normal",97,14,,,10
"Quads🐎","18 de mai. de 2026, 15:47","18 de mai. de 2026, 17:23","eu sou uma vítima do meu próprio sucesso!","Hip Adduction (Machine)",,"",0,"warmup",50,6,,,
"Quads🐎","18 de mai. de 2026, 15:47","18 de mai. de 2026, 17:23","eu sou uma vítima do meu próprio sucesso!","Hip Adduction (Machine)",,"",1,"warmup",70,3,,,
"Quads🐎","18 de mai. de 2026, 15:47","18 de mai. de 2026, 17:23","eu sou uma vítima do meu próprio sucesso!","Hip Adduction (Machine)",,"",2,"normal",70,8,,,10
"upper 🐸","16 de mai. de 2026, 12:14","16 de mai. de 2026, 13:47","Cantando pq esquecemos o fone. 🎧","Crunch (Machine)",,"",0,"warmup",97,5,,,
"upper 🐸","16 de mai. de 2026, 12:14","16 de mai. de 2026, 13:47","Cantando pq esquecemos o fone. 🎧","Crunch (Machine)",,"",1,"normal",104,10,,,
"upper 🐸","16 de mai. de 2026, 12:14","16 de mai. de 2026, 13:47","Cantando pq esquecemos o fone. 🎧","Decline Bench Press (Machine)",,"",0,"warmup",40,12,,,
"upper 🐸","16 de mai. de 2026, 12:14","16 de mai. de 2026, 13:47","Cantando pq esquecemos o fone. 🎧","Decline Bench Press (Machine)",,"",1,"warmup",60,5,,,
"upper 🐸","16 de mai. de 2026, 12:14","16 de mai. de 2026, 13:47","Cantando pq esquecemos o fone. 🎧","Decline Bench Press (Machine)",,"",2,"warmup",80,3,,,
"upper 🐸","16 de mai. de 2026, 12:14","16 de mai. de 2026, 13:47","Cantando pq esquecemos o fone. 🎧","Decline Bench Press (Machine)",,"",3,"normal",80,10,,,9
"upper 🐸","16 de mai. de 2026, 12:14","16 de mai. de 2026, 13:47","Cantando pq esquecemos o fone. 🎧","Decline Bench Press (Machine)",,"",4,"normal",80,8,,,
"upper 🐸","16 de mai. de 2026, 12:14","16 de mai. de 2026, 13:47","Cantando pq esquecemos o fone. 🎧","Lat Pulldown (Cable)",,"",0,"warmup",52.3,8,,,
"upper 🐸","16 de mai. de 2026, 12:14","16 de mai. de 2026, 13:47","Cantando pq esquecemos o fone. 🎧","Lat Pulldown (Cable)",,"",1,"warmup",72.7,5,,,
"upper 🐸","16 de mai. de 2026, 12:14","16 de mai. de 2026, 13:47","Cantando pq esquecemos o fone. 🎧","Lat Pulldown (Cable)",,"",2,"warmup",86.4,3,,,
"upper 🐸","16 de mai. de 2026, 12:14","16 de mai. de 2026, 13:47","Cantando pq esquecemos o fone. 🎧","Lat Pulldown (Cable)",,"",3,"normal",93.2,8,,,10
"upper 🐸","16 de mai. de 2026, 12:14","16 de mai. de 2026, 13:47","Cantando pq esquecemos o fone. 🎧","Lat Pulldown (Cable)",,"",4,"normal",86.4,7,,,
"upper 🐸","16 de mai. de 2026, 12:14","16 de mai. de 2026, 13:47","Cantando pq esquecemos o fone. 🎧","Seated Shoulder Press (Machine)",,"",0,"warmup",90,3,,,
"upper 🐸","16 de mai. de 2026, 12:14","16 de mai. de 2026, 13:47","Cantando pq esquecemos o fone. 🎧","Seated Shoulder Press (Machine)",,"",1,"failure",90,7,,,
"upper 🐸","16 de mai. de 2026, 12:14","16 de mai. de 2026, 13:47","Cantando pq esquecemos o fone. 🎧","Iso-Lateral Row (Machine)",,"",0,"warmup",20,6,,,
"upper 🐸","16 de mai. de 2026, 12:14","16 de mai. de 2026, 13:47","Cantando pq esquecemos o fone. 🎧","Iso-Lateral Row (Machine)",,"",1,"warmup",30,3,,,
"upper 🐸","16 de mai. de 2026, 12:14","16 de mai. de 2026, 13:47","Cantando pq esquecemos o fone. 🎧","Iso-Lateral Row (Machine)",,"",2,"normal",40,9,,,10
"upper 🐸","16 de mai. de 2026, 12:14","16 de mai. de 2026, 13:47","Cantando pq esquecemos o fone. 🎧","Lateral Raise (Dumbbell)",,"",0,"warmup",24,5,,,
"upper 🐸","16 de mai. de 2026, 12:14","16 de mai. de 2026, 13:47","Cantando pq esquecemos o fone. 🎧","Lateral Raise (Dumbbell)",,"",1,"failure",28,9,,,10
"upper 🐸","16 de mai. de 2026, 12:14","16 de mai. de 2026, 13:47","Cantando pq esquecemos o fone. 🎧","Lateral Raise (Dumbbell)",,"",2,"normal",28,6,,,
"upper 🐸","16 de mai. de 2026, 12:14","16 de mai. de 2026, 13:47","Cantando pq esquecemos o fone. 🎧","rosca scott unilateral de pirraia",,"",0,"warmup",16,3,,,
"upper 🐸","16 de mai. de 2026, 12:14","16 de mai. de 2026, 13:47","Cantando pq esquecemos o fone. 🎧","rosca scott unilateral de pirraia",,"",1,"normal",16,7,,,
"cardio","15 de mai. de 2026, 21:22","15 de mai. de 2026, 21:58","","Cycling",,"",0,"normal",,,8.66,2160,
"Hamstrings🦘","15 de mai. de 2026, 19:43","15 de mai. de 2026, 21:13","""Saudade de quando era mais novo""","Deadlift (Barbell)",,"",0,"warmup",60,7,,,
"Hamstrings🦘","15 de mai. de 2026, 19:43","15 de mai. de 2026, 21:13","""Saudade de quando era mais novo""","Deadlift (Barbell)",,"",1,"warmup",100,3,,,
"Hamstrings🦘","15 de mai. de 2026, 19:43","15 de mai. de 2026, 21:13","""Saudade de quando era mais novo""","Deadlift (Barbell)",,"",2,"warmup",130,1,,,
"Hamstrings🦘","15 de mai. de 2026, 19:43","15 de mai. de 2026, 21:13","""Saudade de quando era mais novo""","Deadlift (Barbell)",,"",3,"warmup",150,1,,,
"Hamstrings🦘","15 de mai. de 2026, 19:43","15 de mai. de 2026, 21:13","""Saudade de quando era mais novo""","Deadlift (Barbell)",,"",4,"normal",170,4,,,10
"Hamstrings🦘","15 de mai. de 2026, 19:43","15 de mai. de 2026, 21:13","""Saudade de quando era mais novo""","Hip Thrust (Machine)",,"",0,"warmup",60,6,,,
"Hamstrings🦘","15 de mai. de 2026, 19:43","15 de mai. de 2026, 21:13","""Saudade de quando era mais novo""","Hip Thrust (Machine)",,"",1,"warmup",85,3,,,
"Hamstrings🦘","15 de mai. de 2026, 19:43","15 de mai. de 2026, 21:13","""Saudade de quando era mais novo""","Hip Thrust (Machine)",,"",2,"normal",85,8,,,
"Hamstrings🦘","15 de mai. de 2026, 19:43","15 de mai. de 2026, 21:13","""Saudade de quando era mais novo""","Seated Leg Curl (Machine)",,"",0,"warmup",77,6,,,
"Hamstrings🦘","15 de mai. de 2026, 19:43","15 de mai. de 2026, 21:13","""Saudade de quando era mais novo""","Seated Leg Curl (Machine)",,"",1,"warmup",97,2,,,
"Hamstrings🦘","15 de mai. de 2026, 19:43","15 de mai. de 2026, 21:13","""Saudade de quando era mais novo""","Seated Leg Curl (Machine)",,"",2,"normal",97,10,,,
"Hamstrings🦘","15 de mai. de 2026, 19:43","15 de mai. de 2026, 21:13","""Saudade de quando era mais novo""","Seated Leg Curl (Machine)",,"",3,"normal",97,7,,,
"Hamstrings🦘","15 de mai. de 2026, 19:43","15 de mai. de 2026, 21:13","""Saudade de quando era mais novo""","Leg Extension (Machine)",,"",0,"warmup",77,6,,,
"Hamstrings🦘","15 de mai. de 2026, 19:43","15 de mai. de 2026, 21:13","""Saudade de quando era mais novo""","Leg Extension (Machine)",,"",1,"warmup",97,3,,,
"Hamstrings🦘","15 de mai. de 2026, 19:43","15 de mai. de 2026, 21:13","""Saudade de quando era mais novo""","Single Leg Extensions",,"",0,"normal",57,7,,,
"Hamstrings🦘","15 de mai. de 2026, 19:43","15 de mai. de 2026, 21:13","""Saudade de quando era mais novo""","Calf Extension (Machine)",,"",0,"warmup",131.8,12,,,
"Hamstrings🦘","15 de mai. de 2026, 19:43","15 de mai. de 2026, 21:13","""Saudade de quando era mais novo""","Calf Extension (Machine)",,"",1,"normal",168.2,12,,,
"Hamstrings🦘","15 de mai. de 2026, 19:43","15 de mai. de 2026, 21:13","""Saudade de quando era mais novo""","Calf Extension (Machine)",,"",2,"normal",177.3,12,,,
"Hamstrings🦘","15 de mai. de 2026, 19:43","15 de mai. de 2026, 21:13","""Saudade de quando era mais novo""","Hip Adduction (Machine)",,"",0,"warmup",50,6,,,
"Hamstrings🦘","15 de mai. de 2026, 19:43","15 de mai. de 2026, 21:13","""Saudade de quando era mais novo""","Hip Adduction (Machine)",,"",1,"warmup",63,3,,,
"Hamstrings🦘","15 de mai. de 2026, 19:43","15 de mai. de 2026, 21:13","""Saudade de quando era mais novo""","Hip Adduction (Machine)",,"",2,"normal",63,12,,,10
"cardio🪜","14 de mai. de 2026, 16:47","14 de mai. de 2026, 17:23","","Stair Machine (Steps)",,"",0,"normal",,,,2160,
"Chest🐓","14 de mai. de 2026, 15:19","14 de mai. de 2026, 16:36","","Crunch (Machine)",,"",0,"warmup",97,12,,,
"Chest🐓","14 de mai. de 2026, 15:19","14 de mai. de 2026, 16:36","","Crunch (Machine)",,"",1,"normal",104,11,,,
"Chest🐓","14 de mai. de 2026, 15:19","14 de mai. de 2026, 16:36","","Crunch (Machine)",,"",2,"normal",104,9,,,
"Chest🐓","14 de mai. de 2026, 15:19","14 de mai. de 2026, 16:36","","Chest Fly (Machine)",,"",0,"warmup",59.1,12,,,
"Chest🐓","14 de mai. de 2026, 15:19","14 de mai. de 2026, 16:36","","Chest Fly (Machine)",,"",1,"warmup",79.5,5,,,
"Chest🐓","14 de mai. de 2026, 15:19","14 de mai. de 2026, 16:36","","Chest Fly (Machine)",,"",2,"warmup",100,2,,,
"Chest🐓","14 de mai. de 2026, 15:19","14 de mai. de 2026, 16:36","","Chest Fly (Machine)",,"",3,"normal",100,7,,,
"Chest🐓","14 de mai. de 2026, 15:19","14 de mai. de 2026, 16:36","","Chest Fly (Machine)",,"",4,"normal",93.5,6,,,
"Chest🐓","14 de mai. de 2026, 15:19","14 de mai. de 2026, 16:36","","Incline Bench Press (Dumbbell)",,"",0,"warmup",60,5,,,
"Chest🐓","14 de mai. de 2026, 15:19","14 de mai. de 2026, 16:36","","Incline Bench Press (Dumbbell)",,"",1,"warmup",68,3,,,
"Chest🐓","14 de mai. de 2026, 15:19","14 de mai. de 2026, 16:36","","Incline Bench Press (Dumbbell)",,"",2,"normal",72,9,,,9.5
"Chest🐓","14 de mai. de 2026, 15:19","14 de mai. de 2026, 16:36","","Chest Dip",,"",0,"normal",,10,,,
"Chest🐓","14 de mai. de 2026, 15:19","14 de mai. de 2026, 16:36","","Chest Dip",,"",1,"failure",,11,,,
"Chest🐓","14 de mai. de 2026, 15:19","14 de mai. de 2026, 16:36","","Single Arm Lateral Raise (Cable)",,"",0,"warmup",6.8,5,,,
"Chest🐓","14 de mai. de 2026, 15:19","14 de mai. de 2026, 16:36","","Single Arm Lateral Raise (Cable)",,"",1,"failure",9.1,8,,,
"Chest🐓","14 de mai. de 2026, 15:19","14 de mai. de 2026, 16:36","","Single Arm Lateral Raise (Cable)",,"",2,"failure",6.8,12,,,
"Chest🐓","14 de mai. de 2026, 15:19","14 de mai. de 2026, 16:36","","Triceps Pushdown",,"",0,"warmup",34,3,,,
"Chest🐓","14 de mai. de 2026, 15:19","14 de mai. de 2026, 16:36","","Triceps Pushdown",,"",1,"failure",35,7,,,
"cardio","12 de mai. de 2026, 18:15","12 de mai. de 2026, 19:27","","Cycling",,"",0,"normal",,,15.58,4320,
"Back🦍","12 de mai. de 2026, 16:38","12 de mai. de 2026, 18:00","","Lat Pulldown (Cable)",,"",0,"warmup",52.3,10,,,
"Back🦍","12 de mai. de 2026, 16:38","12 de mai. de 2026, 18:00","","Lat Pulldown (Cable)",,"",1,"warmup",72,5,,,
"Back🦍","12 de mai. de 2026, 16:38","12 de mai. de 2026, 18:00","","Lat Pulldown (Cable)",,"",2,"warmup",86.4,3,,,
"Back🦍","12 de mai. de 2026, 16:38","12 de mai. de 2026, 18:00","","Lat Pulldown (Cable)",,"",3,"normal",86.4,12,,,10
"Back🦍","12 de mai. de 2026, 16:38","12 de mai. de 2026, 18:00","","Lat Pulldown (Cable)",,"",4,"normal",86.4,8,,,
"Back🦍","12 de mai. de 2026, 16:38","12 de mai. de 2026, 18:00","","Bent Over Row (Barbell)",,"",0,"warmup",60,6,,,
"Back🦍","12 de mai. de 2026, 16:38","12 de mai. de 2026, 18:00","","Bent Over Row (Barbell)",,"",1,"warmup",90,3,,,
"Back🦍","12 de mai. de 2026, 16:38","12 de mai. de 2026, 18:00","","Bent Over Row (Barbell)",,"",2,"normal",95,9,,,10
"Back🦍","12 de mai. de 2026, 16:38","12 de mai. de 2026, 18:00","","Rear Delt Reverse Fly (Machine)",,"",0,"warmup",68.5,3,,,
"Back🦍","12 de mai. de 2026, 16:38","12 de mai. de 2026, 18:00","","Rear Delt Reverse Fly (Machine)",,"",1,"normal",68.5,12,,,
"Back🦍","12 de mai. de 2026, 16:38","12 de mai. de 2026, 18:00","","Rear Delt Reverse Fly (Machine)",,"",2,"normal",68.5,12,,,
"Back🦍","12 de mai. de 2026, 16:38","12 de mai. de 2026, 18:00","","Lateral Raise (Dumbbell)",,"",0,"warmup",28,5,,,
"Back🦍","12 de mai. de 2026, 16:38","12 de mai. de 2026, 18:00","","Lateral Raise (Dumbbell)",,"",1,"failure",28,8,,,10
"Back🦍","12 de mai. de 2026, 16:38","12 de mai. de 2026, 18:00","","Lateral Raise (Dumbbell)",,"",2,"normal",24,10,,,
"Back🦍","12 de mai. de 2026, 16:38","12 de mai. de 2026, 18:00","","rosca scott unilateral de pirraia",,"",0,"warmup",14,5,,,
"Back🦍","12 de mai. de 2026, 16:38","12 de mai. de 2026, 18:00","","rosca scott unilateral de pirraia",,"",1,"normal",16,7,,,
"Back🦍","12 de mai. de 2026, 16:38","12 de mai. de 2026, 18:00","","rosca scott unilateral de pirraia",,"",2,"normal",12,10,,,
"cardio🪜","11 de mai. de 2026, 17:12","11 de mai. de 2026, 17:49","","Stair Machine (Steps)",,"",0,"normal",,,,2160,
"Quads🐎","11 de mai. de 2026, 15:00","11 de mai. de 2026, 16:40","","Crunch (Machine)",,"",0,"warmup",57,12,,,
"Quads🐎","11 de mai. de 2026, 15:00","11 de mai. de 2026, 16:40","","Crunch (Machine)",,"",1,"warmup",77,5,,,
"Quads🐎","11 de mai. de 2026, 15:00","11 de mai. de 2026, 16:40","","Crunch (Machine)",,"",2,"warmup",104,3,,,
"Quads🐎","11 de mai. de 2026, 15:00","11 de mai. de 2026, 16:40","","Crunch (Machine)",,"",3,"normal",104,10,,,
"Quads🐎","11 de mai. de 2026, 15:00","11 de mai. de 2026, 16:40","","Calf Extension (Machine)",,"",0,"warmup",131.8,12,,,
"Quads🐎","11 de mai. de 2026, 15:00","11 de mai. de 2026, 16:40","","Calf Extension (Machine)",,"",1,"normal",159.1,12,,,
"Quads🐎","11 de mai. de 2026, 15:00","11 de mai. de 2026, 16:40","","Calf Extension (Machine)",,"",2,"normal",178,12,,,
"Quads🐎","11 de mai. de 2026, 15:00","11 de mai. de 2026, 16:40","","Squat (Barbell)",,"",0,"warmup",60,8,,,
"Quads🐎","11 de mai. de 2026, 15:00","11 de mai. de 2026, 16:40","","Squat (Barbell)",,"",1,"warmup",100,4,,,
"Quads🐎","11 de mai. de 2026, 15:00","11 de mai. de 2026, 16:40","","Squat (Barbell)",,"",2,"warmup",115,2,,,
"Quads🐎","11 de mai. de 2026, 15:00","11 de mai. de 2026, 16:40","","Squat (Barbell)",,"",3,"normal",115,8,,,10
"Quads🐎","11 de mai. de 2026, 15:00","11 de mai. de 2026, 16:40","","Leg Extension (Machine)",,"",0,"warmup",77,6,,,
"Quads🐎","11 de mai. de 2026, 15:00","11 de mai. de 2026, 16:40","","Leg Extension (Machine)",,"",1,"warmup",104,3,,,
"Quads🐎","11 de mai. de 2026, 15:00","11 de mai. de 2026, 16:40","","Single Leg Extensions",,"",0,"normal",50,10,,,10
"Quads🐎","11 de mai. de 2026, 15:00","11 de mai. de 2026, 16:40","","Single Leg Extensions",,"",1,"normal",50,8,,,
"Quads🐎","11 de mai. de 2026, 15:00","11 de mai. de 2026, 16:40","","Seated Leg Curl (Machine)",,"",0,"warmup",70,6,,,
"Quads🐎","11 de mai. de 2026, 15:00","11 de mai. de 2026, 16:40","","Seated Leg Curl (Machine)",,"",1,"warmup",97,3,,,
"Quads🐎","11 de mai. de 2026, 15:00","11 de mai. de 2026, 16:40","","Seated Leg Curl (Machine)",,"",2,"normal",97,11,,,10
"Quads🐎","11 de mai. de 2026, 15:00","11 de mai. de 2026, 16:40","","Seated Leg Curl (Machine)",,"",3,"normal",97,8,,,
"Quads🐎","11 de mai. de 2026, 15:00","11 de mai. de 2026, 16:40","","Hip Adduction (Machine)",,"",0,"warmup",50,6,,,
"Quads🐎","11 de mai. de 2026, 15:00","11 de mai. de 2026, 16:40","","Hip Adduction (Machine)",,"",1,"warmup",63,3,,,
"Quads🐎","11 de mai. de 2026, 15:00","11 de mai. de 2026, 16:40","","Hip Adduction (Machine)",,"",2,"normal",63,7,,,
"Cardio","8 de mai. de 2026, 21:06","8 de mai. de 2026, 21:42","Cardio esperando guego💀","Cycling",,"",0,"normal",,,8.46,2160,
"Hamstrings🦘","8 de mai. de 2026, 19:20","8 de mai. de 2026, 21:06","Treino pegado😓","Deadlift (Barbell)",,"",0,"warmup",60,8,,,
"Hamstrings🦘","8 de mai. de 2026, 19:20","8 de mai. de 2026, 21:06","Treino pegado😓","Deadlift (Barbell)",,"",1,"warmup",100,4,,,
"Hamstrings🦘","8 de mai. de 2026, 19:20","8 de mai. de 2026, 21:06","Treino pegado😓","Deadlift (Barbell)",,"",2,"normal",130,2,,,
"Hamstrings🦘","8 de mai. de 2026, 19:20","8 de mai. de 2026, 21:06","Treino pegado😓","Deadlift (Barbell)",,"",3,"normal",150,1,,,
"Hamstrings🦘","8 de mai. de 2026, 19:20","8 de mai. de 2026, 21:06","Treino pegado😓","Deadlift (Barbell)",,"",4,"normal",170,1,,,
"Hamstrings🦘","8 de mai. de 2026, 19:20","8 de mai. de 2026, 21:06","Treino pegado😓","Deadlift (Barbell)",,"",5,"normal",170,3,,,10
"Hamstrings🦘","8 de mai. de 2026, 19:20","8 de mai. de 2026, 21:06","Treino pegado😓","Hip Thrust (Machine)",,"",0,"warmup",50,8,,,
"Hamstrings🦘","8 de mai. de 2026, 19:20","8 de mai. de 2026, 21:06","Treino pegado😓","Hip Thrust (Machine)",,"",1,"warmup",70,3,,,
"Hamstrings🦘","8 de mai. de 2026, 19:20","8 de mai. de 2026, 21:06","Treino pegado😓","Hip Thrust (Machine)",,"",2,"failure",80,12,,,10
"Hamstrings🦘","8 de mai. de 2026, 19:20","8 de mai. de 2026, 21:06","Treino pegado😓","Seated Leg Curl (Machine)",,"",0,"warmup",63,8,,,
"Hamstrings🦘","8 de mai. de 2026, 19:20","8 de mai. de 2026, 21:06","Treino pegado😓","Seated Leg Curl (Machine)",,"",1,"warmup",90,3,,,
"Hamstrings🦘","8 de mai. de 2026, 19:20","8 de mai. de 2026, 21:06","Treino pegado😓","Seated Leg Curl (Machine)",,"",2,"normal",90,10,,,8
"Hamstrings🦘","8 de mai. de 2026, 19:20","8 de mai. de 2026, 21:06","Treino pegado😓","Seated Leg Curl (Machine)",,"",3,"normal",90,8,,,
"Hamstrings🦘","8 de mai. de 2026, 19:20","8 de mai. de 2026, 21:06","Treino pegado😓","Leg Extension (Machine)",,"",0,"warmup",77,6,,,
"Hamstrings🦘","8 de mai. de 2026, 19:20","8 de mai. de 2026, 21:06","Treino pegado😓","Leg Extension (Machine)",,"",1,"warmup",104,3,,,
"Hamstrings🦘","8 de mai. de 2026, 19:20","8 de mai. de 2026, 21:06","Treino pegado😓","Leg Extension (Machine)",,"",2,"failure",104,10,,,8
"Hamstrings🦘","8 de mai. de 2026, 19:20","8 de mai. de 2026, 21:06","Treino pegado😓","Calf Extension (Machine)",,"",0,"warmup",122.7,12,,,
"Hamstrings🦘","8 de mai. de 2026, 19:20","8 de mai. de 2026, 21:06","Treino pegado😓","Calf Extension (Machine)",,"",1,"normal",159.1,12,,,
"Hamstrings🦘","8 de mai. de 2026, 19:20","8 de mai. de 2026, 21:06","Treino pegado😓","Calf Extension (Machine)",,"",2,"normal",168.2,15,,,10
"cardio","7 de mai. de 2026, 16:38","7 de mai. de 2026, 17:08","","Cycling",,"",0,"normal",,,7,1800,
"Chest🐓","7 de mai. de 2026, 15:17","7 de mai. de 2026, 16:32","","Crunch (Machine)",,"",0,"warmup",57,12,,,
"Chest🐓","7 de mai. de 2026, 15:17","7 de mai. de 2026, 16:32","","Crunch (Machine)",,"",1,"warmup",77,5,,,
"Chest🐓","7 de mai. de 2026, 15:17","7 de mai. de 2026, 16:32","","Crunch (Machine)",,"",2,"warmup",104,3,,,
"Chest🐓","7 de mai. de 2026, 15:17","7 de mai. de 2026, 16:32","","Crunch (Machine)",,"",3,"normal",104,8,,,
"Chest🐓","7 de mai. de 2026, 15:17","7 de mai. de 2026, 16:32","","Chest Fly (Machine)",,"",0,"warmup",59.1,10,,,
"Chest🐓","7 de mai. de 2026, 15:17","7 de mai. de 2026, 16:32","","Chest Fly (Machine)",,"",1,"warmup",79.5,5,,,
"Chest🐓","7 de mai. de 2026, 15:17","7 de mai. de 2026, 16:32","","Chest Fly (Machine)",,"",2,"warmup",100,2,,,
"Chest🐓","7 de mai. de 2026, 15:17","7 de mai. de 2026, 16:32","","Chest Fly (Machine)",,"",3,"normal",100,8,,,10
"Chest🐓","7 de mai. de 2026, 15:17","7 de mai. de 2026, 16:32","","Chest Fly (Machine)",,"",4,"normal",93.5,6,,,
"Chest🐓","7 de mai. de 2026, 15:17","7 de mai. de 2026, 16:32","","Incline Bench Press (Dumbbell)",,"",0,"warmup",60,5,,,
"Chest🐓","7 de mai. de 2026, 15:17","7 de mai. de 2026, 16:32","","Incline Bench Press (Dumbbell)",,"",1,"warmup",68,3,,,
"Chest🐓","7 de mai. de 2026, 15:17","7 de mai. de 2026, 16:32","","Incline Bench Press (Dumbbell)",,"",2,"normal",68,9,,,
"Chest🐓","7 de mai. de 2026, 15:17","7 de mai. de 2026, 16:32","","Chest Dip",,"",0,"normal",,10,,,
"Chest🐓","7 de mai. de 2026, 15:17","7 de mai. de 2026, 16:32","","Chest Dip",,"",1,"failure",,10,,,10
"Chest🐓","7 de mai. de 2026, 15:17","7 de mai. de 2026, 16:32","","Single Arm Lateral Raise (Cable)",,"",0,"warmup",7.5,3,,,
"Chest🐓","7 de mai. de 2026, 15:17","7 de mai. de 2026, 16:32","","Single Arm Lateral Raise (Cable)",,"",1,"failure",7.5,8,,,
"Chest🐓","7 de mai. de 2026, 15:17","7 de mai. de 2026, 16:32","","Single Arm Lateral Raise (Cable)",,"",2,"failure",5,11,,,
"Chest🐓","7 de mai. de 2026, 15:17","7 de mai. de 2026, 16:32","","Triceps Pushdown",,"",0,"warmup",32.5,3,,,
"Chest🐓","7 de mai. de 2026, 15:17","7 de mai. de 2026, 16:32","","Triceps Pushdown",,"",1,"failure",35,7,,,
"sem resenha. 😐","5 de mai. de 2026, 16:37","5 de mai. de 2026, 17:14","","Treadmill",,"15 de inclinação",0,"normal",,,3,2160,
"Back🦍","5 de mai. de 2026, 15:04","5 de mai. de 2026, 16:28","Menos aura, mais BF!🍔","Lat Pulldown (Cable)",,"",0,"warmup",52.3,10,,,
"Back🦍","5 de mai. de 2026, 15:04","5 de mai. de 2026, 16:28","Menos aura, mais BF!🍔","Lat Pulldown (Cable)",,"",1,"warmup",72,5,,,
"Back🦍","5 de mai. de 2026, 15:04","5 de mai. de 2026, 16:28","Menos aura, mais BF!🍔","Lat Pulldown (Cable)",,"",2,"warmup",86.4,3,,,
"Back🦍","5 de mai. de 2026, 15:04","5 de mai. de 2026, 16:28","Menos aura, mais BF!🍔","Lat Pulldown (Cable)",,"",3,"normal",86.4,10,,,10
"Back🦍","5 de mai. de 2026, 15:04","5 de mai. de 2026, 16:28","Menos aura, mais BF!🍔","Lat Pulldown (Cable)",,"",4,"normal",86.4,8,,,
"Back🦍","5 de mai. de 2026, 15:04","5 de mai. de 2026, 16:28","Menos aura, mais BF!🍔","Bent Over Row (Barbell)",,"",0,"warmup",60,6,,,
"Back🦍","5 de mai. de 2026, 15:04","5 de mai. de 2026, 16:28","Menos aura, mais BF!🍔","Bent Over Row (Barbell)",,"",1,"warmup",80,5,,,
"Back🦍","5 de mai. de 2026, 15:04","5 de mai. de 2026, 16:28","Menos aura, mais BF!🍔","Bent Over Row (Barbell)",,"",2,"warmup",95,3,,,
"Back🦍","5 de mai. de 2026, 15:04","5 de mai. de 2026, 16:28","Menos aura, mais BF!🍔","Bent Over Row (Barbell)",,"",3,"normal",95,8,,,10
"Back🦍","5 de mai. de 2026, 15:04","5 de mai. de 2026, 16:28","Menos aura, mais BF!🍔","Rear Delt Reverse Fly (Machine)",,"",0,"warmup",72.7,3,,,
"Back🦍","5 de mai. de 2026, 15:04","5 de mai. de 2026, 16:28","Menos aura, mais BF!🍔","Rear Delt Reverse Fly (Machine)",,"",1,"normal",72.7,9,,,10
"Back🦍","5 de mai. de 2026, 15:04","5 de mai. de 2026, 16:28","Menos aura, mais BF!🍔","Rear Delt Reverse Fly (Machine)",,"",2,"normal",65.9,10,,,
"Back🦍","5 de mai. de 2026, 15:04","5 de mai. de 2026, 16:28","Menos aura, mais BF!🍔","Lateral Raise (Dumbbell)",,"",0,"warmup",20,5,,,
"Back🦍","5 de mai. de 2026, 15:04","5 de mai. de 2026, 16:28","Menos aura, mais BF!🍔","Lateral Raise (Dumbbell)",,"",1,"warmup",24,5,,,
"Back🦍","5 de mai. de 2026, 15:04","5 de mai. de 2026, 16:28","Menos aura, mais BF!🍔","Lateral Raise (Dumbbell)",,"",2,"failure",28,7,,,
"Back🦍","5 de mai. de 2026, 15:04","5 de mai. de 2026, 16:28","Menos aura, mais BF!🍔","Preacher Curl (Machine)",,"",0,"warmup",77,3,,,
"Back🦍","5 de mai. de 2026, 15:04","5 de mai. de 2026, 16:28","Menos aura, mais BF!🍔","Preacher Curl (Machine)",,"",1,"normal",77,6,,,10
"Back🦍","5 de mai. de 2026, 15:04","5 de mai. de 2026, 16:28","Menos aura, mais BF!🍔","Preacher Curl (Machine)",,"",2,"normal",70,5,,,
"Cardio🪜","4 de mai. de 2026, 17:19","4 de mai. de 2026, 17:49","escalando o templo","Stair Machine (Steps)",,"",0,"normal",,,,1800,
"Quads🐎","4 de mai. de 2026, 15:14","4 de mai. de 2026, 17:09","","Crunch (Machine)",,"",0,"warmup",57,12,,,
"Quads🐎","4 de mai. de 2026, 15:14","4 de mai. de 2026, 17:09","","Crunch (Machine)",,"",1,"warmup",90,5,,,
"Quads🐎","4 de mai. de 2026, 15:14","4 de mai. de 2026, 17:09","","Crunch (Machine)",,"",2,"normal",104,12,,,
"Quads🐎","4 de mai. de 2026, 15:14","4 de mai. de 2026, 17:09","","Crunch (Machine)",,"",3,"normal",104,10,,,
"Quads🐎","4 de mai. de 2026, 15:14","4 de mai. de 2026, 17:09","","Calf Extension (Machine)",,"",0,"warmup",122.7,12,,,
"Quads🐎","4 de mai. de 2026, 15:14","4 de mai. de 2026, 17:09","","Calf Extension (Machine)",,"",1,"normal",150,12,,,
"Quads🐎","4 de mai. de 2026, 15:14","4 de mai. de 2026, 17:09","","Calf Extension (Machine)",,"",2,"normal",150,12,,,
"Quads🐎","4 de mai. de 2026, 15:14","4 de mai. de 2026, 17:09","","Squat (Barbell)",,"",0,"warmup",60,8,,,
"Quads🐎","4 de mai. de 2026, 15:14","4 de mai. de 2026, 17:09","","Squat (Barbell)",,"",1,"warmup",100,4,,,
"Quads🐎","4 de mai. de 2026, 15:14","4 de mai. de 2026, 17:09","","Squat (Barbell)",,"",2,"warmup",115,2,,,
"Quads🐎","4 de mai. de 2026, 15:14","4 de mai. de 2026, 17:09","","Squat (Barbell)",,"",3,"failure",115,7,,,10
"Quads🐎","4 de mai. de 2026, 15:14","4 de mai. de 2026, 17:09","","Leg Extension (Machine)",,"",0,"warmup",77,8,,,
"Quads🐎","4 de mai. de 2026, 15:14","4 de mai. de 2026, 17:09","","Leg Extension (Machine)",,"",1,"warmup",104,3,,,
"Quads🐎","4 de mai. de 2026, 15:14","4 de mai. de 2026, 17:09","","Leg Extension (Machine)",,"",2,"normal",104,12,,,10
"Quads🐎","4 de mai. de 2026, 15:14","4 de mai. de 2026, 17:09","","Leg Extension (Machine)",,"",3,"failure",104,10,,,
"Quads🐎","4 de mai. de 2026, 15:14","4 de mai. de 2026, 17:09","","Seated Leg Curl (Machine)",,"",0,"warmup",70,8,,,
"Quads🐎","4 de mai. de 2026, 15:14","4 de mai. de 2026, 17:09","","Seated Leg Curl (Machine)",,"",1,"warmup",90,3,,,
"Quads🐎","4 de mai. de 2026, 15:14","4 de mai. de 2026, 17:09","","Seated Leg Curl (Machine)",,"",2,"failure",97,10,,,10
"Quads🐎","4 de mai. de 2026, 15:14","4 de mai. de 2026, 17:09","","Seated Leg Curl (Machine)",,"",3,"normal",97,8,,,
"Quads🐎","4 de mai. de 2026, 15:14","4 de mai. de 2026, 17:09","","Hip Adduction (Machine)",,"",0,"warmup",50,8,,,
"Quads🐎","4 de mai. de 2026, 15:14","4 de mai. de 2026, 17:09","","Hip Adduction (Machine)",,"",1,"warmup",63,3,,,
"Quads🐎","4 de mai. de 2026, 15:14","4 de mai. de 2026, 17:09","","Hip Adduction (Machine)",,"",2,"normal",63,8,,,10
"cardio","2 de mai. de 2026, 16:12","2 de mai. de 2026, 16:42","","Cycling",,"",0,"normal",,,7,1800,
"upper 🌱","2 de mai. de 2026, 14:27","2 de mai. de 2026, 16:08","","Decline Bench Press (Machine)",,"",0,"warmup",40,12,,,
"upper 🌱","2 de mai. de 2026, 14:27","2 de mai. de 2026, 16:08","","Decline Bench Press (Machine)",,"",1,"warmup",60,5,,,
"upper 🌱","2 de mai. de 2026, 14:27","2 de mai. de 2026, 16:08","","Decline Bench Press (Machine)",,"",2,"warmup",80,3,,,
"upper 🌱","2 de mai. de 2026, 14:27","2 de mai. de 2026, 16:08","","Decline Bench Press (Machine)",,"",3,"normal",80,9,,,
"upper 🌱","2 de mai. de 2026, 14:27","2 de mai. de 2026, 16:08","","Decline Bench Press (Machine)",,"",4,"normal",80,8,,,
"upper 🌱","2 de mai. de 2026, 14:27","2 de mai. de 2026, 16:08","","Lat Pulldown (Cable)",,"",0,"warmup",52.3,10,,,
"upper 🌱","2 de mai. de 2026, 14:27","2 de mai. de 2026, 16:08","","Lat Pulldown (Cable)",,"",1,"warmup",72.7,5,,,
"upper 🌱","2 de mai. de 2026, 14:27","2 de mai. de 2026, 16:08","","Lat Pulldown (Cable)",,"",2,"warmup",86.4,3,,,
"upper 🌱","2 de mai. de 2026, 14:27","2 de mai. de 2026, 16:08","","Lat Pulldown (Cable)",,"",3,"normal",86.4,10,,,10
"upper 🌱","2 de mai. de 2026, 14:27","2 de mai. de 2026, 16:08","","Lat Pulldown (Cable)",,"",4,"normal",86.4,7,,,
"upper 🌱","2 de mai. de 2026, 14:27","2 de mai. de 2026, 16:08","","Seated Shoulder Press (Machine)",,"",0,"warmup",84,3,,,
"upper 🌱","2 de mai. de 2026, 14:27","2 de mai. de 2026, 16:08","","Seated Shoulder Press (Machine)",,"",1,"failure",90,7,,,
"upper 🌱","2 de mai. de 2026, 14:27","2 de mai. de 2026, 16:08","","remada de gorila",,"",0,"warmup",50,8,,,
"upper 🌱","2 de mai. de 2026, 14:27","2 de mai. de 2026, 16:08","","remada de gorila",,"",1,"normal",63,11,,,10
"upper 🌱","2 de mai. de 2026, 14:27","2 de mai. de 2026, 16:08","","Lateral Raise (Dumbbell)",,"",0,"warmup",20,5,,,
"upper 🌱","2 de mai. de 2026, 14:27","2 de mai. de 2026, 16:08","","Lateral Raise (Dumbbell)",,"",1,"normal",24,12,,,
"upper 🌱","2 de mai. de 2026, 14:27","2 de mai. de 2026, 16:08","","Overhead Triceps Extension (Cable)",,"",0,"warmup",29.5,5,,,
"upper 🌱","2 de mai. de 2026, 14:27","2 de mai. de 2026, 16:08","","Overhead Triceps Extension (Cable)",,"",1,"failure",34,10,,,10
"upper 🌱","2 de mai. de 2026, 14:27","2 de mai. de 2026, 16:08","","Preacher Curl (Machine)",,"",0,"warmup",70,3,,,
"upper 🌱","2 de mai. de 2026, 14:27","2 de mai. de 2026, 16:08","","Preacher Curl (Machine)",,"",1,"normal",77,6,,,10
"Hamstrings🦘","1 de mai. de 2026, 15:27","1 de mai. de 2026, 17:08","Pov: Recife","Deadlift (Barbell)",,"",0,"warmup",60,8,,,
"Hamstrings🦘","1 de mai. de 2026, 15:27","1 de mai. de 2026, 17:08","Pov: Recife","Deadlift (Barbell)",,"",1,"warmup",100,4,,,
"Hamstrings🦘","1 de mai. de 2026, 15:27","1 de mai. de 2026, 17:08","Pov: Recife","Deadlift (Barbell)",,"",2,"normal",120,2,,,
"Hamstrings🦘","1 de mai. de 2026, 15:27","1 de mai. de 2026, 17:08","Pov: Recife","Deadlift (Barbell)",,"",3,"normal",140,1,,,
"Hamstrings🦘","1 de mai. de 2026, 15:27","1 de mai. de 2026, 17:08","Pov: Recife","Deadlift (Barbell)",,"",4,"normal",160,1,,,
"Hamstrings🦘","1 de mai. de 2026, 15:27","1 de mai. de 2026, 17:08","Pov: Recife","Deadlift (Barbell)",,"",5,"normal",170,4,,,10
"Hamstrings🦘","1 de mai. de 2026, 15:27","1 de mai. de 2026, 17:08","Pov: Recife","Seated Leg Curl (Machine)",,"",0,"warmup",63,8,,,
"Hamstrings🦘","1 de mai. de 2026, 15:27","1 de mai. de 2026, 17:08","Pov: Recife","Seated Leg Curl (Machine)",,"",1,"warmup",97,3,,,
"Hamstrings🦘","1 de mai. de 2026, 15:27","1 de mai. de 2026, 17:08","Pov: Recife","Seated Leg Curl (Machine)",,"",2,"normal",97,8,,,10
"Hamstrings🦘","1 de mai. de 2026, 15:27","1 de mai. de 2026, 17:08","Pov: Recife","Seated Leg Curl (Machine)",,"",3,"normal",90,8,,,
"Hamstrings🦘","1 de mai. de 2026, 15:27","1 de mai. de 2026, 17:08","Pov: Recife","Leg Extension (Machine)",,"",0,"warmup",70,8,,,
"Hamstrings🦘","1 de mai. de 2026, 15:27","1 de mai. de 2026, 17:08","Pov: Recife","Leg Extension (Machine)",,"",1,"warmup",90,3,,,
"Hamstrings🦘","1 de mai. de 2026, 15:27","1 de mai. de 2026, 17:08","Pov: Recife","Leg Extension (Machine)",,"",2,"failure",104,12,,,10
"Hamstrings🦘","1 de mai. de 2026, 15:27","1 de mai. de 2026, 17:08","Pov: Recife","Hip Thrust (Machine)",,"",0,"warmup",50,8,,,
"Hamstrings🦘","1 de mai. de 2026, 15:27","1 de mai. de 2026, 17:08","Pov: Recife","Hip Thrust (Machine)",,"",1,"warmup",70,3,,,
"Hamstrings🦘","1 de mai. de 2026, 15:27","1 de mai. de 2026, 17:08","Pov: Recife","Hip Thrust (Machine)",,"",2,"failure",80,12,,,10
"Hamstrings🦘","1 de mai. de 2026, 15:27","1 de mai. de 2026, 17:08","Pov: Recife","Calf Extension (Machine)",,"",0,"warmup",113.6,12,,,
"Hamstrings🦘","1 de mai. de 2026, 15:27","1 de mai. de 2026, 17:08","Pov: Recife","Calf Extension (Machine)",,"",1,"normal",150,12,,,
"Hamstrings🦘","1 de mai. de 2026, 15:27","1 de mai. de 2026, 17:08","Pov: Recife","Calf Extension (Machine)",,"",2,"normal",159.1,12,,,
"cardio","30 de abr. de 2026, 17:06","30 de abr. de 2026, 18:06","quem quer tudo não tem nada...🧘🏿","Cycling",,"",0,"normal",,,15.3,3600,
"Chest🐓","30 de abr. de 2026, 15:20","30 de abr. de 2026, 16:52","Construindo o shape perfeito.👷🏻‍♂️🔧","Chest Fly (Machine)",,"",0,"warmup",52.5,12,,,
"Chest🐓","30 de abr. de 2026, 15:20","30 de abr. de 2026, 16:52","Construindo o shape perfeito.👷🏻‍♂️🔧","Chest Fly (Machine)",,"",1,"warmup",72.7,5,,,
"Chest🐓","30 de abr. de 2026, 15:20","30 de abr. de 2026, 16:52","Construindo o shape perfeito.👷🏻‍♂️🔧","Chest Fly (Machine)",,"",2,"warmup",100,2,,,
"Chest🐓","30 de abr. de 2026, 15:20","30 de abr. de 2026, 16:52","Construindo o shape perfeito.👷🏻‍♂️🔧","Chest Fly (Machine)",,"",3,"normal",100,8,,,10
"Chest🐓","30 de abr. de 2026, 15:20","30 de abr. de 2026, 16:52","Construindo o shape perfeito.👷🏻‍♂️🔧","Chest Fly (Machine)",,"",4,"normal",93.5,8,,,
"Chest🐓","30 de abr. de 2026, 15:20","30 de abr. de 2026, 16:52","Construindo o shape perfeito.👷🏻‍♂️🔧","Incline Bench Press (Dumbbell)",,"",0,"warmup",64,5,,,
"Chest🐓","30 de abr. de 2026, 15:20","30 de abr. de 2026, 16:52","Construindo o shape perfeito.👷🏻‍♂️🔧","Incline Bench Press (Dumbbell)",,"",1,"warmup",72,3,,,
"Chest🐓","30 de abr. de 2026, 15:20","30 de abr. de 2026, 16:52","Construindo o shape perfeito.👷🏻‍♂️🔧","Incline Bench Press (Dumbbell)",,"",2,"normal",72,8,,,10
"Chest🐓","30 de abr. de 2026, 15:20","30 de abr. de 2026, 16:52","Construindo o shape perfeito.👷🏻‍♂️🔧","Chest Dip",,"",0,"failure",,10,,,10
"Chest🐓","30 de abr. de 2026, 15:20","30 de abr. de 2026, 16:52","Construindo o shape perfeito.👷🏻‍♂️🔧","Chest Dip",,"",1,"normal",,8,,,
"Chest🐓","30 de abr. de 2026, 15:20","30 de abr. de 2026, 16:52","Construindo o shape perfeito.👷🏻‍♂️🔧","Single Arm Lateral Raise (Cable)",,"",0,"warmup",7.5,3,,,
"Chest🐓","30 de abr. de 2026, 15:20","30 de abr. de 2026, 16:52","Construindo o shape perfeito.👷🏻‍♂️🔧","Single Arm Lateral Raise (Cable)",,"",1,"failure",7.5,8,,,
"Chest🐓","30 de abr. de 2026, 15:20","30 de abr. de 2026, 16:52","Construindo o shape perfeito.👷🏻‍♂️🔧","Single Arm Lateral Raise (Cable)",,"",2,"failure",5,12,,,
"Chest🐓","30 de abr. de 2026, 15:20","30 de abr. de 2026, 16:52","Construindo o shape perfeito.👷🏻‍♂️🔧","Triceps Pushdown",,"",0,"warmup",35,3,,,
"Chest🐓","30 de abr. de 2026, 15:20","30 de abr. de 2026, 16:52","Construindo o shape perfeito.👷🏻‍♂️🔧","Triceps Pushdown",,"",1,"failure",35,7,,,10
"Chest🐓","30 de abr. de 2026, 15:20","30 de abr. de 2026, 16:52","Construindo o shape perfeito.👷🏻‍♂️🔧","Triceps Pushdown",,"",2,"failure",32.5,9,,,
"cardio","28 de abr. de 2026, 16:51","28 de abr. de 2026, 17:21","","Cycling",,"",0,"normal",,,7.21,1800,
"Back🦍","28 de abr. de 2026, 15:17","28 de abr. de 2026, 16:51","Inimigo da constância!😐","Crunch (Machine)",,"",0,"warmup",70,6,,,
"Back🦍","28 de abr. de 2026, 15:17","28 de abr. de 2026, 16:51","Inimigo da constância!😐","Crunch (Machine)",,"",1,"warmup",97,3,,,
"Back🦍","28 de abr. de 2026, 15:17","28 de abr. de 2026, 16:51","Inimigo da constância!😐","Crunch (Machine)",,"",2,"normal",104,12,,,
"Back🦍","28 de abr. de 2026, 15:17","28 de abr. de 2026, 16:51","Inimigo da constância!😐","Lat Pulldown (Cable)",,"",0,"warmup",45.5,10,,,
"Back🦍","28 de abr. de 2026, 15:17","28 de abr. de 2026, 16:51","Inimigo da constância!😐","Lat Pulldown (Cable)",,"",1,"warmup",72,5,,,
"Back🦍","28 de abr. de 2026, 15:17","28 de abr. de 2026, 16:51","Inimigo da constância!😐","Lat Pulldown (Cable)",,"",2,"warmup",86.4,3,,,
"Back🦍","28 de abr. de 2026, 15:17","28 de abr. de 2026, 16:51","Inimigo da constância!😐","Lat Pulldown (Cable)",,"",3,"normal",86.4,9,,,10
"Back🦍","28 de abr. de 2026, 15:17","28 de abr. de 2026, 16:51","Inimigo da constância!😐","Lat Pulldown (Cable)",,"",4,"normal",79.5,8,,,9.5
"Back🦍","28 de abr. de 2026, 15:17","28 de abr. de 2026, 16:51","Inimigo da constância!😐","Bent Over Row (Barbell)",,"",0,"warmup",60,12,,,
"Back🦍","28 de abr. de 2026, 15:17","28 de abr. de 2026, 16:51","Inimigo da constância!😐","Bent Over Row (Barbell)",,"",1,"warmup",90,3,,,
"Back🦍","28 de abr. de 2026, 15:17","28 de abr. de 2026, 16:51","Inimigo da constância!😐","Bent Over Row (Barbell)",,"",2,"normal",95,7,,,10
"Back🦍","28 de abr. de 2026, 15:17","28 de abr. de 2026, 16:51","Inimigo da constância!😐","Rear Delt Reverse Fly (Machine)",,"",0,"warmup",72.7,3,,,
"Back🦍","28 de abr. de 2026, 15:17","28 de abr. de 2026, 16:51","Inimigo da constância!😐","Rear Delt Reverse Fly (Machine)",,"",1,"normal",72.7,8,,,10
"Back🦍","28 de abr. de 2026, 15:17","28 de abr. de 2026, 16:51","Inimigo da constância!😐","Rear Delt Reverse Fly (Machine)",,"",2,"normal",65.9,9,,,
"Back🦍","28 de abr. de 2026, 15:17","28 de abr. de 2026, 16:51","Inimigo da constância!😐","Preacher Curl (Machine)",,"",0,"warmup",70,3,,,
"Back🦍","28 de abr. de 2026, 15:17","28 de abr. de 2026, 16:51","Inimigo da constância!😐","Preacher Curl (Machine)",,"",1,"normal",70,9,,,10
"Back🦍","28 de abr. de 2026, 15:17","28 de abr. de 2026, 16:51","Inimigo da constância!😐","Preacher Curl (Machine)",,"",2,"normal",63,8,,,
"Back🦍","28 de abr. de 2026, 15:17","28 de abr. de 2026, 16:51","Inimigo da constância!😐","Seated Shoulder Press (Machine)",,"",0,"warmup",57,8,,,
"Back🦍","28 de abr. de 2026, 15:17","28 de abr. de 2026, 16:51","Inimigo da constância!😐","Seated Shoulder Press (Machine)",,"",1,"warmup",90,3,,,
"Back🦍","28 de abr. de 2026, 15:17","28 de abr. de 2026, 16:51","Inimigo da constância!😐","Seated Shoulder Press (Machine)",,"",2,"failure",90,10,,,10
"cardiopata","27 de abr. de 2026, 16:47","27 de abr. de 2026, 17:23","","Cycling",,"",0,"normal",,,9.2,2160,
"Quads🐎","27 de abr. de 2026, 14:48","27 de abr. de 2026, 16:35","","Calf Extension (Machine)",,"",0,"warmup",113.6,12,,,
"Quads🐎","27 de abr. de 2026, 14:48","27 de abr. de 2026, 16:35","","Calf Extension (Machine)",,"",1,"normal",150,12,,,
"Quads🐎","27 de abr. de 2026, 14:48","27 de abr. de 2026, 16:35","","Calf Extension (Machine)",,"",2,"normal",159.1,12,,,
"Quads🐎","27 de abr. de 2026, 14:48","27 de abr. de 2026, 16:35","","Squat (Barbell)",,"",0,"warmup",60,12,,,
"Quads🐎","27 de abr. de 2026, 14:48","27 de abr. de 2026, 16:35","","Squat (Barbell)",,"",1,"warmup",90,5,,,
"Quads🐎","27 de abr. de 2026, 14:48","27 de abr. de 2026, 16:35","","Squat (Barbell)",,"",2,"warmup",110,2,,,
"Quads🐎","27 de abr. de 2026, 14:48","27 de abr. de 2026, 16:35","","Squat (Barbell)",,"",3,"failure",110,10,,,10
"Quads🐎","27 de abr. de 2026, 14:48","27 de abr. de 2026, 16:35","","Leg Extension (Machine)",,"",0,"warmup",77,8,,,
"Quads🐎","27 de abr. de 2026, 14:48","27 de abr. de 2026, 16:35","","Leg Extension (Machine)",,"",1,"warmup",97,3,,,
"Quads🐎","27 de abr. de 2026, 14:48","27 de abr. de 2026, 16:35","","Leg Extension (Machine)",,"",2,"normal",104,10,,,10
"Quads🐎","27 de abr. de 2026, 14:48","27 de abr. de 2026, 16:35","","Leg Extension (Machine)",,"",3,"failure",104,8,,,
"Quads🐎","27 de abr. de 2026, 14:48","27 de abr. de 2026, 16:35","","Seated Leg Curl (Machine)",,"",0,"warmup",70,8,,,
"Quads🐎","27 de abr. de 2026, 14:48","27 de abr. de 2026, 16:35","","Seated Leg Curl (Machine)",,"",1,"warmup",90,3,,,
"Quads🐎","27 de abr. de 2026, 14:48","27 de abr. de 2026, 16:35","","Seated Leg Curl (Machine)",,"",2,"failure",97,10,,,
"Quads🐎","27 de abr. de 2026, 14:48","27 de abr. de 2026, 16:35","","Seated Leg Curl (Machine)",,"",3,"normal",90,7,,,
"Quads🐎","27 de abr. de 2026, 14:48","27 de abr. de 2026, 16:35","","Hip Adduction (Machine)",,"",0,"warmup",50,8,,,
"Quads🐎","27 de abr. de 2026, 14:48","27 de abr. de 2026, 16:35","","Hip Adduction (Machine)",,"",1,"warmup",63,3,,,
"Quads🐎","27 de abr. de 2026, 14:48","27 de abr. de 2026, 16:35","","Hip Adduction (Machine)",,"",2,"normal",63,7,,,
"cardio","25 de abr. de 2026, 11:59","25 de abr. de 2026, 12:29","","Cycling",,"",0,"normal",,,7.5,1800,
"upper 🐸🌱","25 de abr. de 2026, 10:07","25 de abr. de 2026, 11:56","eu gosto de pastel!!☺️","Decline Bench Press (Machine)",,"",0,"warmup",40,12,,,
"upper 🐸🌱","25 de abr. de 2026, 10:07","25 de abr. de 2026, 11:56","eu gosto de pastel!!☺️","Decline Bench Press (Machine)",,"",1,"warmup",60,5,,,
"upper 🐸🌱","25 de abr. de 2026, 10:07","25 de abr. de 2026, 11:56","eu gosto de pastel!!☺️","Decline Bench Press (Machine)",,"",2,"warmup",80,3,,,
"upper 🐸🌱","25 de abr. de 2026, 10:07","25 de abr. de 2026, 11:56","eu gosto de pastel!!☺️","Decline Bench Press (Machine)",,"",3,"normal",80,8,,,
"upper 🐸🌱","25 de abr. de 2026, 10:07","25 de abr. de 2026, 11:56","eu gosto de pastel!!☺️","Decline Bench Press (Machine)",,"",4,"normal",75,9,,,10
"upper 🐸🌱","25 de abr. de 2026, 10:07","25 de abr. de 2026, 11:56","eu gosto de pastel!!☺️","Lat Pulldown (Cable)",,"",0,"warmup",52.5,10,,,
"upper 🐸🌱","25 de abr. de 2026, 10:07","25 de abr. de 2026, 11:56","eu gosto de pastel!!☺️","Lat Pulldown (Cable)",,"",1,"warmup",72,6,,,
"upper 🐸🌱","25 de abr. de 2026, 10:07","25 de abr. de 2026, 11:56","eu gosto de pastel!!☺️","Lat Pulldown (Cable)",,"",2,"warmup",86.4,3,,,
"upper 🐸🌱","25 de abr. de 2026, 10:07","25 de abr. de 2026, 11:56","eu gosto de pastel!!☺️","Lat Pulldown (Cable)",,"",3,"normal",86.4,8,,,9
"upper 🐸🌱","25 de abr. de 2026, 10:07","25 de abr. de 2026, 11:56","eu gosto de pastel!!☺️","Lat Pulldown (Cable)",,"",4,"normal",86.4,7,,,
"upper 🐸🌱","25 de abr. de 2026, 10:07","25 de abr. de 2026, 11:56","eu gosto de pastel!!☺️","Seated Cable Row - V Grip (Cable)",,"",0,"warmup",79.5,3,,,
"upper 🐸🌱","25 de abr. de 2026, 10:07","25 de abr. de 2026, 11:56","eu gosto de pastel!!☺️","Seated Cable Row - V Grip (Cable)",,"",1,"failure",79.5,10,,,10
"upper 🐸🌱","25 de abr. de 2026, 10:07","25 de abr. de 2026, 11:56","eu gosto de pastel!!☺️","Seated Shoulder Press (Machine)",,"",0,"warmup",84,3,,,
"upper 🐸🌱","25 de abr. de 2026, 10:07","25 de abr. de 2026, 11:56","eu gosto de pastel!!☺️","Seated Shoulder Press (Machine)",,"",1,"failure",90,6,,,10
"upper 🐸🌱","25 de abr. de 2026, 10:07","25 de abr. de 2026, 11:56","eu gosto de pastel!!☺️","Lateral Raise (Dumbbell)",,"",0,"warmup",20,5,,,
"upper 🐸🌱","25 de abr. de 2026, 10:07","25 de abr. de 2026, 11:56","eu gosto de pastel!!☺️","Lateral Raise (Dumbbell)",,"",1,"normal",24,10,,,
"upper 🐸🌱","25 de abr. de 2026, 10:07","25 de abr. de 2026, 11:56","eu gosto de pastel!!☺️","Overhead Triceps Extension (Cable)",,"",0,"warmup",29.5,5,,,
"upper 🐸🌱","25 de abr. de 2026, 10:07","25 de abr. de 2026, 11:56","eu gosto de pastel!!☺️","Overhead Triceps Extension (Cable)",,"",1,"failure",29.5,11,,,10
"upper 🐸🌱","25 de abr. de 2026, 10:07","25 de abr. de 2026, 11:56","eu gosto de pastel!!☺️","Preacher Curl (Machine)",,"",0,"warmup",70,3,,,
"upper 🐸🌱","25 de abr. de 2026, 10:07","25 de abr. de 2026, 11:56","eu gosto de pastel!!☺️","Preacher Curl (Machine)",,"",1,"normal",70,8,,,10
"cardio","24 de abr. de 2026, 16:23","24 de abr. de 2026, 16:53","","Cycling",,"",0,"normal",,,7,1800,
"Hamstrings🦘","24 de abr. de 2026, 14:44","24 de abr. de 2026, 16:19","","Calf Extension (Machine)",,"",0,"warmup",95.5,12,,,
"Hamstrings🦘","24 de abr. de 2026, 14:44","24 de abr. de 2026, 16:19","","Calf Extension (Machine)",,"",1,"normal",140.9,12,,,
"Hamstrings🦘","24 de abr. de 2026, 14:44","24 de abr. de 2026, 16:19","","Calf Extension (Machine)",,"",2,"normal",150,12,,,
"Hamstrings🦘","24 de abr. de 2026, 14:44","24 de abr. de 2026, 16:19","","Deadlift (Barbell)",,"",0,"warmup",60,8,,,
"Hamstrings🦘","24 de abr. de 2026, 14:44","24 de abr. de 2026, 16:19","","Deadlift (Barbell)",,"",1,"warmup",100,4,,,
"Hamstrings🦘","24 de abr. de 2026, 14:44","24 de abr. de 2026, 16:19","","Deadlift (Barbell)",,"",2,"normal",120,2,,,
"Hamstrings🦘","24 de abr. de 2026, 14:44","24 de abr. de 2026, 16:19","","Deadlift (Barbell)",,"",3,"normal",140,1,,,
"Hamstrings🦘","24 de abr. de 2026, 14:44","24 de abr. de 2026, 16:19","","Deadlift (Barbell)",,"",4,"normal",160,1,,,
"Hamstrings🦘","24 de abr. de 2026, 14:44","24 de abr. de 2026, 16:19","","Deadlift (Barbell)",,"",5,"normal",170,4,,,10
"Hamstrings🦘","24 de abr. de 2026, 14:44","24 de abr. de 2026, 16:19","","Seated Leg Curl (Machine)",,"",0,"warmup",70,8,,,
"Hamstrings🦘","24 de abr. de 2026, 14:44","24 de abr. de 2026, 16:19","","Seated Leg Curl (Machine)",,"",1,"warmup",90,3,,,
"Hamstrings🦘","24 de abr. de 2026, 14:44","24 de abr. de 2026, 16:19","","Seated Leg Curl (Machine)",,"",2,"normal",97,10,,,10
"Hamstrings🦘","24 de abr. de 2026, 14:44","24 de abr. de 2026, 16:19","","Seated Leg Curl (Machine)",,"",3,"normal",90,8,,,
"Hamstrings🦘","24 de abr. de 2026, 14:44","24 de abr. de 2026, 16:19","","Leg Extension (Machine)",,"",0,"warmup",70,8,,,
"Hamstrings🦘","24 de abr. de 2026, 14:44","24 de abr. de 2026, 16:19","","Leg Extension (Machine)",,"",1,"warmup",90,3,,,
"Hamstrings🦘","24 de abr. de 2026, 14:44","24 de abr. de 2026, 16:19","","Leg Extension (Machine)",,"",2,"normal",104,10,,,9
"Hamstrings🦘","24 de abr. de 2026, 14:44","24 de abr. de 2026, 16:19","","Hip Thrust (Machine)",,"",0,"warmup",40,8,,,
"Hamstrings🦘","24 de abr. de 2026, 14:44","24 de abr. de 2026, 16:19","","Hip Thrust (Machine)",,"",1,"warmup",85,3,,,
"Hamstrings🦘","24 de abr. de 2026, 14:44","24 de abr. de 2026, 16:19","","Hip Thrust (Machine)",,"",2,"failure",85,7,,,
"Hamstrings🦘","24 de abr. de 2026, 14:44","24 de abr. de 2026, 16:19","","Hip Abduction (Machine)",,"",0,"warmup",63,8,,,
"Hamstrings🦘","24 de abr. de 2026, 14:44","24 de abr. de 2026, 16:19","","Hip Abduction (Machine)",,"",1,"warmup",77,3,,,
"Hamstrings🦘","24 de abr. de 2026, 14:44","24 de abr. de 2026, 16:19","","Hip Abduction (Machine)",,"",2,"normal",84,10,,,10
"cardio","23 de abr. de 2026, 16:41","23 de abr. de 2026, 17:17","","Cycling",,"",0,"normal",,,9,2190,
"Chest🐓","23 de abr. de 2026, 14:56","23 de abr. de 2026, 16:34","","Crunch (Machine)",,"",0,"warmup",77,8,,,
"Chest🐓","23 de abr. de 2026, 14:56","23 de abr. de 2026, 16:34","","Crunch (Machine)",,"",1,"warmup",104,5,,,
"Chest🐓","23 de abr. de 2026, 14:56","23 de abr. de 2026, 16:34","","Crunch (Machine)",,"",2,"normal",104,12,,,10
"Chest🐓","23 de abr. de 2026, 14:56","23 de abr. de 2026, 16:34","","Chest Fly (Machine)",,"",0,"warmup",52.5,12,,,
"Chest🐓","23 de abr. de 2026, 14:56","23 de abr. de 2026, 16:34","","Chest Fly (Machine)",,"",1,"warmup",72.7,5,,,
"Chest🐓","23 de abr. de 2026, 14:56","23 de abr. de 2026, 16:34","","Chest Fly (Machine)",,"",2,"warmup",100,2,,,
"Chest🐓","23 de abr. de 2026, 14:56","23 de abr. de 2026, 16:34","","Chest Fly (Machine)",,"",3,"normal",100,9,,,
"Chest🐓","23 de abr. de 2026, 14:56","23 de abr. de 2026, 16:34","","Chest Fly (Machine)",,"",4,"normal",93.5,7,,,
"Chest🐓","23 de abr. de 2026, 14:56","23 de abr. de 2026, 16:34","","Incline Bench Press (Dumbbell)",,"",0,"warmup",64,5,,,
"Chest🐓","23 de abr. de 2026, 14:56","23 de abr. de 2026, 16:34","","Incline Bench Press (Dumbbell)",,"",1,"warmup",72,3,,,
"Chest🐓","23 de abr. de 2026, 14:56","23 de abr. de 2026, 16:34","","Incline Bench Press (Dumbbell)",,"",2,"normal",76,8,,,
"Chest🐓","23 de abr. de 2026, 14:56","23 de abr. de 2026, 16:34","","Chest Dip",,"",0,"warmup",,6,,,
"Chest🐓","23 de abr. de 2026, 14:56","23 de abr. de 2026, 16:34","","Chest Dip",,"",1,"normal",,10,,,
"Chest🐓","23 de abr. de 2026, 14:56","23 de abr. de 2026, 16:34","","Chest Dip",,"",2,"normal",,8,,,
"Chest🐓","23 de abr. de 2026, 14:56","23 de abr. de 2026, 16:34","","Single Arm Lateral Raise (Cable)",,"",0,"warmup",7.5,3,,,
"Chest🐓","23 de abr. de 2026, 14:56","23 de abr. de 2026, 16:34","","Single Arm Lateral Raise (Cable)",,"",1,"failure",7.5,8,,,
"Chest🐓","23 de abr. de 2026, 14:56","23 de abr. de 2026, 16:34","","Single Arm Lateral Raise (Cable)",,"",2,"failure",5,10,,,
"Chest🐓","23 de abr. de 2026, 14:56","23 de abr. de 2026, 16:34","","Triceps Pushdown",,"",0,"warmup",32.5,3,,,
"Chest🐓","23 de abr. de 2026, 14:56","23 de abr. de 2026, 16:34","","Triceps Pushdown",,"",1,"failure",35,7,,,
"Back🦍","21 de abr. de 2026, 08:56","21 de abr. de 2026, 10:30","","Crunch (Machine)",,"",0,"warmup",70,6,,,
"Back🦍","21 de abr. de 2026, 08:56","21 de abr. de 2026, 10:30","","Crunch (Machine)",,"",1,"warmup",97,3,,,
"Back🦍","21 de abr. de 2026, 08:56","21 de abr. de 2026, 10:30","","Crunch (Machine)",,"",2,"normal",104,12,,,
"Back🦍","21 de abr. de 2026, 08:56","21 de abr. de 2026, 10:30","","Crunch (Machine)",,"",3,"normal",104,7,,,
"Back🦍","21 de abr. de 2026, 08:56","21 de abr. de 2026, 10:30","","Lat Pulldown (Cable)",,"",0,"warmup",45.5,10,,,
"Back🦍","21 de abr. de 2026, 08:56","21 de abr. de 2026, 10:30","","Lat Pulldown (Cable)",,"",1,"warmup",72,5,,,
"Back🦍","21 de abr. de 2026, 08:56","21 de abr. de 2026, 10:30","","Lat Pulldown (Cable)",,"",2,"warmup",86.4,3,,,
"Back🦍","21 de abr. de 2026, 08:56","21 de abr. de 2026, 10:30","","Lat Pulldown (Cable)",,"",3,"normal",86.4,8,,,10
"Back🦍","21 de abr. de 2026, 08:56","21 de abr. de 2026, 10:30","","Lat Pulldown (Cable)",,"",4,"normal",79.5,8,,,10
"Back🦍","21 de abr. de 2026, 08:56","21 de abr. de 2026, 10:30","","Bent Over Row (Barbell)",,"",0,"warmup",50,12,,,
"Back🦍","21 de abr. de 2026, 08:56","21 de abr. de 2026, 10:30","","Bent Over Row (Barbell)",,"",1,"warmup",70,5,,,
"Back🦍","21 de abr. de 2026, 08:56","21 de abr. de 2026, 10:30","","Bent Over Row (Barbell)",,"",2,"warmup",90,3,,,
"Back🦍","21 de abr. de 2026, 08:56","21 de abr. de 2026, 10:30","","Bent Over Row (Barbell)",,"",3,"normal",95,6,,,10
"Back🦍","21 de abr. de 2026, 08:56","21 de abr. de 2026, 10:30","","Rear Delt Reverse Fly (Machine)",,"",0,"warmup",52.3,8,,,
"Back🦍","21 de abr. de 2026, 08:56","21 de abr. de 2026, 10:30","","Rear Delt Reverse Fly (Machine)",,"",1,"warmup",72.7,3,,,
"Back🦍","21 de abr. de 2026, 08:56","21 de abr. de 2026, 10:30","","Rear Delt Reverse Fly (Machine)",,"",2,"normal",72.7,8,,,10
"Back🦍","21 de abr. de 2026, 08:56","21 de abr. de 2026, 10:30","","Preacher Curl (Machine)",,"",0,"warmup",50,8,,,
"Back🦍","21 de abr. de 2026, 08:56","21 de abr. de 2026, 10:30","","Preacher Curl (Machine)",,"",1,"warmup",70,3,,,
"Back🦍","21 de abr. de 2026, 08:56","21 de abr. de 2026, 10:30","","Preacher Curl (Machine)",,"",2,"normal",70,8,,,
"Back🦍","21 de abr. de 2026, 08:56","21 de abr. de 2026, 10:30","","Preacher Curl (Machine)",,"",3,"normal",63,6,,,
"Back🦍","21 de abr. de 2026, 08:56","21 de abr. de 2026, 10:30","","Seated Shoulder Press (Machine)",,"",0,"warmup",57,8,,,
"Back🦍","21 de abr. de 2026, 08:56","21 de abr. de 2026, 10:30","","Seated Shoulder Press (Machine)",,"",1,"warmup",84,3,,,
"Back🦍","21 de abr. de 2026, 08:56","21 de abr. de 2026, 10:30","","Seated Shoulder Press (Machine)",,"",2,"failure",84,13,,,
"cardio","20 de abr. de 2026, 17:49","20 de abr. de 2026, 18:24","","Cycling",,"",0,"normal",,,8.89,2100,
"Quads🐎","20 de abr. de 2026, 15:34","20 de abr. de 2026, 17:39","","Calf Extension (Machine)",,"",0,"warmup",104.5,12,,,
"Quads🐎","20 de abr. de 2026, 15:34","20 de abr. de 2026, 17:39","","Calf Extension (Machine)",,"",1,"normal",140.9,12,,,
"Quads🐎","20 de abr. de 2026, 15:34","20 de abr. de 2026, 17:39","","Calf Extension (Machine)",,"",2,"normal",150,12,,,
"Quads🐎","20 de abr. de 2026, 15:34","20 de abr. de 2026, 17:39","","Calf Extension (Machine)",,"",3,"normal",150,12,,,
"Quads🐎","20 de abr. de 2026, 15:34","20 de abr. de 2026, 17:39","","Squat (Barbell)",,"",0,"warmup",60,12,,,
"Quads🐎","20 de abr. de 2026, 15:34","20 de abr. de 2026, 17:39","","Squat (Barbell)",,"",1,"warmup",90,5,,,
"Quads🐎","20 de abr. de 2026, 15:34","20 de abr. de 2026, 17:39","","Squat (Barbell)",,"",2,"warmup",110,3,,,
"Quads🐎","20 de abr. de 2026, 15:34","20 de abr. de 2026, 17:39","","Squat (Barbell)",,"",3,"failure",110,9,,,10
"Quads🐎","20 de abr. de 2026, 15:34","20 de abr. de 2026, 17:39","","Leg Extension (Machine)",,"",0,"warmup",77,6,,,
"Quads🐎","20 de abr. de 2026, 15:34","20 de abr. de 2026, 17:39","","Leg Extension (Machine)",,"",1,"warmup",97,3,,,
"Quads🐎","20 de abr. de 2026, 15:34","20 de abr. de 2026, 17:39","","Leg Extension (Machine)",,"",2,"normal",104,11,,,10
"Quads🐎","20 de abr. de 2026, 15:34","20 de abr. de 2026, 17:39","","Leg Extension (Machine)",,"",3,"failure",104,9,,,10
"Quads🐎","20 de abr. de 2026, 15:34","20 de abr. de 2026, 17:39","","Seated Leg Curl (Machine)",,"",0,"warmup",70,8,,,
"Quads🐎","20 de abr. de 2026, 15:34","20 de abr. de 2026, 17:39","","Seated Leg Curl (Machine)",,"",1,"warmup",90,3,,,
"Quads🐎","20 de abr. de 2026, 15:34","20 de abr. de 2026, 17:39","","Seated Leg Curl (Machine)",,"",2,"failure",97,12,,,10
"Quads🐎","20 de abr. de 2026, 15:34","20 de abr. de 2026, 17:39","","Seated Leg Curl (Machine)",,"",3,"normal",97,8,,,10
"Quads🐎","20 de abr. de 2026, 15:34","20 de abr. de 2026, 17:39","","Hip Adduction (Machine)",,"",0,"warmup",50,8,,,
"Quads🐎","20 de abr. de 2026, 15:34","20 de abr. de 2026, 17:39","","Hip Adduction (Machine)",,"",1,"warmup",63,3,,,
"Quads🐎","20 de abr. de 2026, 15:34","20 de abr. de 2026, 17:39","","Hip Adduction (Machine)",,"",2,"normal",63,10,,,10
"cardio","17 de abr. de 2026, 17:26","17 de abr. de 2026, 18:12","""O cagão de Bay Harbor""🔪","Cycling",,"",0,"normal",,,13.47,2700,
"Hamstrings🦘","17 de abr. de 2026, 15:29","17 de abr. de 2026, 17:19","Labubulking","Deadlift (Barbell)",,"",0,"warmup",60,8,,,
"Hamstrings🦘","17 de abr. de 2026, 15:29","17 de abr. de 2026, 17:19","Labubulking","Deadlift (Barbell)",,"",1,"warmup",100,4,,,
"Hamstrings🦘","17 de abr. de 2026, 15:29","17 de abr. de 2026, 17:19","Labubulking","Deadlift (Barbell)",,"",2,"warmup",120,3,,,
"Hamstrings🦘","17 de abr. de 2026, 15:29","17 de abr. de 2026, 17:19","Labubulking","Deadlift (Barbell)",,"",3,"warmup",140,2,,,
"Hamstrings🦘","17 de abr. de 2026, 15:29","17 de abr. de 2026, 17:19","Labubulking","Deadlift (Barbell)",,"",4,"warmup",160,1,,,
"Hamstrings🦘","17 de abr. de 2026, 15:29","17 de abr. de 2026, 17:19","Labubulking","Deadlift (Barbell)",,"",5,"normal",170,3,,,10
"Hamstrings🦘","17 de abr. de 2026, 15:29","17 de abr. de 2026, 17:19","Labubulking","Hip Thrust (Machine)",,"",0,"warmup",40,8,,,
"Hamstrings🦘","17 de abr. de 2026, 15:29","17 de abr. de 2026, 17:19","Labubulking","Hip Thrust (Machine)",,"",1,"warmup",80,3,,,
"Hamstrings🦘","17 de abr. de 2026, 15:29","17 de abr. de 2026, 17:19","Labubulking","Hip Thrust (Machine)",,"",2,"failure",85,7,,,10
"Hamstrings🦘","17 de abr. de 2026, 15:29","17 de abr. de 2026, 17:19","Labubulking","Hip Thrust (Machine)",,"",3,"normal",80,7,,,
"Hamstrings🦘","17 de abr. de 2026, 15:29","17 de abr. de 2026, 17:19","Labubulking","Seated Leg Curl (Machine)",,"",0,"warmup",70,8,,,
"Hamstrings🦘","17 de abr. de 2026, 15:29","17 de abr. de 2026, 17:19","Labubulking","Seated Leg Curl (Machine)",,"",1,"warmup",90,3,,,
"Hamstrings🦘","17 de abr. de 2026, 15:29","17 de abr. de 2026, 17:19","Labubulking","Seated Leg Curl (Machine)",,"",2,"failure",97,10,,,10
"Hamstrings🦘","17 de abr. de 2026, 15:29","17 de abr. de 2026, 17:19","Labubulking","Seated Leg Curl (Machine)",,"",3,"normal",90,8,,,
"Hamstrings🦘","17 de abr. de 2026, 15:29","17 de abr. de 2026, 17:19","Labubulking","Leg Extension (Machine)",,"",0,"warmup",70,8,,,
"Hamstrings🦘","17 de abr. de 2026, 15:29","17 de abr. de 2026, 17:19","Labubulking","Leg Extension (Machine)",,"",1,"warmup",90,3,,,
"Hamstrings🦘","17 de abr. de 2026, 15:29","17 de abr. de 2026, 17:19","Labubulking","Leg Extension (Machine)",,"",2,"failure",104,8,,,
"Hamstrings🦘","17 de abr. de 2026, 15:29","17 de abr. de 2026, 17:19","Labubulking","Calf Extension (Machine)",,"",0,"warmup",95.5,12,,,
"Hamstrings🦘","17 de abr. de 2026, 15:29","17 de abr. de 2026, 17:19","Labubulking","Calf Extension (Machine)",,"",1,"normal",140.9,12,,,
"Hamstrings🦘","17 de abr. de 2026, 15:29","17 de abr. de 2026, 17:19","Labubulking","Calf Extension (Machine)",,"",2,"normal",150,12,,,
"cardio","16 de abr. de 2026, 16:30","16 de abr. de 2026, 17:30","","Cycling",,"",0,"normal",,,15.58,3600,
"Chest🐓","16 de abr. de 2026, 14:53","16 de abr. de 2026, 16:15","","Crunch (Machine)",,"",0,"warmup",50,12,,,
"Chest🐓","16 de abr. de 2026, 14:53","16 de abr. de 2026, 16:15","","Crunch (Machine)",,"",1,"warmup",77,5,,,
"Chest🐓","16 de abr. de 2026, 14:53","16 de abr. de 2026, 16:15","","Crunch (Machine)",,"",2,"warmup",97,3,,,
"Chest🐓","16 de abr. de 2026, 14:53","16 de abr. de 2026, 16:15","","Crunch (Machine)",,"",3,"normal",104,11,,,10
"Chest🐓","16 de abr. de 2026, 14:53","16 de abr. de 2026, 16:15","","Crunch (Machine)",,"",4,"normal",104,8,,,10
"Chest🐓","16 de abr. de 2026, 14:53","16 de abr. de 2026, 16:15","","Chest Fly (Machine)",,"",0,"warmup",45.5,12,,,
"Chest🐓","16 de abr. de 2026, 14:53","16 de abr. de 2026, 16:15","","Chest Fly (Machine)",,"",1,"warmup",72.7,5,,,
"Chest🐓","16 de abr. de 2026, 14:53","16 de abr. de 2026, 16:15","","Chest Fly (Machine)",,"",2,"warmup",100,2,,,
"Chest🐓","16 de abr. de 2026, 14:53","16 de abr. de 2026, 16:15","","Chest Fly (Machine)",,"",3,"normal",100,8,,,10
"Chest🐓","16 de abr. de 2026, 14:53","16 de abr. de 2026, 16:15","","Chest Fly (Machine)",,"",4,"normal",93.5,7,,,
"Chest🐓","16 de abr. de 2026, 14:53","16 de abr. de 2026, 16:15","","Incline Bench Press (Dumbbell)",,"",0,"warmup",64,5,,,
"Chest🐓","16 de abr. de 2026, 14:53","16 de abr. de 2026, 16:15","","Incline Bench Press (Dumbbell)",,"",1,"warmup",72,3,,,
"Chest🐓","16 de abr. de 2026, 14:53","16 de abr. de 2026, 16:15","","Incline Bench Press (Dumbbell)",,"",2,"normal",76,8,,,10
"Chest🐓","16 de abr. de 2026, 14:53","16 de abr. de 2026, 16:15","","Seated Dip Machine",,"",0,"warmup",104,3,,,
"Chest🐓","16 de abr. de 2026, 14:53","16 de abr. de 2026, 16:15","","Seated Dip Machine",,"",1,"failure",104,14,,,10
"Chest🐓","16 de abr. de 2026, 14:53","16 de abr. de 2026, 16:15","","Single Arm Lateral Raise (Cable)",,"",0,"warmup",7.5,8,,,
"Chest🐓","16 de abr. de 2026, 14:53","16 de abr. de 2026, 16:15","","Single Arm Lateral Raise (Cable)",,"",1,"failure",7.5,6,,,
"Chest🐓","16 de abr. de 2026, 14:53","16 de abr. de 2026, 16:15","","Single Arm Lateral Raise (Cable)",,"",2,"failure",5,10,,,
"Chest🐓","16 de abr. de 2026, 14:53","16 de abr. de 2026, 16:15","","Triceps Pushdown",,"",0,"warmup",32.5,3,,,
"Chest🐓","16 de abr. de 2026, 14:53","16 de abr. de 2026, 16:15","","Triceps Pushdown",,"",1,"failure",35,4,,,
"Chest🐓","16 de abr. de 2026, 14:53","16 de abr. de 2026, 16:15","","Triceps Pushdown",,"",2,"failure",32.5,7,,,
"Back🦍","14 de abr. de 2026, 19:03","14 de abr. de 2026, 20:34","","Bent Over Row (Barbell)",,"",0,"warmup",40,12,,,
"Back🦍","14 de abr. de 2026, 19:03","14 de abr. de 2026, 20:34","","Bent Over Row (Barbell)",,"",1,"warmup",60,3,,,
"Back🦍","14 de abr. de 2026, 19:03","14 de abr. de 2026, 20:34","","Bent Over Row (Barbell)",,"",2,"warmup",90,3,,,
"Back🦍","14 de abr. de 2026, 19:03","14 de abr. de 2026, 20:34","","Bent Over Row (Barbell)",,"",3,"normal",90,11,,,10
"Back🦍","14 de abr. de 2026, 19:03","14 de abr. de 2026, 20:34","","Lat Pulldown (Cable)",,"",0,"warmup",45.5,12,,,
"Back🦍","14 de abr. de 2026, 19:03","14 de abr. de 2026, 20:34","","Lat Pulldown (Cable)",,"",1,"warmup",65.9,5,,,
"Back🦍","14 de abr. de 2026, 19:03","14 de abr. de 2026, 20:34","","Lat Pulldown (Cable)",,"",2,"warmup",72.7,3,,,
"Back🦍","14 de abr. de 2026, 19:03","14 de abr. de 2026, 20:34","","Lat Pulldown (Cable)",,"",3,"normal",79.5,11,,,10
"Back🦍","14 de abr. de 2026, 19:03","14 de abr. de 2026, 20:34","","Lat Pulldown (Cable)",,"",4,"normal",79.5,6,,,
"Back🦍","14 de abr. de 2026, 19:03","14 de abr. de 2026, 20:34","","Rear Delt Reverse Fly (Machine)",,"",0,"warmup",40,8,,,
"Back🦍","14 de abr. de 2026, 19:03","14 de abr. de 2026, 20:34","","Rear Delt Reverse Fly (Machine)",,"",1,"warmup",68.2,3,,,
"Back🦍","14 de abr. de 2026, 19:03","14 de abr. de 2026, 20:34","","Rear Delt Reverse Fly (Machine)",,"",2,"normal",68.2,8,,,10
"Back🦍","14 de abr. de 2026, 19:03","14 de abr. de 2026, 20:34","","Rear Delt Reverse Fly (Machine)",,"",3,"normal",59.1,9,,,10
"Back🦍","14 de abr. de 2026, 19:03","14 de abr. de 2026, 20:34","","Preacher Curl (Machine)",,"",0,"warmup",50,12,,,
"Back🦍","14 de abr. de 2026, 19:03","14 de abr. de 2026, 20:34","","Preacher Curl (Machine)",,"",1,"warmup",70,3,,,
"Back🦍","14 de abr. de 2026, 19:03","14 de abr. de 2026, 20:34","","Preacher Curl (Machine)",,"",2,"normal",70,7,,,10
"Back🦍","14 de abr. de 2026, 19:03","14 de abr. de 2026, 20:34","","Preacher Curl (Machine)",,"",3,"normal",63,6,,,
"Back🦍","14 de abr. de 2026, 19:03","14 de abr. de 2026, 20:34","","Crunch (Machine)",,"",0,"warmup",70,8,,,
"Back🦍","14 de abr. de 2026, 19:03","14 de abr. de 2026, 20:34","","Crunch (Machine)",,"",1,"normal",104,10,,,
"Back🦍","14 de abr. de 2026, 19:03","14 de abr. de 2026, 20:34","","Crunch (Machine)",,"",2,"normal",104,8,,,
"Back🦍","14 de abr. de 2026, 19:03","14 de abr. de 2026, 20:34","","Seated Shoulder Press (Machine)",,"",0,"warmup",57,12,,,
"Back🦍","14 de abr. de 2026, 19:03","14 de abr. de 2026, 20:34","","Seated Shoulder Press (Machine)",,"",1,"warmup",84,3,,,
"Back🦍","14 de abr. de 2026, 19:03","14 de abr. de 2026, 20:34","","Seated Shoulder Press (Machine)",,"",2,"failure",77,12,,,
"upper🐸","11 de abr. de 2026, 08:12","11 de abr. de 2026, 10:15","resenha da galera","Bench Press (Barbell)",,"",0,"warmup",50,10,,,
"upper🐸","11 de abr. de 2026, 08:12","11 de abr. de 2026, 10:15","resenha da galera","Bench Press (Barbell)",,"",1,"warmup",60,5,,,
"upper🐸","11 de abr. de 2026, 08:12","11 de abr. de 2026, 10:15","resenha da galera","Bench Press (Barbell)",,"",2,"warmup",90,2,,,
"upper🐸","11 de abr. de 2026, 08:12","11 de abr. de 2026, 10:15","resenha da galera","Bench Press (Barbell)",,"",3,"failure",90,6,,,10
"upper🐸","11 de abr. de 2026, 08:12","11 de abr. de 2026, 10:15","resenha da galera","Seated Cable Row - V Grip (Cable)",,"",0,"warmup",38.8,12,,,
"upper🐸","11 de abr. de 2026, 08:12","11 de abr. de 2026, 10:15","resenha da galera","Seated Cable Row - V Grip (Cable)",,"",1,"warmup",72.7,5,,,
"upper🐸","11 de abr. de 2026, 08:12","11 de abr. de 2026, 10:15","resenha da galera","Seated Cable Row - V Grip (Cable)",,"",2,"warmup",79.5,3,,,
"upper🐸","11 de abr. de 2026, 08:12","11 de abr. de 2026, 10:15","resenha da galera","Seated Cable Row - V Grip (Cable)",,"",3,"failure",79.5,10,,,10
"upper🐸","11 de abr. de 2026, 08:12","11 de abr. de 2026, 10:15","resenha da galera","Seated Cable Row - V Grip (Cable)",,"",4,"normal",72.7,12,,,
"upper🐸","11 de abr. de 2026, 08:12","11 de abr. de 2026, 10:15","resenha da galera","Lateral Raise (Dumbbell)",,"",0,"normal",24,5,,,
"upper🐸","11 de abr. de 2026, 08:12","11 de abr. de 2026, 10:15","resenha da galera","Lateral Raise (Dumbbell)",,"",1,"normal",28,6,,,
"upper🐸","11 de abr. de 2026, 08:12","11 de abr. de 2026, 10:15","resenha da galera","Lateral Raise (Dumbbell)",,"",2,"normal",24,8,,,
"upper🐸","11 de abr. de 2026, 08:12","11 de abr. de 2026, 10:15","resenha da galera","Seated Shoulder Press (Machine)",,"",0,"warmup",57,12,,,
"upper🐸","11 de abr. de 2026, 08:12","11 de abr. de 2026, 10:15","resenha da galera","Seated Shoulder Press (Machine)",,"",1,"warmup",84,3,,,
"upper🐸","11 de abr. de 2026, 08:12","11 de abr. de 2026, 10:15","resenha da galera","Seated Shoulder Press (Machine)",,"",2,"failure",84,8,,,
"upper🐸","11 de abr. de 2026, 08:12","11 de abr. de 2026, 10:15","resenha da galera","rosca scott unilateral de pirraia",,"",0,"warmup",12,5,,,
"upper🐸","11 de abr. de 2026, 08:12","11 de abr. de 2026, 10:15","resenha da galera","rosca scott unilateral de pirraia",,"",1,"warmup",16,5,,,
"upper🐸","11 de abr. de 2026, 08:12","11 de abr. de 2026, 10:15","resenha da galera","rosca scott unilateral de pirraia",,"",2,"normal",16,8,,,10
"upper🐸","11 de abr. de 2026, 08:12","11 de abr. de 2026, 10:15","resenha da galera","Overhead Triceps Extension (Cable)",,"",0,"warmup",22.5,5,,,
"upper🐸","11 de abr. de 2026, 08:12","11 de abr. de 2026, 10:15","resenha da galera","Overhead Triceps Extension (Cable)",,"",1,"warmup",27.5,3,,,
"upper🐸","11 de abr. de 2026, 08:12","11 de abr. de 2026, 10:15","resenha da galera","Overhead Triceps Extension (Cable)",,"",2,"failure",27.5,11,,,10
"upper🐸","11 de abr. de 2026, 08:12","11 de abr. de 2026, 10:15","resenha da galera","Overhead Triceps Extension (Cable)",,"",3,"normal",27.5,6,,,
"upper🐸","11 de abr. de 2026, 08:12","11 de abr. de 2026, 10:15","resenha da galera","Crunch (Machine)",,"",0,"warmup",77,8,,,
"upper🐸","11 de abr. de 2026, 08:12","11 de abr. de 2026, 10:15","resenha da galera","Crunch (Machine)",,"",1,"normal",104,10,,,
"upper🐸","11 de abr. de 2026, 08:12","11 de abr. de 2026, 10:15","resenha da galera","Crunch (Machine)",,"",2,"normal",104,8,,,
"Cardio🚴","10 de abr. de 2026, 16:37","10 de abr. de 2026, 17:07","","Cycling",,"",0,"normal",,,8,1800,
"Hamstrings🦘","10 de abr. de 2026, 14:49","10 de abr. de 2026, 16:37","Águia voa com águia, pardal voa com pardal! 🤜🏿🤛🏿","Deadlift (Barbell)",,"",0,"warmup",60,8,,,
"Hamstrings🦘","10 de abr. de 2026, 14:49","10 de abr. de 2026, 16:37","Águia voa com águia, pardal voa com pardal! 🤜🏿🤛🏿","Deadlift (Barbell)",,"",1,"warmup",100,5,,,
"Hamstrings🦘","10 de abr. de 2026, 14:49","10 de abr. de 2026, 16:37","Águia voa com águia, pardal voa com pardal! 🤜🏿🤛🏿","Deadlift (Barbell)",,"",2,"normal",140,3,,,
"Hamstrings🦘","10 de abr. de 2026, 14:49","10 de abr. de 2026, 16:37","Águia voa com águia, pardal voa com pardal! 🤜🏿🤛🏿","Deadlift (Barbell)",,"",3,"normal",160,1,,,
"Hamstrings🦘","10 de abr. de 2026, 14:49","10 de abr. de 2026, 16:37","Águia voa com águia, pardal voa com pardal! 🤜🏿🤛🏿","Deadlift (Barbell)",,"",4,"normal",165,4,,,10
"Hamstrings🦘","10 de abr. de 2026, 14:49","10 de abr. de 2026, 16:37","Águia voa com águia, pardal voa com pardal! 🤜🏿🤛🏿","Hip Thrust (Machine)",,"",0,"warmup",40,8,,,
"Hamstrings🦘","10 de abr. de 2026, 14:49","10 de abr. de 2026, 16:37","Águia voa com águia, pardal voa com pardal! 🤜🏿🤛🏿","Hip Thrust (Machine)",,"",1,"warmup",60,3,,,
"Hamstrings🦘","10 de abr. de 2026, 14:49","10 de abr. de 2026, 16:37","Águia voa com águia, pardal voa com pardal! 🤜🏿🤛🏿","Hip Thrust (Machine)",,"",2,"failure",80,10,,,10
"Hamstrings🦘","10 de abr. de 2026, 14:49","10 de abr. de 2026, 16:37","Águia voa com águia, pardal voa com pardal! 🤜🏿🤛🏿","Seated Leg Curl (Machine)",,"",0,"warmup",63,12,,,
"Hamstrings🦘","10 de abr. de 2026, 14:49","10 de abr. de 2026, 16:37","Águia voa com águia, pardal voa com pardal! 🤜🏿🤛🏿","Seated Leg Curl (Machine)",,"",1,"warmup",90,3,,,
"Hamstrings🦘","10 de abr. de 2026, 14:49","10 de abr. de 2026, 16:37","Águia voa com águia, pardal voa com pardal! 🤜🏿🤛🏿","Seated Leg Curl (Machine)",,"",2,"normal",97,9,,,10
"Hamstrings🦘","10 de abr. de 2026, 14:49","10 de abr. de 2026, 16:37","Águia voa com águia, pardal voa com pardal! 🤜🏿🤛🏿","Seated Leg Curl (Machine)",,"",3,"normal",90,8,,,
"Hamstrings🦘","10 de abr. de 2026, 14:49","10 de abr. de 2026, 16:37","Águia voa com águia, pardal voa com pardal! 🤜🏿🤛🏿","Leg Extension (Machine)",,"",0,"warmup",63,8,,,
"Hamstrings🦘","10 de abr. de 2026, 14:49","10 de abr. de 2026, 16:37","Águia voa com águia, pardal voa com pardal! 🤜🏿🤛🏿","Leg Extension (Machine)",,"",1,"warmup",97,3,,,
"Hamstrings🦘","10 de abr. de 2026, 14:49","10 de abr. de 2026, 16:37","Águia voa com águia, pardal voa com pardal! 🤜🏿🤛🏿","Leg Extension (Machine)",,"",2,"failure",104,12,,,
"Hamstrings🦘","10 de abr. de 2026, 14:49","10 de abr. de 2026, 16:37","Águia voa com águia, pardal voa com pardal! 🤜🏿🤛🏿","Hip Adduction (Machine)",,"",0,"warmup",50,10,,,
"Hamstrings🦘","10 de abr. de 2026, 14:49","10 de abr. de 2026, 16:37","Águia voa com águia, pardal voa com pardal! 🤜🏿🤛🏿","Hip Adduction (Machine)",,"",1,"normal",63,9,,,10
"Hamstrings🦘","10 de abr. de 2026, 14:49","10 de abr. de 2026, 16:37","Águia voa com águia, pardal voa com pardal! 🤜🏿🤛🏿","Hip Adduction (Machine)",,"",2,"normal",57,9,,,
"Chest🐓","9 de abr. de 2026, 14:42","9 de abr. de 2026, 16:02","""Porquê vocês fazem poucas repetições?""🤔","Crunch (Machine)",,"",0,"warmup",57,12,,,
"Chest🐓","9 de abr. de 2026, 14:42","9 de abr. de 2026, 16:02","""Porquê vocês fazem poucas repetições?""🤔","Crunch (Machine)",,"",1,"warmup",77,5,,,
"Chest🐓","9 de abr. de 2026, 14:42","9 de abr. de 2026, 16:02","""Porquê vocês fazem poucas repetições?""🤔","Crunch (Machine)",,"",2,"warmup",97,3,,,
"Chest🐓","9 de abr. de 2026, 14:42","9 de abr. de 2026, 16:02","""Porquê vocês fazem poucas repetições?""🤔","Crunch (Machine)",,"",3,"normal",104,9,,,
"Chest🐓","9 de abr. de 2026, 14:42","9 de abr. de 2026, 16:02","""Porquê vocês fazem poucas repetições?""🤔","Crunch (Machine)",,"",4,"normal",97,8,,,
"Chest🐓","9 de abr. de 2026, 14:42","9 de abr. de 2026, 16:02","""Porquê vocês fazem poucas repetições?""🤔","Chest Fly (Machine)",,"",0,"warmup",45.5,12,,,
"Chest🐓","9 de abr. de 2026, 14:42","9 de abr. de 2026, 16:02","""Porquê vocês fazem poucas repetições?""🤔","Chest Fly (Machine)",,"",1,"warmup",72.7,5,,,
"Chest🐓","9 de abr. de 2026, 14:42","9 de abr. de 2026, 16:02","""Porquê vocês fazem poucas repetições?""🤔","Chest Fly (Machine)",,"",2,"warmup",100,2,,,
"Chest🐓","9 de abr. de 2026, 14:42","9 de abr. de 2026, 16:02","""Porquê vocês fazem poucas repetições?""🤔","Chest Fly (Machine)",,"",3,"normal",100,7,,,10
"Chest🐓","9 de abr. de 2026, 14:42","9 de abr. de 2026, 16:02","""Porquê vocês fazem poucas repetições?""🤔","Chest Fly (Machine)",,"",4,"normal",93.5,7,,,10
"Chest🐓","9 de abr. de 2026, 14:42","9 de abr. de 2026, 16:02","""Porquê vocês fazem poucas repetições?""🤔","Incline Bench Press (Dumbbell)",,"",0,"warmup",64,3,,,
"Chest🐓","9 de abr. de 2026, 14:42","9 de abr. de 2026, 16:02","""Porquê vocês fazem poucas repetições?""🤔","Incline Bench Press (Dumbbell)",,"",1,"warmup",72,3,,,
"Chest🐓","9 de abr. de 2026, 14:42","9 de abr. de 2026, 16:02","""Porquê vocês fazem poucas repetições?""🤔","Incline Bench Press (Dumbbell)",,"",2,"normal",76,6,,,10
"Chest🐓","9 de abr. de 2026, 14:42","9 de abr. de 2026, 16:02","""Porquê vocês fazem poucas repetições?""🤔","Seated Dip Machine",,"",0,"warmup",97,3,,,
"Chest🐓","9 de abr. de 2026, 14:42","9 de abr. de 2026, 16:02","""Porquê vocês fazem poucas repetições?""🤔","Seated Dip Machine",,"",1,"normal",104,15,,,
"Chest🐓","9 de abr. de 2026, 14:42","9 de abr. de 2026, 16:02","""Porquê vocês fazem poucas repetições?""🤔","Single Arm Lateral Raise (Cable)",,"",0,"warmup",6.8,8,,,
"Chest🐓","9 de abr. de 2026, 14:42","9 de abr. de 2026, 16:02","""Porquê vocês fazem poucas repetições?""🤔","Single Arm Lateral Raise (Cable)",,"",1,"failure",9.1,9,,,
"Chest🐓","9 de abr. de 2026, 14:42","9 de abr. de 2026, 16:02","""Porquê vocês fazem poucas repetições?""🤔","Single Arm Lateral Raise (Cable)",,"",2,"failure",6.8,7,,,
"Chest🐓","9 de abr. de 2026, 14:42","9 de abr. de 2026, 16:02","""Porquê vocês fazem poucas repetições?""🤔","Triceps Pushdown",,"",0,"warmup",31.5,3,,,
"Chest🐓","9 de abr. de 2026, 14:42","9 de abr. de 2026, 16:02","""Porquê vocês fazem poucas repetições?""🤔","Triceps Pushdown",,"",1,"failure",35,6,,,
"Chest🐓","9 de abr. de 2026, 14:42","9 de abr. de 2026, 16:02","""Porquê vocês fazem poucas repetições?""🤔","Triceps Pushdown",,"",2,"failure",32.5,6,,,
"Cardio de guri🚴🏻‍♂️","8 de abr. de 2026, 14:57","8 de abr. de 2026, 15:59","","Cycling",,"",0,"normal",,,22.12,3666,
"cardio fim de noite","7 de abr. de 2026, 21:18","7 de abr. de 2026, 21:48","","Cycling",,"",0,"normal",,,13,1800,
"Back🦍","7 de abr. de 2026, 19:53","7 de abr. de 2026, 21:19","""o básico bem feito🤠👍"" ft. @itathigas","Crunch (Machine)",,"",0,"warmup",70,12,,,
"Back🦍","7 de abr. de 2026, 19:53","7 de abr. de 2026, 21:19","""o básico bem feito🤠👍"" ft. @itathigas","Crunch (Machine)",,"",1,"warmup",97,3,,,
"Back🦍","7 de abr. de 2026, 19:53","7 de abr. de 2026, 21:19","""o básico bem feito🤠👍"" ft. @itathigas","Crunch (Machine)",,"",2,"normal",104,7,,,
"Back🦍","7 de abr. de 2026, 19:53","7 de abr. de 2026, 21:19","""o básico bem feito🤠👍"" ft. @itathigas","Crunch (Machine)",,"",3,"normal",97,6,,,
"Back🦍","7 de abr. de 2026, 19:53","7 de abr. de 2026, 21:19","""o básico bem feito🤠👍"" ft. @itathigas","Lat Pulldown (Cable)",,"",0,"warmup",38.6,12,,,
"Back🦍","7 de abr. de 2026, 19:53","7 de abr. de 2026, 21:19","""o básico bem feito🤠👍"" ft. @itathigas","Lat Pulldown (Cable)",,"",1,"warmup",65.9,5,,,
"Back🦍","7 de abr. de 2026, 19:53","7 de abr. de 2026, 21:19","""o básico bem feito🤠👍"" ft. @itathigas","Lat Pulldown (Cable)",,"",2,"warmup",72.7,3,,,
"Back🦍","7 de abr. de 2026, 19:53","7 de abr. de 2026, 21:19","""o básico bem feito🤠👍"" ft. @itathigas","Lat Pulldown (Cable)",,"",3,"normal",79.5,9,,,10
"Back🦍","7 de abr. de 2026, 19:53","7 de abr. de 2026, 21:19","""o básico bem feito🤠👍"" ft. @itathigas","Lat Pulldown (Cable)",,"",4,"normal",79.5,12,,,
"Back🦍","7 de abr. de 2026, 19:53","7 de abr. de 2026, 21:19","""o básico bem feito🤠👍"" ft. @itathigas","Bent Over Row (Barbell)",,"",0,"warmup",50,12,,,
"Back🦍","7 de abr. de 2026, 19:53","7 de abr. de 2026, 21:19","""o básico bem feito🤠👍"" ft. @itathigas","Bent Over Row (Barbell)",,"",1,"warmup",80,3,,,
"Back🦍","7 de abr. de 2026, 19:53","7 de abr. de 2026, 21:19","""o básico bem feito🤠👍"" ft. @itathigas","Bent Over Row (Barbell)",,"",2,"failure",90,10,,,10
"Back🦍","7 de abr. de 2026, 19:53","7 de abr. de 2026, 21:19","""o básico bem feito🤠👍"" ft. @itathigas","Rear Delt Reverse Fly (Machine)",,"",0,"warmup",38.6,12,,,
"Back🦍","7 de abr. de 2026, 19:53","7 de abr. de 2026, 21:19","""o básico bem feito🤠👍"" ft. @itathigas","Rear Delt Reverse Fly (Machine)",,"",1,"warmup",65.9,3,,,
"Back🦍","7 de abr. de 2026, 19:53","7 de abr. de 2026, 21:19","""o básico bem feito🤠👍"" ft. @itathigas","Rear Delt Reverse Fly (Machine)",,"",2,"failure",72.7,7,,,10
"Back🦍","7 de abr. de 2026, 19:53","7 de abr. de 2026, 21:19","""o básico bem feito🤠👍"" ft. @itathigas","rosca scott unilateral de pirraia",,"",0,"warmup",14,5,,,
"Back🦍","7 de abr. de 2026, 19:53","7 de abr. de 2026, 21:19","""o básico bem feito🤠👍"" ft. @itathigas","rosca scott unilateral de pirraia",,"",1,"failure",16,8,,,10
"Back🦍","7 de abr. de 2026, 19:53","7 de abr. de 2026, 21:19","""o básico bem feito🤠👍"" ft. @itathigas","rosca scott unilateral de pirraia",,"",2,"normal",12,12,,,
"Back🦍","7 de abr. de 2026, 19:53","7 de abr. de 2026, 21:19","""o básico bem feito🤠👍"" ft. @itathigas","Lateral Raise (Dumbbell)",,"",0,"normal",24,8,,,
"Back🦍","7 de abr. de 2026, 19:53","7 de abr. de 2026, 21:19","""o básico bem feito🤠👍"" ft. @itathigas","Lateral Raise (Dumbbell)",,"",1,"normal",28,6,,,
"azul goiaba","6 de abr. de 2026, 16:45","6 de abr. de 2026, 17:15","","Cycling",,"",0,"normal",,,12,1800,
"Quads🐎","6 de abr. de 2026, 14:56","6 de abr. de 2026, 16:41","""Ainda bem que a gente tem o SUS.""🙏🏻","Calf Extension (Machine)",,"",0,"warmup",86.4,12,,,
"Quads🐎","6 de abr. de 2026, 14:56","6 de abr. de 2026, 16:41","""Ainda bem que a gente tem o SUS.""🙏🏻","Calf Extension (Machine)",,"",1,"normal",131.8,12,,,
"Quads🐎","6 de abr. de 2026, 14:56","6 de abr. de 2026, 16:41","""Ainda bem que a gente tem o SUS.""🙏🏻","Calf Extension (Machine)",,"",2,"normal",150,20,,,
"Quads🐎","6 de abr. de 2026, 14:56","6 de abr. de 2026, 16:41","""Ainda bem que a gente tem o SUS.""🙏🏻","Squat (Barbell)",,"",0,"warmup",60,12,,,
"Quads🐎","6 de abr. de 2026, 14:56","6 de abr. de 2026, 16:41","""Ainda bem que a gente tem o SUS.""🙏🏻","Squat (Barbell)",,"",1,"warmup",80,5,,,
"Quads🐎","6 de abr. de 2026, 14:56","6 de abr. de 2026, 16:41","""Ainda bem que a gente tem o SUS.""🙏🏻","Squat (Barbell)",,"",2,"warmup",105,3,,,
"Quads🐎","6 de abr. de 2026, 14:56","6 de abr. de 2026, 16:41","""Ainda bem que a gente tem o SUS.""🙏🏻","Squat (Barbell)",,"",3,"failure",110,9,,,9.5
"Quads🐎","6 de abr. de 2026, 14:56","6 de abr. de 2026, 16:41","""Ainda bem que a gente tem o SUS.""🙏🏻","Leg Extension (Machine)",,"",0,"warmup",57,10,,,
"Quads🐎","6 de abr. de 2026, 14:56","6 de abr. de 2026, 16:41","""Ainda bem que a gente tem o SUS.""🙏🏻","Leg Extension (Machine)",,"",1,"warmup",97,5,,,
"Quads🐎","6 de abr. de 2026, 14:56","6 de abr. de 2026, 16:41","""Ainda bem que a gente tem o SUS.""🙏🏻","Leg Extension (Machine)",,"",2,"normal",104,12,,,8
"Quads🐎","6 de abr. de 2026, 14:56","6 de abr. de 2026, 16:41","""Ainda bem que a gente tem o SUS.""🙏🏻","Leg Extension (Machine)",,"",3,"failure",104,10,,,10
"Quads🐎","6 de abr. de 2026, 14:56","6 de abr. de 2026, 16:41","""Ainda bem que a gente tem o SUS.""🙏🏻","Seated Leg Curl (Machine)",,"",0,"warmup",63,10,,,
"Quads🐎","6 de abr. de 2026, 14:56","6 de abr. de 2026, 16:41","""Ainda bem que a gente tem o SUS.""🙏🏻","Seated Leg Curl (Machine)",,"",1,"warmup",97,3,,,
"Quads🐎","6 de abr. de 2026, 14:56","6 de abr. de 2026, 16:41","""Ainda bem que a gente tem o SUS.""🙏🏻","Seated Leg Curl (Machine)",,"",2,"failure",97,7,,,10
"Quads🐎","6 de abr. de 2026, 14:56","6 de abr. de 2026, 16:41","""Ainda bem que a gente tem o SUS.""🙏🏻","Seated Leg Curl (Machine)",,"",3,"normal",90,7,,,
"Quads🐎","6 de abr. de 2026, 14:56","6 de abr. de 2026, 16:41","""Ainda bem que a gente tem o SUS.""🙏🏻","Hip Adduction (Machine)",,"",0,"warmup",50,10,,,
"Quads🐎","6 de abr. de 2026, 14:56","6 de abr. de 2026, 16:41","""Ainda bem que a gente tem o SUS.""🙏🏻","Hip Adduction (Machine)",,"",1,"warmup",57,3,,,
"Quads🐎","6 de abr. de 2026, 14:56","6 de abr. de 2026, 16:41","""Ainda bem que a gente tem o SUS.""🙏🏻","Hip Adduction (Machine)",,"",2,"normal",63,8,,,10
"Kardio","4 de abr. de 2026, 16:58","4 de abr. de 2026, 17:33","","Treadmill",,"",0,"normal",,,3.5,2100,
"upper🐸👃","4 de abr. de 2026, 15:05","4 de abr. de 2026, 16:46","""Autobots, vamos rodar!""🤖","Crunch (Machine)",,"",0,"warmup",57,12,,,
"upper🐸👃","4 de abr. de 2026, 15:05","4 de abr. de 2026, 16:46","""Autobots, vamos rodar!""🤖","Crunch (Machine)",,"",1,"warmup",97,3,,,
"upper🐸👃","4 de abr. de 2026, 15:05","4 de abr. de 2026, 16:46","""Autobots, vamos rodar!""🤖","Crunch (Machine)",,"",2,"failure",104,11,,,
"upper🐸👃","4 de abr. de 2026, 15:05","4 de abr. de 2026, 16:46","""Autobots, vamos rodar!""🤖","Crunch (Machine)",,"",3,"normal",104,6,,,
"upper🐸👃","4 de abr. de 2026, 15:05","4 de abr. de 2026, 16:46","""Autobots, vamos rodar!""🤖","Bench Press (Barbell)",,"",0,"warmup",50,10,,,
"upper🐸👃","4 de abr. de 2026, 15:05","4 de abr. de 2026, 16:46","""Autobots, vamos rodar!""🤖","Bench Press (Barbell)",,"",1,"warmup",60,5,,,
"upper🐸👃","4 de abr. de 2026, 15:05","4 de abr. de 2026, 16:46","""Autobots, vamos rodar!""🤖","Bench Press (Barbell)",,"",2,"warmup",85,3,,,
"upper🐸👃","4 de abr. de 2026, 15:05","4 de abr. de 2026, 16:46","""Autobots, vamos rodar!""🤖","Bench Press (Barbell)",,"",3,"failure",90,6,,,10
"upper🐸👃","4 de abr. de 2026, 15:05","4 de abr. de 2026, 16:46","""Autobots, vamos rodar!""🤖","Seated Cable Row - V Grip (Cable)",,"",0,"warmup",45.5,12,,,
"upper🐸👃","4 de abr. de 2026, 15:05","4 de abr. de 2026, 16:46","""Autobots, vamos rodar!""🤖","Seated Cable Row - V Grip (Cable)",,"",1,"warmup",79.5,5,,,
"upper🐸👃","4 de abr. de 2026, 15:05","4 de abr. de 2026, 16:46","""Autobots, vamos rodar!""🤖","Seated Cable Row - V Grip (Cable)",,"",2,"warmup",86.4,3,,,
"upper🐸👃","4 de abr. de 2026, 15:05","4 de abr. de 2026, 16:46","""Autobots, vamos rodar!""🤖","Seated Cable Row - V Grip (Cable)",,"",3,"failure",93.2,9,,,10
"upper🐸👃","4 de abr. de 2026, 15:05","4 de abr. de 2026, 16:46","""Autobots, vamos rodar!""🤖","Seated Shoulder Press (Machine)",,"",0,"warmup",57,12,,,
"upper🐸👃","4 de abr. de 2026, 15:05","4 de abr. de 2026, 16:46","""Autobots, vamos rodar!""🤖","Seated Shoulder Press (Machine)",,"",1,"warmup",77,3,,,
"upper🐸👃","4 de abr. de 2026, 15:05","4 de abr. de 2026, 16:46","""Autobots, vamos rodar!""🤖","Seated Shoulder Press (Machine)",,"",2,"failure",84,9,,,10
"upper🐸👃","4 de abr. de 2026, 15:05","4 de abr. de 2026, 16:46","""Autobots, vamos rodar!""🤖","Lateral Raise (Dumbbell)",,"",0,"normal",24,8,,,
"upper🐸👃","4 de abr. de 2026, 15:05","4 de abr. de 2026, 16:46","""Autobots, vamos rodar!""🤖","Lateral Raise (Dumbbell)",,"",1,"normal",28,6,,,
"upper🐸👃","4 de abr. de 2026, 15:05","4 de abr. de 2026, 16:46","""Autobots, vamos rodar!""🤖","Lateral Raise (Dumbbell)",,"",2,"normal",28,6,,,
"upper🐸👃","4 de abr. de 2026, 15:05","4 de abr. de 2026, 16:46","""Autobots, vamos rodar!""🤖","Preacher Curl (Machine)",,"",0,"warmup",43,12,,,
"upper🐸👃","4 de abr. de 2026, 15:05","4 de abr. de 2026, 16:46","""Autobots, vamos rodar!""🤖","Preacher Curl (Machine)",,"",1,"warmup",70,3,,,
"upper🐸👃","4 de abr. de 2026, 15:05","4 de abr. de 2026, 16:46","""Autobots, vamos rodar!""🤖","Preacher Curl (Machine)",,"",2,"failure",70,7,,,
"upper🐸👃","4 de abr. de 2026, 15:05","4 de abr. de 2026, 16:46","""Autobots, vamos rodar!""🤖","Overhead Triceps Extension (Cable)",,"",0,"warmup",22.7,3,,,
"upper🐸👃","4 de abr. de 2026, 15:05","4 de abr. de 2026, 16:46","""Autobots, vamos rodar!""🤖","Overhead Triceps Extension (Cable)",,"",1,"warmup",24.9,3,,,
"upper🐸👃","4 de abr. de 2026, 15:05","4 de abr. de 2026, 16:46","""Autobots, vamos rodar!""🤖","Overhead Triceps Extension (Cable)",,"",2,"failure",27.2,11,,,
"Hamstrings🦘","3 de abr. de 2026, 15:28","3 de abr. de 2026, 17:00","""Tome conversar!""🙊","Deadlift (Barbell)",,"",0,"warmup",60,8,,,
"Hamstrings🦘","3 de abr. de 2026, 15:28","3 de abr. de 2026, 17:00","""Tome conversar!""🙊","Deadlift (Barbell)",,"",1,"warmup",100,5,,,
"Hamstrings🦘","3 de abr. de 2026, 15:28","3 de abr. de 2026, 17:00","""Tome conversar!""🙊","Deadlift (Barbell)",,"",2,"normal",140,3,,,
"Hamstrings🦘","3 de abr. de 2026, 15:28","3 de abr. de 2026, 17:00","""Tome conversar!""🙊","Deadlift (Barbell)",,"",3,"normal",160,2,,,
"Hamstrings🦘","3 de abr. de 2026, 15:28","3 de abr. de 2026, 17:00","""Tome conversar!""🙊","Deadlift (Barbell)",,"",4,"normal",165,3,,,
"Hamstrings🦘","3 de abr. de 2026, 15:28","3 de abr. de 2026, 17:00","""Tome conversar!""🙊","Hip Thrust (Machine)",,"",0,"warmup",40,8,,,
"Hamstrings🦘","3 de abr. de 2026, 15:28","3 de abr. de 2026, 17:00","""Tome conversar!""🙊","Hip Thrust (Machine)",,"",1,"warmup",60,3,,,
"Hamstrings🦘","3 de abr. de 2026, 15:28","3 de abr. de 2026, 17:00","""Tome conversar!""🙊","Hip Thrust (Machine)",,"",2,"failure",80,5,,,10
"Hamstrings🦘","3 de abr. de 2026, 15:28","3 de abr. de 2026, 17:00","""Tome conversar!""🙊","Seated Leg Curl (Machine)",,"",0,"warmup",63,12,,,
"Hamstrings🦘","3 de abr. de 2026, 15:28","3 de abr. de 2026, 17:00","""Tome conversar!""🙊","Seated Leg Curl (Machine)",,"",1,"warmup",84,3,,,
"Hamstrings🦘","3 de abr. de 2026, 15:28","3 de abr. de 2026, 17:00","""Tome conversar!""🙊","Seated Leg Curl (Machine)",,"",2,"normal",90,9,,,
"Hamstrings🦘","3 de abr. de 2026, 15:28","3 de abr. de 2026, 17:00","""Tome conversar!""🙊","Seated Leg Curl (Machine)",,"",3,"normal",90,8,,,
"Hamstrings🦘","3 de abr. de 2026, 15:28","3 de abr. de 2026, 17:00","""Tome conversar!""🙊","Leg Extension (Machine)",,"",0,"warmup",84,5,,,
"Hamstrings🦘","3 de abr. de 2026, 15:28","3 de abr. de 2026, 17:00","""Tome conversar!""🙊","Leg Extension (Machine)",,"",1,"warmup",104,3,,,
"Hamstrings🦘","3 de abr. de 2026, 15:28","3 de abr. de 2026, 17:00","""Tome conversar!""🙊","Leg Extension (Machine)",,"",2,"failure",104,12,,,
"Hamstrings🦘","3 de abr. de 2026, 15:28","3 de abr. de 2026, 17:00","""Tome conversar!""🙊","Calf Extension (Machine)",,"",0,"warmup",86.4,12,,,
"Hamstrings🦘","3 de abr. de 2026, 15:28","3 de abr. de 2026, 17:00","""Tome conversar!""🙊","Calf Extension (Machine)",,"",1,"normal",131.8,12,,,
"Hamstrings🦘","3 de abr. de 2026, 15:28","3 de abr. de 2026, 17:00","""Tome conversar!""🙊","Calf Extension (Machine)",,"",2,"normal",150,20,,,
"Chest🐓","2 de abr. de 2026, 14:53","2 de abr. de 2026, 16:30","""Aquela lá!""🎸","Chest Fly (Machine)",,"",0,"warmup",50,12,,,
"Chest🐓","2 de abr. de 2026, 14:53","2 de abr. de 2026, 16:30","""Aquela lá!""🎸","Chest Fly (Machine)",,"",1,"warmup",77.3,5,,,
"Chest🐓","2 de abr. de 2026, 14:53","2 de abr. de 2026, 16:30","""Aquela lá!""🎸","Chest Fly (Machine)",,"",2,"warmup",95.5,2,,,
"Chest🐓","2 de abr. de 2026, 14:53","2 de abr. de 2026, 16:30","""Aquela lá!""🎸","Chest Fly (Machine)",,"",3,"normal",95.5,8,,,10
"Chest🐓","2 de abr. de 2026, 14:53","2 de abr. de 2026, 16:30","""Aquela lá!""🎸","Incline Bench Press (Dumbbell)",,"",0,"warmup",64,3,,,
"Chest🐓","2 de abr. de 2026, 14:53","2 de abr. de 2026, 16:30","""Aquela lá!""🎸","Incline Bench Press (Dumbbell)",,"",1,"warmup",68,3,,,
"Chest🐓","2 de abr. de 2026, 14:53","2 de abr. de 2026, 16:30","""Aquela lá!""🎸","Incline Bench Press (Dumbbell)",,"",2,"normal",72,9,,,9.5
"Chest🐓","2 de abr. de 2026, 14:53","2 de abr. de 2026, 16:30","""Aquela lá!""🎸","Seated Dip Machine",,"",0,"warmup",97,3,,,
"Chest🐓","2 de abr. de 2026, 14:53","2 de abr. de 2026, 16:30","""Aquela lá!""🎸","Seated Dip Machine",,"",1,"normal",104,15,,,
"Chest🐓","2 de abr. de 2026, 14:53","2 de abr. de 2026, 16:30","""Aquela lá!""🎸","Seated Dip Machine",,"",2,"normal",104,12,,,
"Chest🐓","2 de abr. de 2026, 14:53","2 de abr. de 2026, 16:30","""Aquela lá!""🎸","Single Arm Lateral Raise (Cable)",,"",0,"warmup",6.8,3,,,
"Chest🐓","2 de abr. de 2026, 14:53","2 de abr. de 2026, 16:30","""Aquela lá!""🎸","Single Arm Lateral Raise (Cable)",,"",1,"warmup",9.1,3,,,
"Chest🐓","2 de abr. de 2026, 14:53","2 de abr. de 2026, 16:30","""Aquela lá!""🎸","Single Arm Lateral Raise (Cable)",,"",2,"failure",9.1,9,,,
"Chest🐓","2 de abr. de 2026, 14:53","2 de abr. de 2026, 16:30","""Aquela lá!""🎸","Single Arm Lateral Raise (Cable)",,"",3,"failure",6.8,8,,,
"Chest🐓","2 de abr. de 2026, 14:53","2 de abr. de 2026, 16:30","""Aquela lá!""🎸","Triceps Pushdown",,"",0,"warmup",31.8,3,,,
"Chest🐓","2 de abr. de 2026, 14:53","2 de abr. de 2026, 16:30","""Aquela lá!""🎸","Triceps Pushdown",,"",1,"failure",34,9,,,10
"Chest🐓","2 de abr. de 2026, 14:53","2 de abr. de 2026, 16:30","""Aquela lá!""🎸","Triceps Pushdown",,"",2,"failure",31.8,8,,,
"Chest🐓","2 de abr. de 2026, 14:53","2 de abr. de 2026, 16:30","""Aquela lá!""🎸","Crunch (Machine)",,"",0,"warmup",57,12,,,
"Chest🐓","2 de abr. de 2026, 14:53","2 de abr. de 2026, 16:30","""Aquela lá!""🎸","Crunch (Machine)",,"",1,"warmup",97,3,,,
"Chest🐓","2 de abr. de 2026, 14:53","2 de abr. de 2026, 16:30","""Aquela lá!""🎸","Crunch (Machine)",,"",2,"failure",104,10,,,
"Chest🐓","2 de abr. de 2026, 14:53","2 de abr. de 2026, 16:30","""Aquela lá!""🎸","Crunch (Machine)",,"",3,"normal",97,8,,,
"cardjo","31 de mar. de 2026, 16:48","31 de mar. de 2026, 17:23","","Treadmill",,"",0,"normal",,,3.5,2100,
"""10 coisas sobre mim pensei muito""","31 de mar. de 2026, 14:36","31 de mar. de 2026, 15:51","","Crunch (Machine)",,"",0,"warmup",57,12,,,
"""10 coisas sobre mim pensei muito""","31 de mar. de 2026, 14:36","31 de mar. de 2026, 15:51","","Crunch (Machine)",,"",1,"warmup",97,3,,,
"""10 coisas sobre mim pensei muito""","31 de mar. de 2026, 14:36","31 de mar. de 2026, 15:51","","Crunch (Machine)",,"",2,"failure",104,8,,,9.5
"""10 coisas sobre mim pensei muito""","31 de mar. de 2026, 14:36","31 de mar. de 2026, 15:51","","Crunch (Machine)",,"",3,"normal",97,8,,,
"""10 coisas sobre mim pensei muito""","31 de mar. de 2026, 14:36","31 de mar. de 2026, 15:51","","Bent Over Row (Barbell)",,"",0,"warmup",40,12,,,
"""10 coisas sobre mim pensei muito""","31 de mar. de 2026, 14:36","31 de mar. de 2026, 15:51","","Bent Over Row (Barbell)",,"",1,"warmup",70,5,,,
"""10 coisas sobre mim pensei muito""","31 de mar. de 2026, 14:36","31 de mar. de 2026, 15:51","","Bent Over Row (Barbell)",,"",2,"warmup",80,3,,,
"""10 coisas sobre mim pensei muito""","31 de mar. de 2026, 14:36","31 de mar. de 2026, 15:51","","Bent Over Row (Barbell)",,"",3,"failure",90,7,,,10
"""10 coisas sobre mim pensei muito""","31 de mar. de 2026, 14:36","31 de mar. de 2026, 15:51","","Lat Pulldown (Cable)",,"",0,"warmup",72.7,12,,,
"""10 coisas sobre mim pensei muito""","31 de mar. de 2026, 14:36","31 de mar. de 2026, 15:51","","Lat Pulldown (Cable)",,"",1,"failure",79.5,11,,,10
"""10 coisas sobre mim pensei muito""","31 de mar. de 2026, 14:36","31 de mar. de 2026, 15:51","","Lat Pulldown (Cable)",,"",2,"normal",79.5,7,,,10
"""10 coisas sobre mim pensei muito""","31 de mar. de 2026, 14:36","31 de mar. de 2026, 15:51","","Rear Delt Reverse Fly (Machine)",,"",0,"warmup",59.1,3,,,
"""10 coisas sobre mim pensei muito""","31 de mar. de 2026, 14:36","31 de mar. de 2026, 15:51","","Rear Delt Reverse Fly (Machine)",,"",1,"normal",68.2,9,,,10
"""10 coisas sobre mim pensei muito""","31 de mar. de 2026, 14:36","31 de mar. de 2026, 15:51","","Preacher Curl (Machine)",,"",0,"warmup",36,12,,,
"""10 coisas sobre mim pensei muito""","31 de mar. de 2026, 14:36","31 de mar. de 2026, 15:51","","Preacher Curl (Machine)",,"",1,"warmup",70,3,,,
"""10 coisas sobre mim pensei muito""","31 de mar. de 2026, 14:36","31 de mar. de 2026, 15:51","","Preacher Curl (Machine)",,"",2,"failure",70,10,,,10
"""10 coisas sobre mim pensei muito""","31 de mar. de 2026, 14:36","31 de mar. de 2026, 15:51","","Preacher Curl (Machine)",,"",3,"normal",63,8,,,
"cardio","30 de mar. de 2026, 16:46","30 de mar. de 2026, 17:21","""e vagabundo ta la""","Treadmill",,"",0,"normal",,,3.5,2100,
"Quads🐎","30 de mar. de 2026, 14:51","30 de mar. de 2026, 16:32","experimentando perfome:(","Calf Extension (Machine)",,"",0,"warmup",86.4,12,,,
"Quads🐎","30 de mar. de 2026, 14:51","30 de mar. de 2026, 16:32","experimentando perfome:(","Calf Extension (Machine)",,"",1,"normal",131.8,12,,,
"Quads🐎","30 de mar. de 2026, 14:51","30 de mar. de 2026, 16:32","experimentando perfome:(","Calf Extension (Machine)",,"",2,"normal",140.9,12,,,
"Quads🐎","30 de mar. de 2026, 14:51","30 de mar. de 2026, 16:32","experimentando perfome:(","Squat (Barbell)",,"",0,"warmup",60,12,,,
"Quads🐎","30 de mar. de 2026, 14:51","30 de mar. de 2026, 16:32","experimentando perfome:(","Squat (Barbell)",,"",1,"warmup",80,5,,,
"Quads🐎","30 de mar. de 2026, 14:51","30 de mar. de 2026, 16:32","experimentando perfome:(","Squat (Barbell)",,"",2,"warmup",105,2,,,
"Quads🐎","30 de mar. de 2026, 14:51","30 de mar. de 2026, 16:32","experimentando perfome:(","Squat (Barbell)",,"",3,"normal",105,8,,,9.5
"Quads🐎","30 de mar. de 2026, 14:51","30 de mar. de 2026, 16:32","experimentando perfome:(","Leg Extension (Machine)",,"",0,"warmup",57,10,,,
"Quads🐎","30 de mar. de 2026, 14:51","30 de mar. de 2026, 16:32","experimentando perfome:(","Leg Extension (Machine)",,"",1,"warmup",97,5,,,
"Quads🐎","30 de mar. de 2026, 14:51","30 de mar. de 2026, 16:32","experimentando perfome:(","Leg Extension (Machine)",,"",2,"normal",104,9,,,9
"Quads🐎","30 de mar. de 2026, 14:51","30 de mar. de 2026, 16:32","experimentando perfome:(","Leg Extension (Machine)",,"",3,"failure",104,10,,,10
"Quads🐎","30 de mar. de 2026, 14:51","30 de mar. de 2026, 16:32","experimentando perfome:(","Seated Leg Curl (Machine)",,"",0,"warmup",63,10,,,
"Quads🐎","30 de mar. de 2026, 14:51","30 de mar. de 2026, 16:32","experimentando perfome:(","Seated Leg Curl (Machine)",,"",1,"warmup",84,3,,,
"Quads🐎","30 de mar. de 2026, 14:51","30 de mar. de 2026, 16:32","experimentando perfome:(","Seated Leg Curl (Machine)",,"",2,"normal",97,6,,,10
"Quads🐎","30 de mar. de 2026, 14:51","30 de mar. de 2026, 16:32","experimentando perfome:(","Hip Adduction (Machine)",,"",0,"warmup",50,10,,,
"Quads🐎","30 de mar. de 2026, 14:51","30 de mar. de 2026, 16:32","experimentando perfome:(","Hip Adduction (Machine)",,"",1,"warmup",57,3,,,
"Quads🐎","30 de mar. de 2026, 14:51","30 de mar. de 2026, 16:32","experimentando perfome:(","Hip Adduction (Machine)",,"",2,"normal",63,7,,,10
"upper🐸🌱","28 de mar. de 2026, 11:12","28 de mar. de 2026, 12:53","Ganley👶🏻 Saizen🤬 e Pantera🐈‍⬛","Crunch (Machine)",,"",0,"warmup",50,12,,,
"upper🐸🌱","28 de mar. de 2026, 11:12","28 de mar. de 2026, 12:53","Ganley👶🏻 Saizen🤬 e Pantera🐈‍⬛","Crunch (Machine)",,"",1,"warmup",97,5,,,
"upper🐸🌱","28 de mar. de 2026, 11:12","28 de mar. de 2026, 12:53","Ganley👶🏻 Saizen🤬 e Pantera🐈‍⬛","Crunch (Machine)",,"",2,"failure",104,7,,,
"upper🐸🌱","28 de mar. de 2026, 11:12","28 de mar. de 2026, 12:53","Ganley👶🏻 Saizen🤬 e Pantera🐈‍⬛","Bench Press (Barbell)",,"",0,"warmup",40,12,,,
"upper🐸🌱","28 de mar. de 2026, 11:12","28 de mar. de 2026, 12:53","Ganley👶🏻 Saizen🤬 e Pantera🐈‍⬛","Bench Press (Barbell)",,"",1,"warmup",60,5,,,
"upper🐸🌱","28 de mar. de 2026, 11:12","28 de mar. de 2026, 12:53","Ganley👶🏻 Saizen🤬 e Pantera🐈‍⬛","Bench Press (Barbell)",,"",2,"warmup",80,5,,,
"upper🐸🌱","28 de mar. de 2026, 11:12","28 de mar. de 2026, 12:53","Ganley👶🏻 Saizen🤬 e Pantera🐈‍⬛","Bench Press (Barbell)",,"",3,"failure",85,7,,,10
"upper🐸🌱","28 de mar. de 2026, 11:12","28 de mar. de 2026, 12:53","Ganley👶🏻 Saizen🤬 e Pantera🐈‍⬛","Seated Cable Row - V Grip (Cable)",,"",0,"warmup",45.5,12,,,
"upper🐸🌱","28 de mar. de 2026, 11:12","28 de mar. de 2026, 12:53","Ganley👶🏻 Saizen🤬 e Pantera🐈‍⬛","Seated Cable Row - V Grip (Cable)",,"",1,"warmup",79.5,4,,,
"upper🐸🌱","28 de mar. de 2026, 11:12","28 de mar. de 2026, 12:53","Ganley👶🏻 Saizen🤬 e Pantera🐈‍⬛","Seated Cable Row - V Grip (Cable)",,"",2,"warmup",86.4,3,,,
"upper🐸🌱","28 de mar. de 2026, 11:12","28 de mar. de 2026, 12:53","Ganley👶🏻 Saizen🤬 e Pantera🐈‍⬛","Seated Cable Row - V Grip (Cable)",,"",3,"failure",93.2,8,,,10
"upper🐸🌱","28 de mar. de 2026, 11:12","28 de mar. de 2026, 12:53","Ganley👶🏻 Saizen🤬 e Pantera🐈‍⬛","Preacher Curl (Machine)",,"",0,"warmup",70,3,,,
"upper🐸🌱","28 de mar. de 2026, 11:12","28 de mar. de 2026, 12:53","Ganley👶🏻 Saizen🤬 e Pantera🐈‍⬛","Preacher Curl (Machine)",,"",1,"failure",77,8,,,
"upper🐸🌱","28 de mar. de 2026, 11:12","28 de mar. de 2026, 12:53","Ganley👶🏻 Saizen🤬 e Pantera🐈‍⬛","Preacher Curl (Machine)",,"",2,"failure",70,5,,,
"upper🐸🌱","28 de mar. de 2026, 11:12","28 de mar. de 2026, 12:53","Ganley👶🏻 Saizen🤬 e Pantera🐈‍⬛","Overhead Triceps Extension (Cable)",,"",0,"warmup",22.7,3,,,
"upper🐸🌱","28 de mar. de 2026, 11:12","28 de mar. de 2026, 12:53","Ganley👶🏻 Saizen🤬 e Pantera🐈‍⬛","Overhead Triceps Extension (Cable)",,"",1,"failure",24.9,12,,,
"upper🐸🌱","28 de mar. de 2026, 11:12","28 de mar. de 2026, 12:53","Ganley👶🏻 Saizen🤬 e Pantera🐈‍⬛","Single Arm Lateral Raise (Cable)",,"",0,"warmup",4.5,5,,,
"upper🐸🌱","28 de mar. de 2026, 11:12","28 de mar. de 2026, 12:53","Ganley👶🏻 Saizen🤬 e Pantera🐈‍⬛","Single Arm Lateral Raise (Cable)",,"",1,"failure",9.1,9,,,
"upper🐸🌱","28 de mar. de 2026, 11:12","28 de mar. de 2026, 12:53","Ganley👶🏻 Saizen🤬 e Pantera🐈‍⬛","Single Arm Lateral Raise (Cable)",,"",2,"failure",6.8,8,,,
"Hamstrings🦘","27 de mar. de 2026, 14:42","27 de mar. de 2026, 16:11","""Se você quer ser grande, levante pesos grandes""","Deadlift (Barbell)",,"",0,"warmup",60,8,,,
"Hamstrings🦘","27 de mar. de 2026, 14:42","27 de mar. de 2026, 16:11","""Se você quer ser grande, levante pesos grandes""","Deadlift (Barbell)",,"",1,"warmup",100,5,,,
"Hamstrings🦘","27 de mar. de 2026, 14:42","27 de mar. de 2026, 16:11","""Se você quer ser grande, levante pesos grandes""","Deadlift (Barbell)",,"",2,"normal",120,3,,,
"Hamstrings🦘","27 de mar. de 2026, 14:42","27 de mar. de 2026, 16:11","""Se você quer ser grande, levante pesos grandes""","Deadlift (Barbell)",,"",3,"normal",140,2,,,
"Hamstrings🦘","27 de mar. de 2026, 14:42","27 de mar. de 2026, 16:11","""Se você quer ser grande, levante pesos grandes""","Deadlift (Barbell)",,"",4,"normal",160,3,,,9.5
"Hamstrings🦘","27 de mar. de 2026, 14:42","27 de mar. de 2026, 16:11","""Se você quer ser grande, levante pesos grandes""","Hip Thrust (Machine)",,"",0,"warmup",50,5,,,
"Hamstrings🦘","27 de mar. de 2026, 14:42","27 de mar. de 2026, 16:11","""Se você quer ser grande, levante pesos grandes""","Hip Thrust (Machine)",,"",1,"warmup",55,3,,,
"Hamstrings🦘","27 de mar. de 2026, 14:42","27 de mar. de 2026, 16:11","""Se você quer ser grande, levante pesos grandes""","Hip Thrust (Machine)",,"",2,"failure",60,12,,,10
"Hamstrings🦘","27 de mar. de 2026, 14:42","27 de mar. de 2026, 16:11","""Se você quer ser grande, levante pesos grandes""","Seated Leg Curl (Machine)",,"",0,"warmup",84,5,,,
"Hamstrings🦘","27 de mar. de 2026, 14:42","27 de mar. de 2026, 16:11","""Se você quer ser grande, levante pesos grandes""","Seated Leg Curl (Machine)",,"",1,"normal",90,12,,,10
"Hamstrings🦘","27 de mar. de 2026, 14:42","27 de mar. de 2026, 16:11","""Se você quer ser grande, levante pesos grandes""","Seated Leg Curl (Machine)",,"",2,"normal",90,8,,,
"Hamstrings🦘","27 de mar. de 2026, 14:42","27 de mar. de 2026, 16:11","""Se você quer ser grande, levante pesos grandes""","Leg Extension (Machine)",,"",0,"warmup",57,12,,,
"Hamstrings🦘","27 de mar. de 2026, 14:42","27 de mar. de 2026, 16:11","""Se você quer ser grande, levante pesos grandes""","Leg Extension (Machine)",,"",1,"warmup",84,5,,,
"Hamstrings🦘","27 de mar. de 2026, 14:42","27 de mar. de 2026, 16:11","""Se você quer ser grande, levante pesos grandes""","Leg Extension (Machine)",,"",2,"failure",90,12,,,
"cardio","26 de mar. de 2026, 17:12","26 de mar. de 2026, 17:47","","Treadmill",,"",0,"normal",,,3.5,2100,
"Chest🐓","26 de mar. de 2026, 14:42","26 de mar. de 2026, 16:08","Em homenagem ao nosso mano.🙏🏻","Chest Fly (Machine)",,"",0,"warmup",50,12,,,
"Chest🐓","26 de mar. de 2026, 14:42","26 de mar. de 2026, 16:08","Em homenagem ao nosso mano.🙏🏻","Chest Fly (Machine)",,"",1,"warmup",77.3,5,,,
"Chest🐓","26 de mar. de 2026, 14:42","26 de mar. de 2026, 16:08","Em homenagem ao nosso mano.🙏🏻","Chest Fly (Machine)",,"",2,"warmup",86.4,3,,,
"Chest🐓","26 de mar. de 2026, 14:42","26 de mar. de 2026, 16:08","Em homenagem ao nosso mano.🙏🏻","Chest Fly (Machine)",,"",3,"normal",95.5,8,,,10
"Chest🐓","26 de mar. de 2026, 14:42","26 de mar. de 2026, 16:08","Em homenagem ao nosso mano.🙏🏻","Incline Bench Press (Dumbbell)",,"",0,"warmup",60,4,,,
"Chest🐓","26 de mar. de 2026, 14:42","26 de mar. de 2026, 16:08","Em homenagem ao nosso mano.🙏🏻","Incline Bench Press (Dumbbell)",,"",1,"warmup",64,3,,,
"Chest🐓","26 de mar. de 2026, 14:42","26 de mar. de 2026, 16:08","Em homenagem ao nosso mano.🙏🏻","Incline Bench Press (Dumbbell)",,"",2,"normal",68,10,,,10
"Chest🐓","26 de mar. de 2026, 14:42","26 de mar. de 2026, 16:08","Em homenagem ao nosso mano.🙏🏻","Seated Dip Machine",,"",0,"warmup",97,3,,,
"Chest🐓","26 de mar. de 2026, 14:42","26 de mar. de 2026, 16:08","Em homenagem ao nosso mano.🙏🏻","Seated Dip Machine",,"",1,"normal",104,15,,,8
"Chest🐓","26 de mar. de 2026, 14:42","26 de mar. de 2026, 16:08","Em homenagem ao nosso mano.🙏🏻","Seated Dip Machine",,"",2,"normal",104,12,,,10
"Chest🐓","26 de mar. de 2026, 14:42","26 de mar. de 2026, 16:08","Em homenagem ao nosso mano.🙏🏻","Single Arm Lateral Raise (Cable)",,"",0,"warmup",4.5,5,,,
"Chest🐓","26 de mar. de 2026, 14:42","26 de mar. de 2026, 16:08","Em homenagem ao nosso mano.🙏🏻","Single Arm Lateral Raise (Cable)",,"",1,"warmup",6.8,3,,,
"Chest🐓","26 de mar. de 2026, 14:42","26 de mar. de 2026, 16:08","Em homenagem ao nosso mano.🙏🏻","Single Arm Lateral Raise (Cable)",,"",2,"failure",9.1,6,,,10
"Chest🐓","26 de mar. de 2026, 14:42","26 de mar. de 2026, 16:08","Em homenagem ao nosso mano.🙏🏻","Single Arm Lateral Raise (Cable)",,"",3,"failure",6.8,8,,,10
"Chest🐓","26 de mar. de 2026, 14:42","26 de mar. de 2026, 16:08","Em homenagem ao nosso mano.🙏🏻","Triceps Pushdown",,"",0,"warmup",31.8,3,,,
"Chest🐓","26 de mar. de 2026, 14:42","26 de mar. de 2026, 16:08","Em homenagem ao nosso mano.🙏🏻","Triceps Pushdown",,"",1,"failure",34,8,,,10
"Chest🐓","26 de mar. de 2026, 14:42","26 de mar. de 2026, 16:08","Em homenagem ao nosso mano.🙏🏻","Triceps Pushdown",,"",2,"failure",31.8,8,,,10
"abs + cardio regenerativo🐸👃","25 de mar. de 2026, 14:44","25 de mar. de 2026, 15:26","","Crunch (Machine)",,"",0,"warmup",50,12,,,
"abs + cardio regenerativo🐸👃","25 de mar. de 2026, 14:44","25 de mar. de 2026, 15:26","","Crunch (Machine)",,"",1,"warmup",97,5,,,
"abs + cardio regenerativo🐸👃","25 de mar. de 2026, 14:44","25 de mar. de 2026, 15:26","","Crunch (Machine)",,"",2,"failure",104,7,,,10
"abs + cardio regenerativo🐸👃","25 de mar. de 2026, 14:44","25 de mar. de 2026, 15:26","","Crunch (Machine)",,"",3,"normal",97,6,,,10
"abs + cardio regenerativo🐸👃","25 de mar. de 2026, 14:44","25 de mar. de 2026, 15:26","","Treadmill",,"",0,"normal",,,3.5,2100,
"cardiow","24 de mar. de 2026, 21:36","24 de mar. de 2026, 22:11","","Treadmill",,"",0,"normal",,,3.5,2100,
"science based🐸","24 de mar. de 2026, 19:58","24 de mar. de 2026, 21:17","","Bent Over Row (Barbell)",,"",0,"warmup",40,12,,,
"science based🐸","24 de mar. de 2026, 19:58","24 de mar. de 2026, 21:17","","Bent Over Row (Barbell)",,"",1,"warmup",60,5,,,
"science based🐸","24 de mar. de 2026, 19:58","24 de mar. de 2026, 21:17","","Bent Over Row (Barbell)",,"",2,"warmup",80,3,,,
"science based🐸","24 de mar. de 2026, 19:58","24 de mar. de 2026, 21:17","","Bent Over Row (Barbell)",,"",3,"failure",85,9,,,
"science based🐸","24 de mar. de 2026, 19:58","24 de mar. de 2026, 21:17","","Lat Pulldown (Cable)",,"",0,"warmup",45,12,,,
"science based🐸","24 de mar. de 2026, 19:58","24 de mar. de 2026, 21:17","","Lat Pulldown (Cable)",,"",1,"warmup",72.7,3,,,
"science based🐸","24 de mar. de 2026, 19:58","24 de mar. de 2026, 21:17","","Lat Pulldown (Cable)",,"",2,"failure",79.5,10,,,10
"science based🐸","24 de mar. de 2026, 19:58","24 de mar. de 2026, 21:17","","Lat Pulldown (Cable)",,"",3,"normal",80,8,,,10
"science based🐸","24 de mar. de 2026, 19:58","24 de mar. de 2026, 21:17","","Reverse Fly Single Arm (Cable)",,"",0,"warmup",5,10,,,
"science based🐸","24 de mar. de 2026, 19:58","24 de mar. de 2026, 21:17","","Reverse Fly Single Arm (Cable)",,"",1,"normal",5,20,,,10
"science based🐸","24 de mar. de 2026, 19:58","24 de mar. de 2026, 21:17","","Preacher Curl (Machine)",,"",0,"warmup",70,3,,,
"science based🐸","24 de mar. de 2026, 19:58","24 de mar. de 2026, 21:17","","Preacher Curl (Machine)",,"",1,"failure",77,7,,,10
"science based🐸","24 de mar. de 2026, 19:58","24 de mar. de 2026, 21:17","","Preacher Curl (Machine)",,"",2,"failure",70,7,,,10
"cardio de vovó","23 de mar. de 2026, 17:27","23 de mar. de 2026, 18:02","","Treadmill",,"",0,"normal",,,3.5,2100,
"""One more!""","23 de mar. de 2026, 15:28","23 de mar. de 2026, 16:54","","Crunch (Machine)",,"",0,"warmup",57,12,,,
"""One more!""","23 de mar. de 2026, 15:28","23 de mar. de 2026, 16:54","","Crunch (Machine)",,"",1,"warmup",97,5,,,
"""One more!""","23 de mar. de 2026, 15:28","23 de mar. de 2026, 16:54","","Crunch (Machine)",,"",2,"failure",104,8,,,
"""One more!""","23 de mar. de 2026, 15:28","23 de mar. de 2026, 16:54","","Calf Extension (Machine)",,"",0,"warmup",86.4,12,,,
"""One more!""","23 de mar. de 2026, 15:28","23 de mar. de 2026, 16:54","","Calf Extension (Machine)",,"",1,"warmup",131.8,6,,,
"""One more!""","23 de mar. de 2026, 15:28","23 de mar. de 2026, 16:54","","Calf Extension (Machine)",,"",2,"normal",140.9,12,,,
"""One more!""","23 de mar. de 2026, 15:28","23 de mar. de 2026, 16:54","","Squat (Barbell)",,"",0,"warmup",40,12,,,
"""One more!""","23 de mar. de 2026, 15:28","23 de mar. de 2026, 16:54","","Squat (Barbell)",,"",1,"warmup",60,5,,,
"""One more!""","23 de mar. de 2026, 15:28","23 de mar. de 2026, 16:54","","Squat (Barbell)",,"",2,"warmup",100,3,,,
"""One more!""","23 de mar. de 2026, 15:28","23 de mar. de 2026, 16:54","","Squat (Barbell)",,"",3,"failure",110,7,,,10
"""One more!""","23 de mar. de 2026, 15:28","23 de mar. de 2026, 16:54","","Leg Extension (Machine)",,"",0,"warmup",97,5,,,
"""One more!""","23 de mar. de 2026, 15:28","23 de mar. de 2026, 16:54","","Leg Extension (Machine)",,"",1,"failure",104,12,,,
"""One more!""","23 de mar. de 2026, 15:28","23 de mar. de 2026, 16:54","","Leg Extension (Machine)",,"",2,"normal",97,10,,,
"""One more!""","23 de mar. de 2026, 15:28","23 de mar. de 2026, 16:54","","Seated Leg Curl (Machine)",,"",0,"warmup",57,12,,,
"""One more!""","23 de mar. de 2026, 15:28","23 de mar. de 2026, 16:54","","Seated Leg Curl (Machine)",,"",1,"warmup",77,3,,,
"""One more!""","23 de mar. de 2026, 15:28","23 de mar. de 2026, 16:54","","Seated Leg Curl (Machine)",,"",2,"failure",84,12,,,
"""One more!""","23 de mar. de 2026, 15:28","23 de mar. de 2026, 16:54","","Hip Adduction (Machine)",,"",0,"warmup",43,10,,,
"""One more!""","23 de mar. de 2026, 15:28","23 de mar. de 2026, 16:54","","Hip Adduction (Machine)",,"",1,"warmup",57,3,,,
"""One more!""","23 de mar. de 2026, 15:28","23 de mar. de 2026, 16:54","","Hip Adduction (Machine)",,"",2,"failure",63,6,,,
"""Tem carburador ou não tem carburador?""","21 de mar. de 2026, 15:07","21 de mar. de 2026, 16:27","","Bench Press (Barbell)",,"",0,"warmup",40,12,,,
"""Tem carburador ou não tem carburador?""","21 de mar. de 2026, 15:07","21 de mar. de 2026, 16:27","","Bench Press (Barbell)",,"",1,"warmup",60,5,,,
"""Tem carburador ou não tem carburador?""","21 de mar. de 2026, 15:07","21 de mar. de 2026, 16:27","","Bench Press (Barbell)",,"",2,"warmup",80,5,,,
"""Tem carburador ou não tem carburador?""","21 de mar. de 2026, 15:07","21 de mar. de 2026, 16:27","","Bench Press (Barbell)",,"",3,"failure",85,6,,,10
"""Tem carburador ou não tem carburador?""","21 de mar. de 2026, 15:07","21 de mar. de 2026, 16:27","","Seated Cable Row - V Grip (Cable)",,"",0,"warmup",45.5,12,,,
"""Tem carburador ou não tem carburador?""","21 de mar. de 2026, 15:07","21 de mar. de 2026, 16:27","","Seated Cable Row - V Grip (Cable)",,"",1,"warmup",72.7,5,,,
"""Tem carburador ou não tem carburador?""","21 de mar. de 2026, 15:07","21 de mar. de 2026, 16:27","","Seated Cable Row - V Grip (Cable)",,"",2,"warmup",79.5,3,,,
"""Tem carburador ou não tem carburador?""","21 de mar. de 2026, 15:07","21 de mar. de 2026, 16:27","","Seated Cable Row - V Grip (Cable)",,"",3,"failure",86.4,10,,,10
"""Tem carburador ou não tem carburador?""","21 de mar. de 2026, 15:07","21 de mar. de 2026, 16:27","","Seated Shoulder Press (Machine)",,"",0,"warmup",57,12,,,
"""Tem carburador ou não tem carburador?""","21 de mar. de 2026, 15:07","21 de mar. de 2026, 16:27","","Seated Shoulder Press (Machine)",,"",1,"warmup",70,3,,,
"""Tem carburador ou não tem carburador?""","21 de mar. de 2026, 15:07","21 de mar. de 2026, 16:27","","Seated Shoulder Press (Machine)",,"",2,"failure",77,11,,,9.5
"""Tem carburador ou não tem carburador?""","21 de mar. de 2026, 15:07","21 de mar. de 2026, 16:27","","Lateral Raise (Dumbbell)",,"",0,"normal",24,8,,,
"""Tem carburador ou não tem carburador?""","21 de mar. de 2026, 15:07","21 de mar. de 2026, 16:27","","Lateral Raise (Dumbbell)",,"",1,"normal",24,8,,,
"""Tem carburador ou não tem carburador?""","21 de mar. de 2026, 15:07","21 de mar. de 2026, 16:27","","Preacher Curl (Machine)",,"",0,"warmup",63,3,,,
"""Tem carburador ou não tem carburador?""","21 de mar. de 2026, 15:07","21 de mar. de 2026, 16:27","","Preacher Curl (Machine)",,"",1,"failure",70,11,,,10
"""Tem carburador ou não tem carburador?""","21 de mar. de 2026, 15:07","21 de mar. de 2026, 16:27","","Overhead Triceps Extension (Cable)",,"",0,"warmup",17,3,,,
"""Tem carburador ou não tem carburador?""","21 de mar. de 2026, 15:07","21 de mar. de 2026, 16:27","","Overhead Triceps Extension (Cable)",,"",1,"failure",22,11,,,10
"""aveia, eu num quero aveia, eu quero é nescau ball 🐸""","19 de mar. de 2026, 15:11","19 de mar. de 2026, 16:04","","Chest Fly (Machine)",,"",0,"warmup",38.6,12,,,
"""aveia, eu num quero aveia, eu quero é nescau ball 🐸""","19 de mar. de 2026, 15:11","19 de mar. de 2026, 16:04","","Chest Fly (Machine)",,"",1,"warmup",86.4,3,,,
"""aveia, eu num quero aveia, eu quero é nescau ball 🐸""","19 de mar. de 2026, 15:11","19 de mar. de 2026, 16:04","","Chest Fly (Machine)",,"",2,"failure",95.5,6,,,9.5
"""aveia, eu num quero aveia, eu quero é nescau ball 🐸""","19 de mar. de 2026, 15:11","19 de mar. de 2026, 16:04","","Incline Bench Press (Dumbbell)",,"",0,"warmup",60,4,,,
"""aveia, eu num quero aveia, eu quero é nescau ball 🐸""","19 de mar. de 2026, 15:11","19 de mar. de 2026, 16:04","","Incline Bench Press (Dumbbell)",,"",1,"failure",68,8,,,10
"""aveia, eu num quero aveia, eu quero é nescau ball 🐸""","19 de mar. de 2026, 15:11","19 de mar. de 2026, 16:04","","Chest Dip (Weighted)",,"",0,"warmup",97,3,,,
"""aveia, eu num quero aveia, eu quero é nescau ball 🐸""","19 de mar. de 2026, 15:11","19 de mar. de 2026, 16:04","","Chest Dip (Weighted)",,"",1,"failure",104,15,,,9.5
"""aveia, eu num quero aveia, eu quero é nescau ball 🐸""","19 de mar. de 2026, 15:11","19 de mar. de 2026, 16:04","","Lateral Raise (Cable)",,"",0,"warmup",6.8,6,,,
"""aveia, eu num quero aveia, eu quero é nescau ball 🐸""","19 de mar. de 2026, 15:11","19 de mar. de 2026, 16:04","","Lateral Raise (Cable)",,"",1,"normal",9.1,10,,,10
"""aveia, eu num quero aveia, eu quero é nescau ball 🐸""","19 de mar. de 2026, 15:11","19 de mar. de 2026, 16:04","","Triceps Pushdown",,"",0,"warmup",29.5,3,,,
"""aveia, eu num quero aveia, eu quero é nescau ball 🐸""","19 de mar. de 2026, 15:11","19 de mar. de 2026, 16:04","","Triceps Pushdown",,"",1,"failure",31.8,8,,,
"Afternoon workout 💪","17 de mar. de 2026, 15:06","17 de mar. de 2026, 16:44","","Bent Over Row (Barbell)",,"",0,"warmup",40,12,,,
"Afternoon workout 💪","17 de mar. de 2026, 15:06","17 de mar. de 2026, 16:44","","Bent Over Row (Barbell)",,"",1,"warmup",60,5,,,
"Afternoon workout 💪","17 de mar. de 2026, 15:06","17 de mar. de 2026, 16:44","","Bent Over Row (Barbell)",,"",2,"warmup",70,3,,,
"Afternoon workout 💪","17 de mar. de 2026, 15:06","17 de mar. de 2026, 16:44","","Bent Over Row (Barbell)",,"",3,"failure",85,9,,,8.5
"Afternoon workout 💪","17 de mar. de 2026, 15:06","17 de mar. de 2026, 16:44","","Single Arm Lat Pulldown",,"",0,"warmup",18.1,12,,,
"Afternoon workout 💪","17 de mar. de 2026, 15:06","17 de mar. de 2026, 16:44","","Single Arm Lat Pulldown",,"",1,"warmup",31.8,3,,,
"Afternoon workout 💪","17 de mar. de 2026, 15:06","17 de mar. de 2026, 16:44","","Single Arm Lat Pulldown",,"",2,"failure",34,8,,,9.5
"Afternoon workout 💪","17 de mar. de 2026, 15:06","17 de mar. de 2026, 16:44","","Rear Delt Reverse Fly (Machine)",,"",0,"warmup",52,5,,,
"Afternoon workout 💪","17 de mar. de 2026, 15:06","17 de mar. de 2026, 16:44","","Rear Delt Reverse Fly (Machine)",,"",1,"warmup",59,3,,,
"Afternoon workout 💪","17 de mar. de 2026, 15:06","17 de mar. de 2026, 16:44","","Rear Delt Reverse Fly (Machine)",,"",2,"failure",68.2,7,,,
"Afternoon workout 💪","17 de mar. de 2026, 15:06","17 de mar. de 2026, 16:44","","Hammer Curl (Dumbbell)",,"",0,"warmup",18,5,,,
"Afternoon workout 💪","17 de mar. de 2026, 15:06","17 de mar. de 2026, 16:44","","Hammer Curl (Dumbbell)",,"",1,"failure",20,9,,,
"Afternoon workout 💪","17 de mar. de 2026, 15:06","17 de mar. de 2026, 16:44","","Preacher Curl (Barbell)",,"",0,"warmup",25,5,,,
"Afternoon workout 💪","17 de mar. de 2026, 15:06","17 de mar. de 2026, 16:44","","Preacher Curl (Barbell)",,"",1,"failure",30,9,,,10
"Afternoon workout 💪","17 de mar. de 2026, 15:06","17 de mar. de 2026, 16:44","","Crunch (Machine)",,"",0,"warmup",57,12,,,
"Afternoon workout 💪","17 de mar. de 2026, 15:06","17 de mar. de 2026, 16:44","","Crunch (Machine)",,"",1,"normal",97,5,,,
"Afternoon workout 💪","17 de mar. de 2026, 15:06","17 de mar. de 2026, 16:44","","Crunch (Machine)",,"",2,"failure",104,8,,,
"Afternoon workout 💪","16 de mar. de 2026, 16:03","16 de mar. de 2026, 17:30","","Calf Extension (Machine)",,"",0,"warmup",86.4,12,,,
"Afternoon workout 💪","16 de mar. de 2026, 16:03","16 de mar. de 2026, 17:30","","Calf Extension (Machine)",,"",1,"warmup",113.6,12,,,
"Afternoon workout 💪","16 de mar. de 2026, 16:03","16 de mar. de 2026, 17:30","","Calf Extension (Machine)",,"",2,"normal",131.8,12,,,7.5
"Afternoon workout 💪","16 de mar. de 2026, 16:03","16 de mar. de 2026, 17:30","","Leg Extension (Machine)",,"",0,"warmup",50,12,,,
"Afternoon workout 💪","16 de mar. de 2026, 16:03","16 de mar. de 2026, 17:30","","Leg Extension (Machine)",,"",1,"warmup",70,8,,,
"Afternoon workout 💪","16 de mar. de 2026, 16:03","16 de mar. de 2026, 17:30","","Leg Extension (Machine)",,"",2,"warmup",97,3,,,
"Afternoon workout 💪","16 de mar. de 2026, 16:03","16 de mar. de 2026, 17:30","","Leg Extension (Machine)",,"",3,"normal",104,12,,,9.5
"Afternoon workout 💪","16 de mar. de 2026, 16:03","16 de mar. de 2026, 17:30","","Seated Leg Curl (Machine)",,"",0,"warmup",57,12,,,
"Afternoon workout 💪","16 de mar. de 2026, 16:03","16 de mar. de 2026, 17:30","","Seated Leg Curl (Machine)",,"",1,"warmup",84,3,,,
"Afternoon workout 💪","16 de mar. de 2026, 16:03","16 de mar. de 2026, 17:30","","Seated Leg Curl (Machine)",,"",2,"failure",84,10,,,10
"Afternoon workout 💪","16 de mar. de 2026, 16:03","16 de mar. de 2026, 17:30","","Squat (Barbell)",,"",0,"warmup",60,5,,,
"Afternoon workout 💪","16 de mar. de 2026, 16:03","16 de mar. de 2026, 17:30","","Squat (Barbell)",,"",1,"warmup",80,5,,,
"Afternoon workout 💪","16 de mar. de 2026, 16:03","16 de mar. de 2026, 17:30","","Squat (Barbell)",,"",2,"normal",100,8,,,7
"Afternoon workout 💪","16 de mar. de 2026, 16:03","16 de mar. de 2026, 17:30","","Hip Adduction (Machine)",,"",0,"warmup",43,10,,,
"Afternoon workout 💪","16 de mar. de 2026, 16:03","16 de mar. de 2026, 17:30","","Hip Adduction (Machine)",,"",1,"warmup",57,3,,,
"Afternoon workout 💪","16 de mar. de 2026, 16:03","16 de mar. de 2026, 17:30","","Hip Adduction (Machine)",,"",2,"failure",63,6,,,10
"""PR é Pomba Rola!""🐸🤬","12 de mar. de 2026, 14:46","12 de mar. de 2026, 16:07","","Chest Fly (Machine)",,"",0,"warmup",38.6,12,,,
"""PR é Pomba Rola!""🐸🤬","12 de mar. de 2026, 14:46","12 de mar. de 2026, 16:07","","Chest Fly (Machine)",,"",1,"warmup",79.5,5,,,
"""PR é Pomba Rola!""🐸🤬","12 de mar. de 2026, 14:46","12 de mar. de 2026, 16:07","","Chest Fly (Machine)",,"",2,"warmup",86.4,3,,,
"""PR é Pomba Rola!""🐸🤬","12 de mar. de 2026, 14:46","12 de mar. de 2026, 16:07","","Chest Fly (Machine)",,"",3,"failure",93.2,7,,,10
"""PR é Pomba Rola!""🐸🤬","12 de mar. de 2026, 14:46","12 de mar. de 2026, 16:07","","Incline Bench Press (Dumbbell)",,"",0,"warmup",60,4,,,
"""PR é Pomba Rola!""🐸🤬","12 de mar. de 2026, 14:46","12 de mar. de 2026, 16:07","","Incline Bench Press (Dumbbell)",,"",1,"warmup",64,3,,,
"""PR é Pomba Rola!""🐸🤬","12 de mar. de 2026, 14:46","12 de mar. de 2026, 16:07","","Incline Bench Press (Dumbbell)",,"",2,"failure",68,8,,,9.5
"""PR é Pomba Rola!""🐸🤬","12 de mar. de 2026, 14:46","12 de mar. de 2026, 16:07","","Chest Dip (Weighted)",,"",0,"warmup",97,3,,,
"""PR é Pomba Rola!""🐸🤬","12 de mar. de 2026, 14:46","12 de mar. de 2026, 16:07","","Chest Dip (Weighted)",,"",1,"failure",104,25,,,9.5
"""PR é Pomba Rola!""🐸🤬","12 de mar. de 2026, 14:46","12 de mar. de 2026, 16:07","","Lateral Raise (Cable)",,"",0,"warmup",4.5,24,,,
"""PR é Pomba Rola!""🐸🤬","12 de mar. de 2026, 14:46","12 de mar. de 2026, 16:07","","Lateral Raise (Cable)",,"",1,"warmup",6.8,6,,,
"""PR é Pomba Rola!""🐸🤬","12 de mar. de 2026, 14:46","12 de mar. de 2026, 16:07","","Lateral Raise (Cable)",,"",2,"normal",9.1,16,,,10
"""PR é Pomba Rola!""🐸🤬","12 de mar. de 2026, 14:46","12 de mar. de 2026, 16:07","","Triceps Pushdown",,"",0,"warmup",24.6,12,,,
"""PR é Pomba Rola!""🐸🤬","12 de mar. de 2026, 14:46","12 de mar. de 2026, 16:07","","Triceps Pushdown",,"",1,"warmup",29.5,3,,,
"""PR é Pomba Rola!""🐸🤬","12 de mar. de 2026, 14:46","12 de mar. de 2026, 16:07","","Triceps Pushdown",,"",2,"failure",34,8,,,
"Afternoon workout 💪","10 de mar. de 2026, 15:25","10 de mar. de 2026, 16:32","","Bent Over Row (Barbell)",,"",0,"warmup",40,12,,,
"Afternoon workout 💪","10 de mar. de 2026, 15:25","10 de mar. de 2026, 16:32","","Bent Over Row (Barbell)",,"",1,"warmup",60,5,,,
"Afternoon workout 💪","10 de mar. de 2026, 15:25","10 de mar. de 2026, 16:32","","Bent Over Row (Barbell)",,"",2,"warmup",70,3,,,
"Afternoon workout 💪","10 de mar. de 2026, 15:25","10 de mar. de 2026, 16:32","","Bent Over Row (Barbell)",,"",3,"failure",80,11,,,9
"Afternoon workout 💪","10 de mar. de 2026, 15:25","10 de mar. de 2026, 16:32","","Single Arm Lat Pulldown",,"",0,"warmup",27.2,5,,,
"Afternoon workout 💪","10 de mar. de 2026, 15:25","10 de mar. de 2026, 16:32","","Single Arm Lat Pulldown",,"",1,"warmup",29.2,3,,,
"Afternoon workout 💪","10 de mar. de 2026, 15:25","10 de mar. de 2026, 16:32","","Single Arm Lat Pulldown",,"",2,"failure",31.8,10,,,8.5
"Afternoon workout 💪","10 de mar. de 2026, 15:25","10 de mar. de 2026, 16:32","","Rear Delt Reverse Fly (Machine)",,"",0,"warmup",52,5,,,
"Afternoon workout 💪","10 de mar. de 2026, 15:25","10 de mar. de 2026, 16:32","","Rear Delt Reverse Fly (Machine)",,"",1,"warmup",59,3,,,
"Afternoon workout 💪","10 de mar. de 2026, 15:25","10 de mar. de 2026, 16:32","","Rear Delt Reverse Fly (Machine)",,"",2,"failure",65,9,,,10
"Afternoon workout 💪","10 de mar. de 2026, 15:25","10 de mar. de 2026, 16:32","","Preacher Curl (Machine)",,"",0,"warmup",36,12,,,
"Afternoon workout 💪","10 de mar. de 2026, 15:25","10 de mar. de 2026, 16:32","","Preacher Curl (Machine)",,"",1,"warmup",63,3,,,
"Afternoon workout 💪","10 de mar. de 2026, 15:25","10 de mar. de 2026, 16:32","","Preacher Curl (Machine)",,"",2,"failure",70,8,,,
"Afternoon workout 💪","7 de mar. de 2026, 15:40","7 de mar. de 2026, 17:14","","Chest Fly (Machine)",,"",0,"warmup",38.6,12,,,
"Afternoon workout 💪","7 de mar. de 2026, 15:40","7 de mar. de 2026, 17:14","","Chest Fly (Machine)",,"",1,"warmup",79.5,3,,,
"Afternoon workout 💪","7 de mar. de 2026, 15:40","7 de mar. de 2026, 17:14","","Chest Fly (Machine)",,"",2,"failure",86.4,8,,,
"Afternoon workout 💪","7 de mar. de 2026, 15:40","7 de mar. de 2026, 17:14","","Seated Cable Row - V Grip (Cable)",,"",0,"warmup",45.5,12,,,
"Afternoon workout 💪","7 de mar. de 2026, 15:40","7 de mar. de 2026, 17:14","","Seated Cable Row - V Grip (Cable)",,"",1,"warmup",65,5,,,
"Afternoon workout 💪","7 de mar. de 2026, 15:40","7 de mar. de 2026, 17:14","","Seated Cable Row - V Grip (Cable)",,"",2,"warmup",72.7,3,,,
"Afternoon workout 💪","7 de mar. de 2026, 15:40","7 de mar. de 2026, 17:14","","Seated Cable Row - V Grip (Cable)",,"",3,"failure",79.5,9,,,9.5
"Afternoon workout 💪","7 de mar. de 2026, 15:40","7 de mar. de 2026, 17:14","","Shoulder Press (Machine Plates)",,"",0,"warmup",36,12,,,
"Afternoon workout 💪","7 de mar. de 2026, 15:40","7 de mar. de 2026, 17:14","","Shoulder Press (Machine Plates)",,"",1,"warmup",57,3,,,
"Afternoon workout 💪","7 de mar. de 2026, 15:40","7 de mar. de 2026, 17:14","","Shoulder Press (Machine Plates)",,"",2,"failure",70,8,,,10
"Afternoon workout 💪","7 de mar. de 2026, 15:40","7 de mar. de 2026, 17:14","","Preacher Curl (Machine)",,"",0,"warmup",36,12,,,
"Afternoon workout 💪","7 de mar. de 2026, 15:40","7 de mar. de 2026, 17:14","","Preacher Curl (Machine)",,"",1,"warmup",63,3,,,
"Afternoon workout 💪","7 de mar. de 2026, 15:40","7 de mar. de 2026, 17:14","","Preacher Curl (Machine)",,"",2,"failure",70,8,,,10
"Afternoon workout 💪","7 de mar. de 2026, 15:40","7 de mar. de 2026, 17:14","","Overhead Triceps Extension (Cable)",,"",0,"warmup",13.6,12,,,
"Afternoon workout 💪","7 de mar. de 2026, 15:40","7 de mar. de 2026, 17:14","","Overhead Triceps Extension (Cable)",,"",1,"warmup",15.9,5,,,
"Afternoon workout 💪","7 de mar. de 2026, 15:40","7 de mar. de 2026, 17:14","","Overhead Triceps Extension (Cable)",,"",2,"failure",20,11,,,
"Afternoon workout 💪","7 de mar. de 2026, 15:40","7 de mar. de 2026, 17:14","","Behind the Back Wrist Curl (Barbell)",,"",0,"warmup",20.4,20,,,
"Afternoon workout 💪","7 de mar. de 2026, 15:40","7 de mar. de 2026, 17:14","","Behind the Back Wrist Curl (Barbell)",,"",1,"failure",34,15,,,
"Afternoon workout 💪","7 de mar. de 2026, 15:40","7 de mar. de 2026, 17:14","","Crunch (Machine)",,"",0,"warmup",57,12,,,
"Afternoon workout 💪","7 de mar. de 2026, 15:40","7 de mar. de 2026, 17:14","","Crunch (Machine)",,"",1,"normal",84,5,,,
"Afternoon workout 💪","7 de mar. de 2026, 15:40","7 de mar. de 2026, 17:14","","Crunch (Machine)",,"",2,"failure",104,12,,,10
"""Welcome to the pain zone, its where we live.""☠️","6 de mar. de 2026, 14:51","6 de mar. de 2026, 16:36","","Deadlift (Barbell)",,"",0,"warmup",60,8,,,
"""Welcome to the pain zone, its where we live.""☠️","6 de mar. de 2026, 14:51","6 de mar. de 2026, 16:36","","Deadlift (Barbell)",,"",1,"warmup",80,5,,,
"""Welcome to the pain zone, its where we live.""☠️","6 de mar. de 2026, 14:51","6 de mar. de 2026, 16:36","","Deadlift (Barbell)",,"",2,"normal",100,3,,,
"""Welcome to the pain zone, its where we live.""☠️","6 de mar. de 2026, 14:51","6 de mar. de 2026, 16:36","","Deadlift (Barbell)",,"",3,"normal",120,2,,,
"""Welcome to the pain zone, its where we live.""☠️","6 de mar. de 2026, 14:51","6 de mar. de 2026, 16:36","","Deadlift (Barbell)",,"",4,"normal",140,2,,,7.5
"""Welcome to the pain zone, its where we live.""☠️","6 de mar. de 2026, 14:51","6 de mar. de 2026, 16:36","","Deadlift (Barbell)",,"",5,"failure",150,4,,,10
"""Welcome to the pain zone, its where we live.""☠️","6 de mar. de 2026, 14:51","6 de mar. de 2026, 16:36","","Seated Leg Curl (Machine)",,"",0,"warmup",43,12,,,
"""Welcome to the pain zone, its where we live.""☠️","6 de mar. de 2026, 14:51","6 de mar. de 2026, 16:36","","Seated Leg Curl (Machine)",,"",1,"warmup",84,3,,,
"""Welcome to the pain zone, its where we live.""☠️","6 de mar. de 2026, 14:51","6 de mar. de 2026, 16:36","","Seated Leg Curl (Machine)",,"",2,"failure",90,10,,,8.5
"""Welcome to the pain zone, its where we live.""☠️","6 de mar. de 2026, 14:51","6 de mar. de 2026, 16:36","","Seated Leg Curl (Machine)",,"",3,"failure",97,10,,,9.5
"""Welcome to the pain zone, its where we live.""☠️","6 de mar. de 2026, 14:51","6 de mar. de 2026, 16:36","","Leg Extension (Machine)",,"",0,"warmup",50,12,,,
"""Welcome to the pain zone, its where we live.""☠️","6 de mar. de 2026, 14:51","6 de mar. de 2026, 16:36","","Leg Extension (Machine)",,"",1,"warmup",97,3,,,
"""Welcome to the pain zone, its where we live.""☠️","6 de mar. de 2026, 14:51","6 de mar. de 2026, 16:36","","Leg Extension (Machine)",,"",2,"failure",104,20,,,9.5
"""Welcome to the pain zone, its where we live.""☠️","6 de mar. de 2026, 14:51","6 de mar. de 2026, 16:36","","Hip Thrust (Machine)",,"",0,"warmup",20,12,,,
"""Welcome to the pain zone, its where we live.""☠️","6 de mar. de 2026, 14:51","6 de mar. de 2026, 16:36","","Hip Thrust (Machine)",,"",1,"warmup",30,3,,,
"""Welcome to the pain zone, its where we live.""☠️","6 de mar. de 2026, 14:51","6 de mar. de 2026, 16:36","","Hip Thrust (Machine)",,"",2,"normal",45,9,,,9
"SUPER PAP! 🐸","5 de mar. de 2026, 14:56","5 de mar. de 2026, 16:11","","Chest Fly (Machine)",,"",0,"warmup",31,12,,,
"SUPER PAP! 🐸","5 de mar. de 2026, 14:56","5 de mar. de 2026, 16:11","","Chest Fly (Machine)",,"",1,"warmup",59.1,5,,,
"SUPER PAP! 🐸","5 de mar. de 2026, 14:56","5 de mar. de 2026, 16:11","","Chest Fly (Machine)",,"",2,"warmup",72.7,3,,,
"SUPER PAP! 🐸","5 de mar. de 2026, 14:56","5 de mar. de 2026, 16:11","","Chest Fly (Machine)",,"",3,"failure",79.5,10,,,10
"SUPER PAP! 🐸","5 de mar. de 2026, 14:56","5 de mar. de 2026, 16:11","","Incline Bench Press (Dumbbell)",,"",0,"warmup",56,5,,,
"SUPER PAP! 🐸","5 de mar. de 2026, 14:56","5 de mar. de 2026, 16:11","","Incline Bench Press (Dumbbell)",,"",1,"warmup",60,3,,,
"SUPER PAP! 🐸","5 de mar. de 2026, 14:56","5 de mar. de 2026, 16:11","","Incline Bench Press (Dumbbell)",,"",2,"failure",64,8,,,10
"SUPER PAP! 🐸","5 de mar. de 2026, 14:56","5 de mar. de 2026, 16:11","","Chest Dip (Weighted)",,"",0,"warmup",97,5,,,
"SUPER PAP! 🐸","5 de mar. de 2026, 14:56","5 de mar. de 2026, 16:11","","Chest Dip (Weighted)",,"",1,"failure",104,15,,,
"SUPER PAP! 🐸","5 de mar. de 2026, 14:56","5 de mar. de 2026, 16:11","","Lateral Raise (Cable)",,"",0,"warmup",4.5,24,,,
"SUPER PAP! 🐸","5 de mar. de 2026, 14:56","5 de mar. de 2026, 16:11","","Lateral Raise (Cable)",,"",1,"failure",6.8,24,,,8.5
"SUPER PAP! 🐸","5 de mar. de 2026, 14:56","5 de mar. de 2026, 16:11","","Triceps Pushdown",,"",0,"warmup",20.4,12,,,
"SUPER PAP! 🐸","5 de mar. de 2026, 14:56","5 de mar. de 2026, 16:11","","Triceps Pushdown",,"",1,"warmup",29.5,3,,,
"SUPER PAP! 🐸","5 de mar. de 2026, 14:56","5 de mar. de 2026, 16:11","","Triceps Pushdown",,"",2,"failure",34,6,,,10
"Afternoon workout 💪","4 de mar. de 2026, 14:57","4 de mar. de 2026, 16:25","","Single Arm Lat Pulldown",,"",0,"warmup",18,12,,,
"Afternoon workout 💪","4 de mar. de 2026, 14:57","4 de mar. de 2026, 16:25","","Single Arm Lat Pulldown",,"",1,"warmup",20.4,5,,,
"Afternoon workout 💪","4 de mar. de 2026, 14:57","4 de mar. de 2026, 16:25","","Single Arm Lat Pulldown",,"",2,"normal",27.2,8,,,6
"Afternoon workout 💪","4 de mar. de 2026, 14:57","4 de mar. de 2026, 16:25","","Single Arm Lat Pulldown",,"",3,"failure",29.4,13,,,10
"Afternoon workout 💪","4 de mar. de 2026, 14:57","4 de mar. de 2026, 16:25","","Iso-Lateral Row (Machine)",,"",0,"warmup",36,5,,,
"Afternoon workout 💪","4 de mar. de 2026, 14:57","4 de mar. de 2026, 16:25","","Iso-Lateral Row (Machine)",,"",1,"normal",50,8,,,8
"Afternoon workout 💪","4 de mar. de 2026, 14:57","4 de mar. de 2026, 16:25","","Iso-Lateral Row (Machine)",,"",2,"failure",57,10,,,10
"Afternoon workout 💪","4 de mar. de 2026, 14:57","4 de mar. de 2026, 16:25","","Rear Delt Reverse Fly (Machine)",,"",0,"warmup",52,5,,,
"Afternoon workout 💪","4 de mar. de 2026, 14:57","4 de mar. de 2026, 16:25","","Rear Delt Reverse Fly (Machine)",,"",1,"failure",59,8,,,10
"Afternoon workout 💪","4 de mar. de 2026, 14:57","4 de mar. de 2026, 16:25","","Hammer Curl (Dumbbell)",,"",0,"warmup",12,12,,,
"Afternoon workout 💪","4 de mar. de 2026, 14:57","4 de mar. de 2026, 16:25","","Hammer Curl (Dumbbell)",,"",1,"normal",16,8,,,7.5
"Afternoon workout 💪","4 de mar. de 2026, 14:57","4 de mar. de 2026, 16:25","","Hammer Curl (Dumbbell)",,"",2,"failure",18,8,,,10
"Afternoon workout 💪","4 de mar. de 2026, 14:57","4 de mar. de 2026, 16:25","","Preacher Curl (Machine)",,"",0,"warmup",43,5,,,
"Afternoon workout 💪","4 de mar. de 2026, 14:57","4 de mar. de 2026, 16:25","","Preacher Curl (Machine)",,"",1,"warmup",57,5,,,
"Afternoon workout 💪","4 de mar. de 2026, 14:57","4 de mar. de 2026, 16:25","","Preacher Curl (Machine)",,"",2,"failure",63,8,,,10
"Afternoon workout 💪","4 de mar. de 2026, 14:57","4 de mar. de 2026, 16:25","","Crunch (Machine)",,"",0,"warmup",50,12,,,
"Afternoon workout 💪","4 de mar. de 2026, 14:57","4 de mar. de 2026, 16:25","","Crunch (Machine)",,"",1,"normal",77,12,,,
"Afternoon workout 💪","4 de mar. de 2026, 14:57","4 de mar. de 2026, 16:25","","Crunch (Machine)",,"",2,"failure",90,8,,,10
"Evening workout 🏋️","3 de mar. de 2026, 19:38","3 de mar. de 2026, 20:50","","Chest Fly (Machine)",,"",0,"warmup",31,12,,,
"Evening workout 🏋️","3 de mar. de 2026, 19:38","3 de mar. de 2026, 20:50","","Chest Fly (Machine)",,"",1,"warmup",40,5,,,
"Evening workout 🏋️","3 de mar. de 2026, 19:38","3 de mar. de 2026, 20:50","","Chest Fly (Machine)",,"",2,"warmup",68,3,,,
"Evening workout 🏋️","3 de mar. de 2026, 19:38","3 de mar. de 2026, 20:50","","Chest Fly (Machine)",,"",3,"failure",77.3,9,,,10
"Evening workout 🏋️","3 de mar. de 2026, 19:38","3 de mar. de 2026, 20:50","","Incline Bench Press (Dumbbell)",,"",0,"warmup",56,5,,,
"Evening workout 🏋️","3 de mar. de 2026, 19:38","3 de mar. de 2026, 20:50","","Incline Bench Press (Dumbbell)",,"",1,"failure",60,8,,,10
"Evening workout 🏋️","3 de mar. de 2026, 19:38","3 de mar. de 2026, 20:50","","Chest Dip (Weighted)",,"",0,"warmup",90,5,,,
"Evening workout 🏋️","3 de mar. de 2026, 19:38","3 de mar. de 2026, 20:50","","Chest Dip (Weighted)",,"",1,"warmup",97,3,,,
"Evening workout 🏋️","3 de mar. de 2026, 19:38","3 de mar. de 2026, 20:50","","Chest Dip (Weighted)",,"",2,"failure",104,13,,,10
"Evening workout 🏋️","3 de mar. de 2026, 19:38","3 de mar. de 2026, 20:50","","Shoulder Press (Machine Plates)",,"",0,"warmup",43,5,,,
"Evening workout 🏋️","3 de mar. de 2026, 19:38","3 de mar. de 2026, 20:50","","Shoulder Press (Machine Plates)",,"",1,"failure",63,8,,,10
"Evening workout 🏋️","3 de mar. de 2026, 19:38","3 de mar. de 2026, 20:50","","Triceps Pushdown",,"",0,"warmup",20,12,,,
"Evening workout 🏋️","3 de mar. de 2026, 19:38","3 de mar. de 2026, 20:50","","Triceps Pushdown",,"",1,"warmup",25,5,,,
"Evening workout 🏋️","3 de mar. de 2026, 19:38","3 de mar. de 2026, 20:50","","Triceps Pushdown",,"",2,"failure",30,6,,,10
"Evening workout 🏋️","3 de mar. de 2026, 19:38","3 de mar. de 2026, 20:50","","Lateral Raise (Cable)",,"",0,"warmup",5,24,,,
"Evening workout 🏋️","3 de mar. de 2026, 19:38","3 de mar. de 2026, 20:50","","Lateral Raise (Cable)",,"",1,"failure",7,12,,,
"Afternoon workout 💪","25 de fev. de 2026, 14:19","25 de fev. de 2026, 15:27","","Chest Press (Machine)",,"",0,"warmup",43,12,,,
"Afternoon workout 💪","25 de fev. de 2026, 14:19","25 de fev. de 2026, 15:27","","Chest Press (Machine)",,"",1,"warmup",50,5,,,
"Afternoon workout 💪","25 de fev. de 2026, 14:19","25 de fev. de 2026, 15:27","","Chest Press (Machine)",,"",2,"normal",63,8,,,
"Afternoon workout 💪","25 de fev. de 2026, 14:19","25 de fev. de 2026, 15:27","","Chest Press (Machine)",,"",3,"failure",70,6,,,
"Afternoon workout 💪","25 de fev. de 2026, 14:19","25 de fev. de 2026, 15:27","","Seated Cable Row - V Grip (Cable)",,"",0,"warmup",45,12,,,
"Afternoon workout 💪","25 de fev. de 2026, 14:19","25 de fev. de 2026, 15:27","","Seated Cable Row - V Grip (Cable)",,"",1,"warmup",65,5,,,
"Afternoon workout 💪","25 de fev. de 2026, 14:19","25 de fev. de 2026, 15:27","","Seated Cable Row - V Grip (Cable)",,"",2,"normal",72,8,,,
"Afternoon workout 💪","25 de fev. de 2026, 14:19","25 de fev. de 2026, 15:27","","Seated Cable Row - V Grip (Cable)",,"",3,"failure",79,7,,,
"Afternoon workout 💪","25 de fev. de 2026, 14:19","25 de fev. de 2026, 15:27","","Lateral Raise (Cable)",,"",0,"normal",9.1,20,,,
"Afternoon workout 💪","25 de fev. de 2026, 14:19","25 de fev. de 2026, 15:27","","Lateral Raise (Cable)",,"",1,"failure",9.1,16,,,
"Afternoon workout 💪","25 de fev. de 2026, 14:19","25 de fev. de 2026, 15:27","","Triceps Pushdown",,"",0,"warmup",15,12,,,
"Afternoon workout 💪","25 de fev. de 2026, 14:19","25 de fev. de 2026, 15:27","","Triceps Pushdown",,"",1,"warmup",20.4,5,,,
"Afternoon workout 💪","25 de fev. de 2026, 14:19","25 de fev. de 2026, 15:27","","Triceps Pushdown",,"",2,"normal",22.7,8,,,
"Afternoon workout 💪","25 de fev. de 2026, 14:19","25 de fev. de 2026, 15:27","","Triceps Pushdown",,"",3,"failure",24.9,6,,,
"Afternoon workout 💪","25 de fev. de 2026, 14:19","25 de fev. de 2026, 15:27","","Behind the Back Curl (Cable)",,"",0,"warmup",6.8,24,,,
"Afternoon workout 💪","25 de fev. de 2026, 14:19","25 de fev. de 2026, 15:27","","Behind the Back Curl (Cable)",,"",1,"failure",11.3,20,,,
"Afternoon workout 💪","25 de fev. de 2026, 14:19","25 de fev. de 2026, 15:27","","Behind the Back Curl (Cable)",,"",2,"normal",9.1,22,,,
"Afternoon workout 💪","25 de fev. de 2026, 14:19","25 de fev. de 2026, 15:27","","Behind the Back Wrist Curl (Barbell)",,"",0,"normal",70,15,,,
"Afternoon workout 💪","25 de fev. de 2026, 14:19","25 de fev. de 2026, 15:27","","Behind the Back Wrist Curl (Barbell)",,"",1,"normal",75,12,,,
"Evening workout 🏋️","20 de fev. de 2026, 19:50","20 de fev. de 2026, 21:28","","Seated Cable Row - V Grip (Cable)",,"",0,"warmup",45,12,,,
"Evening workout 🏋️","20 de fev. de 2026, 19:50","20 de fev. de 2026, 21:28","","Seated Cable Row - V Grip (Cable)",,"",1,"warmup",65,5,,,
"Evening workout 🏋️","20 de fev. de 2026, 19:50","20 de fev. de 2026, 21:28","","Seated Cable Row - V Grip (Cable)",,"",2,"normal",72,8,,,
"Evening workout 🏋️","20 de fev. de 2026, 19:50","20 de fev. de 2026, 21:28","","Seated Cable Row - V Grip (Cable)",,"",3,"failure",79,6,,,
"Evening workout 🏋️","20 de fev. de 2026, 19:50","20 de fev. de 2026, 21:28","","Single Arm Lat Pulldown",,"",0,"warmup",25,12,,,
"Evening workout 🏋️","20 de fev. de 2026, 19:50","20 de fev. de 2026, 21:28","","Single Arm Lat Pulldown",,"",1,"normal",31,8,,,
"Evening workout 🏋️","20 de fev. de 2026, 19:50","20 de fev. de 2026, 21:28","","Single Arm Lat Pulldown",,"",2,"failure",38,8,,,
"Evening workout 🏋️","20 de fev. de 2026, 19:50","20 de fev. de 2026, 21:28","","Rear Delt Reverse Fly (Machine)",,"",0,"warmup",45,5,,,
"Evening workout 🏋️","20 de fev. de 2026, 19:50","20 de fev. de 2026, 21:28","","Rear Delt Reverse Fly (Machine)",,"",1,"failure",59,8,,,
"Evening workout 🏋️","20 de fev. de 2026, 19:50","20 de fev. de 2026, 21:28","","Rear Delt Reverse Fly (Machine)",,"",2,"failure",59,10,,,
"Evening workout 🏋️","20 de fev. de 2026, 19:50","20 de fev. de 2026, 21:28","","Overhead Triceps Extension (Cable)",,"",0,"warmup",10,10,,,
"Evening workout 🏋️","20 de fev. de 2026, 19:50","20 de fev. de 2026, 21:28","","Overhead Triceps Extension (Cable)",,"",1,"normal",20,8,,,
"Evening workout 🏋️","20 de fev. de 2026, 19:50","20 de fev. de 2026, 21:28","","Overhead Triceps Extension (Cable)",,"",2,"failure",22,5,,,
"Evening workout 🏋️","20 de fev. de 2026, 19:50","20 de fev. de 2026, 21:28","","Single Arm Triceps Pushdown (Cable)",,"",0,"normal",5,12,,,
"Evening workout 🏋️","20 de fev. de 2026, 19:50","20 de fev. de 2026, 21:28","","Single Arm Triceps Pushdown (Cable)",,"",1,"normal",5,12,,,
"Evening workout 🏋️","20 de fev. de 2026, 19:50","20 de fev. de 2026, 21:28","","Single Arm Triceps Pushdown (Cable)",,"",2,"failure",7,10,,,
"Evening workout 🏋️","20 de fev. de 2026, 19:50","20 de fev. de 2026, 21:28","","Overhead Press (Barbell)",,"",0,"warmup",17.2,12,,,
"Evening workout 🏋️","20 de fev. de 2026, 19:50","20 de fev. de 2026, 21:28","","Overhead Press (Barbell)",,"",1,"warmup",25,5,,,
"Evening workout 🏋️","20 de fev. de 2026, 19:50","20 de fev. de 2026, 21:28","","Overhead Press (Barbell)",,"",2,"normal",35,6,,,
"Evening workout 🏋️","20 de fev. de 2026, 19:50","20 de fev. de 2026, 21:28","","Overhead Press (Barbell)",,"",3,"failure",35,6,,,
"Evening workout 🏋️","19 de fev. de 2026, 19:26","19 de fev. de 2026, 20:52","","Bench Press (Barbell)",,"",0,"warmup",40,12,,,
"Evening workout 🏋️","19 de fev. de 2026, 19:26","19 de fev. de 2026, 20:52","","Bench Press (Barbell)",,"",1,"warmup",60,5,,,
"Evening workout 🏋️","19 de fev. de 2026, 19:26","19 de fev. de 2026, 20:52","","Bench Press (Barbell)",,"",2,"normal",70,7,,,
"Evening workout 🏋️","19 de fev. de 2026, 19:26","19 de fev. de 2026, 20:52","","Bench Press (Barbell)",,"",3,"failure",75,5,,,
"Evening workout 🏋️","19 de fev. de 2026, 19:26","19 de fev. de 2026, 20:52","","Chest Fly (Machine)",,"",0,"normal",68,8,,,
"Evening workout 🏋️","19 de fev. de 2026, 19:26","19 de fev. de 2026, 20:52","","Chest Fly (Machine)",,"",1,"failure",77.3,6,,,
"Evening workout 🏋️","19 de fev. de 2026, 19:26","19 de fev. de 2026, 20:52","","Chest Fly (Machine)",,"",2,"failure",77.3,5,,,
"Evening workout 🏋️","19 de fev. de 2026, 19:26","19 de fev. de 2026, 20:52","","Chest Dip (Weighted)",,"",0,"normal",104,8,,,
"Evening workout 🏋️","19 de fev. de 2026, 19:26","19 de fev. de 2026, 20:52","","Chest Dip (Weighted)",,"",1,"normal",104,7,,,
"Evening workout 🏋️","19 de fev. de 2026, 19:26","19 de fev. de 2026, 20:52","","Chest Dip (Weighted)",,"",2,"failure",104,6,,,
"Evening workout 🏋️","19 de fev. de 2026, 19:26","19 de fev. de 2026, 20:52","","Lateral Raise (Cable)",,"",0,"normal",6.8,20,,,
"Evening workout 🏋️","19 de fev. de 2026, 19:26","19 de fev. de 2026, 20:52","","Lateral Raise (Cable)",,"",1,"normal",6.8,20,,,
"Evening workout 🏋️","19 de fev. de 2026, 19:26","19 de fev. de 2026, 20:52","","Lateral Raise (Cable)",,"",2,"failure",6.8,25,,,
"Evening workout 🏋️","19 de fev. de 2026, 19:26","19 de fev. de 2026, 20:52","","EZ Bar Biceps Curl",,"",0,"warmup",15,12,,,
"Evening workout 🏋️","19 de fev. de 2026, 19:26","19 de fev. de 2026, 20:52","","EZ Bar Biceps Curl",,"",1,"failure",30,8,,,
"Evening workout 🏋️","19 de fev. de 2026, 19:26","19 de fev. de 2026, 20:52","","EZ Bar Biceps Curl",,"",2,"failure",30,6,,,
"Evening workout 🏋️","12 de fev. de 2026, 19:16","12 de fev. de 2026, 20:17","","Leg Extension (Machine)",,"",0,"warmup",50,12,,,
"Evening workout 🏋️","12 de fev. de 2026, 19:16","12 de fev. de 2026, 20:17","","Leg Extension (Machine)",,"",1,"warmup",84,5,,,
"Evening workout 🏋️","12 de fev. de 2026, 19:16","12 de fev. de 2026, 20:17","","Leg Extension (Machine)",,"",2,"warmup",90,3,,,
"Evening workout 🏋️","12 de fev. de 2026, 19:16","12 de fev. de 2026, 20:17","","Leg Extension (Machine)",,"",3,"failure",104,8,,,
"Evening workout 🏋️","12 de fev. de 2026, 19:16","12 de fev. de 2026, 20:17","","Leg Extension (Machine)",,"",4,"normal",97,7,,,
"Evening workout 🏋️","12 de fev. de 2026, 19:16","12 de fev. de 2026, 20:17","","Seated Leg Curl (Machine)",,"",0,"warmup",50,12,,,
"Evening workout 🏋️","12 de fev. de 2026, 19:16","12 de fev. de 2026, 20:17","","Seated Leg Curl (Machine)",,"",1,"warmup",77,5,,,
"Evening workout 🏋️","12 de fev. de 2026, 19:16","12 de fev. de 2026, 20:17","","Seated Leg Curl (Machine)",,"",2,"failure",90,10,,,
"Evening workout 🏋️","12 de fev. de 2026, 19:16","12 de fev. de 2026, 20:17","","Seated Leg Curl (Machine)",,"",3,"normal",97,6,,,
"Evening workout 🏋️","12 de fev. de 2026, 19:16","12 de fev. de 2026, 20:17","","Romanian Deadlift (Dumbbell)",,"",0,"warmup",72,5,,,
"Evening workout 🏋️","12 de fev. de 2026, 19:16","12 de fev. de 2026, 20:17","","Romanian Deadlift (Dumbbell)",,"",1,"normal",80,8,,,
"Evening workout 🏋️","12 de fev. de 2026, 19:16","12 de fev. de 2026, 20:17","","Romanian Deadlift (Dumbbell)",,"",2,"failure",84,8,,,
"Evening workout 🏋️","11 de fev. de 2026, 18:58","11 de fev. de 2026, 20:41","esqueci de finalizar essa bomba","Seated Row (Machine)",,"",0,"warmup",43,12,,,
"Evening workout 🏋️","11 de fev. de 2026, 18:58","11 de fev. de 2026, 20:41","esqueci de finalizar essa bomba","Seated Row (Machine)",,"",1,"warmup",70,5,,,
"Evening workout 🏋️","11 de fev. de 2026, 18:58","11 de fev. de 2026, 20:41","esqueci de finalizar essa bomba","Seated Row (Machine)",,"",2,"normal",77,8,,,
"Evening workout 🏋️","11 de fev. de 2026, 18:58","11 de fev. de 2026, 20:41","esqueci de finalizar essa bomba","Seated Row (Machine)",,"",3,"failure",84,6,,,
"Evening workout 🏋️","11 de fev. de 2026, 18:58","11 de fev. de 2026, 20:41","esqueci de finalizar essa bomba","Rear Delt Reverse Fly (Machine)",,"",0,"normal",59,8,,,
"Evening workout 🏋️","11 de fev. de 2026, 18:58","11 de fev. de 2026, 20:41","esqueci de finalizar essa bomba","Rear Delt Reverse Fly (Machine)",,"",1,"failure",65,6,,,
"Evening workout 🏋️","11 de fev. de 2026, 18:58","11 de fev. de 2026, 20:41","esqueci de finalizar essa bomba","Rear Delt Reverse Fly (Machine)",,"",2,"failure",65,5,,,
"Evening workout 🏋️","11 de fev. de 2026, 18:58","11 de fev. de 2026, 20:41","esqueci de finalizar essa bomba","Lat Pulldown (Cable)",,"",0,"warmup",65,5,,,
"Evening workout 🏋️","11 de fev. de 2026, 18:58","11 de fev. de 2026, 20:41","esqueci de finalizar essa bomba","Lat Pulldown (Cable)",,"",1,"normal",72,8,,,
"Evening workout 🏋️","11 de fev. de 2026, 18:58","11 de fev. de 2026, 20:41","esqueci de finalizar essa bomba","Lat Pulldown (Cable)",,"",2,"failure",80,5,,,
"Evening workout 🏋️","11 de fev. de 2026, 18:58","11 de fev. de 2026, 20:41","esqueci de finalizar essa bomba","Overhead Triceps Extension (Cable)",,"",0,"warmup",,10,,,
"Evening workout 🏋️","11 de fev. de 2026, 18:58","11 de fev. de 2026, 20:41","esqueci de finalizar essa bomba","Overhead Triceps Extension (Cable)",,"",1,"normal",20,8,,,
"Evening workout 🏋️","11 de fev. de 2026, 18:58","11 de fev. de 2026, 20:41","esqueci de finalizar essa bomba","Overhead Triceps Extension (Cable)",,"",2,"failure",22,5,,,
"Evening workout 🏋️","11 de fev. de 2026, 18:58","11 de fev. de 2026, 20:41","esqueci de finalizar essa bomba","Preacher Curl (Machine)",,"",0,"warmup",43,12,,,
"Evening workout 🏋️","11 de fev. de 2026, 18:58","11 de fev. de 2026, 20:41","esqueci de finalizar essa bomba","Preacher Curl (Machine)",,"",1,"normal",50,8,,,
"Evening workout 🏋️","11 de fev. de 2026, 18:58","11 de fev. de 2026, 20:41","esqueci de finalizar essa bomba","Preacher Curl (Machine)",,"",2,"failure",57,5,,,
"Evening workout 🏋️","11 de fev. de 2026, 18:58","11 de fev. de 2026, 20:41","esqueci de finalizar essa bomba","Crunch (Machine)",,"",0,"warmup",50,12,,,
"Evening workout 🏋️","11 de fev. de 2026, 18:58","11 de fev. de 2026, 20:41","esqueci de finalizar essa bomba","Crunch (Machine)",,"",1,"warmup",77,5,,,
"Evening workout 🏋️","11 de fev. de 2026, 18:58","11 de fev. de 2026, 20:41","esqueci de finalizar essa bomba","Crunch (Machine)",,"",2,"normal",84,10,,,
"Evening workout 🏋️","11 de fev. de 2026, 18:58","11 de fev. de 2026, 20:41","esqueci de finalizar essa bomba","Crunch (Machine)",,"",3,"normal",90,6,,,
"Evening workout 🏋️","10 de fev. de 2026, 18:41","10 de fev. de 2026, 20:13","","Incline Bench Press (Dumbbell)",,"",0,"warmup",32,12,,,
"Evening workout 🏋️","10 de fev. de 2026, 18:41","10 de fev. de 2026, 20:13","","Incline Bench Press (Dumbbell)",,"",1,"warmup",60,3,,,
"Evening workout 🏋️","10 de fev. de 2026, 18:41","10 de fev. de 2026, 20:13","","Incline Bench Press (Dumbbell)",,"",2,"normal",64,8,,,
"Evening workout 🏋️","10 de fev. de 2026, 18:41","10 de fev. de 2026, 20:13","","Incline Bench Press (Dumbbell)",,"",3,"normal",68,6,,,
"Evening workout 🏋️","10 de fev. de 2026, 18:41","10 de fev. de 2026, 20:13","","Chest Fly (Machine)",,"",0,"normal",65,10,,,
"Evening workout 🏋️","10 de fev. de 2026, 18:41","10 de fev. de 2026, 20:13","","Chest Fly (Machine)",,"",1,"failure",72,6,,,
"Evening workout 🏋️","10 de fev. de 2026, 18:41","10 de fev. de 2026, 20:13","","Chest Fly (Machine)",,"",2,"failure",80,4,,,
"Evening workout 🏋️","10 de fev. de 2026, 18:41","10 de fev. de 2026, 20:13","","Chest Dip (Weighted)",,"",0,"normal",104,12,,,
"Evening workout 🏋️","10 de fev. de 2026, 18:41","10 de fev. de 2026, 20:13","","Chest Dip (Weighted)",,"",1,"normal",104,8,,,
"Evening workout 🏋️","10 de fev. de 2026, 18:41","10 de fev. de 2026, 20:13","","Chest Dip (Weighted)",,"",2,"failure",104,10,,,
"Evening workout 🏋️","10 de fev. de 2026, 18:41","10 de fev. de 2026, 20:13","","Overhead Press (Barbell)",,"",0,"warmup",20,12,,,
"Evening workout 🏋️","10 de fev. de 2026, 18:41","10 de fev. de 2026, 20:13","","Overhead Press (Barbell)",,"",1,"normal",30,10,,,
"Evening workout 🏋️","10 de fev. de 2026, 18:41","10 de fev. de 2026, 20:13","","Overhead Press (Barbell)",,"",2,"failure",35,5,,,
"Evening workout 🏋️","10 de fev. de 2026, 18:41","10 de fev. de 2026, 20:13","","Overhead Press (Barbell)",,"",3,"failure",35,5,,,
"Evening workout 🏋️","10 de fev. de 2026, 18:41","10 de fev. de 2026, 20:13","","EZ Bar Biceps Curl",,"",0,"warmup",25,12,,,
"Evening workout 🏋️","10 de fev. de 2026, 18:41","10 de fev. de 2026, 20:13","","EZ Bar Biceps Curl",,"",1,"failure",30,6,,,
"Evening workout 🏋️","10 de fev. de 2026, 18:41","10 de fev. de 2026, 20:13","","EZ Bar Biceps Curl",,"",2,"failure",30,6,,,
"Evening workout 🏋️","9 de fev. de 2026, 19:12","9 de fev. de 2026, 20:45","","Leg Extension (Machine)",,"",0,"warmup",55,12,,,
"Evening workout 🏋️","9 de fev. de 2026, 19:12","9 de fev. de 2026, 20:45","","Leg Extension (Machine)",,"",1,"warmup",77,5,,,
"Evening workout 🏋️","9 de fev. de 2026, 19:12","9 de fev. de 2026, 20:45","","Leg Extension (Machine)",,"",2,"warmup",90,3,,,
"Evening workout 🏋️","9 de fev. de 2026, 19:12","9 de fev. de 2026, 20:45","","Leg Extension (Machine)",,"",3,"failure",97,8,,,
"Evening workout 🏋️","9 de fev. de 2026, 19:12","9 de fev. de 2026, 20:45","","Leg Extension (Machine)",,"",4,"normal",90,6,,,
"Evening workout 🏋️","9 de fev. de 2026, 19:12","9 de fev. de 2026, 20:45","","Squat (Barbell)",,"",0,"warmup",30,5,,,
"Evening workout 🏋️","9 de fev. de 2026, 19:12","9 de fev. de 2026, 20:45","","Squat (Barbell)",,"",1,"normal",90,8,,,
"Evening workout 🏋️","9 de fev. de 2026, 19:12","9 de fev. de 2026, 20:45","","Squat (Barbell)",,"",2,"normal",100,6,,,
"Evening workout 🏋️","9 de fev. de 2026, 19:12","9 de fev. de 2026, 20:45","","Squat (Barbell)",,"",3,"failure",105,4,,,
"Evening workout 🏋️","9 de fev. de 2026, 19:12","9 de fev. de 2026, 20:45","","Romanian Deadlift (Dumbbell)",,"",0,"warmup",52,5,,,
"Evening workout 🏋️","9 de fev. de 2026, 19:12","9 de fev. de 2026, 20:45","","Romanian Deadlift (Dumbbell)",,"",1,"normal",72,8,,,
"Evening workout 🏋️","9 de fev. de 2026, 19:12","9 de fev. de 2026, 20:45","","Romanian Deadlift (Dumbbell)",,"",2,"failure",80,6,,,
"Evening workout 🏋️","9 de fev. de 2026, 19:12","9 de fev. de 2026, 20:45","","Seated Leg Curl (Machine)",,"",0,"warmup",84,5,,,
"Evening workout 🏋️","9 de fev. de 2026, 19:12","9 de fev. de 2026, 20:45","","Seated Leg Curl (Machine)",,"",1,"normal",90,10,,,
"Evening workout 🏋️","9 de fev. de 2026, 19:12","9 de fev. de 2026, 20:45","","Seated Leg Curl (Machine)",,"",2,"failure",95,6,,,
"Evening workout 🏋️","4 de fev. de 2026, 19:28","4 de fev. de 2026, 20:03","","Bent Over Row (Barbell)",,"",0,"warmup",60,12,,,
"Evening workout 🏋️","4 de fev. de 2026, 19:28","4 de fev. de 2026, 20:03","","Bent Over Row (Barbell)",,"",1,"normal",80,8,,,
"Evening workout 🏋️","4 de fev. de 2026, 19:28","4 de fev. de 2026, 20:03","","Bent Over Row (Barbell)",,"",2,"failure",90,6,,,
"Evening workout 🏋️","4 de fev. de 2026, 19:28","4 de fev. de 2026, 20:03","","Single Arm Lat Pulldown",,"",0,"warmup",22,12,,,
"Evening workout 🏋️","4 de fev. de 2026, 19:28","4 de fev. de 2026, 20:03","","Single Arm Lat Pulldown",,"",1,"failure",27,12,,,
"Evening workout 🏋️","4 de fev. de 2026, 19:28","4 de fev. de 2026, 20:03","","Rear Delt Reverse Fly (Machine)",,"",0,"warmup",45,5,,,
"Evening workout 🏋️","4 de fev. de 2026, 19:28","4 de fev. de 2026, 20:03","","Rear Delt Reverse Fly (Machine)",,"",1,"normal",59,9,,,
"Evening workout 🏋️","4 de fev. de 2026, 19:28","4 de fev. de 2026, 20:03","","Rear Delt Reverse Fly (Machine)",,"",2,"failure",65,4,,,
"Evening workout 🏋️","4 de fev. de 2026, 19:28","4 de fev. de 2026, 20:03","","Hammer Curl (Dumbbell)",,"",0,"normal",18,12,,,
"Evening workout 🏋️","4 de fev. de 2026, 19:28","4 de fev. de 2026, 20:03","","Hammer Curl (Dumbbell)",,"",1,"normal",20,8,,,
"Evening workout 🏋️","4 de fev. de 2026, 19:28","4 de fev. de 2026, 20:03","","Hammer Curl (Dumbbell)",,"",2,"failure",20,8,,,
"Evening workout 🏋️","4 de fev. de 2026, 19:28","4 de fev. de 2026, 20:03","","Triceps Pushdown",,"",0,"warmup",15,12,,,
"Evening workout 🏋️","4 de fev. de 2026, 19:28","4 de fev. de 2026, 20:03","","Triceps Pushdown",,"",1,"warmup",17.5,5,,,
"Evening workout 🏋️","4 de fev. de 2026, 19:28","4 de fev. de 2026, 20:03","","Triceps Pushdown",,"",2,"normal",22.5,8,,,
"Evening workout 🏋️","4 de fev. de 2026, 19:28","4 de fev. de 2026, 20:03","","Triceps Pushdown",,"",3,"failure",22.2,10,,,
"Costas e biceps","8 de out. de 2025, 15:44","8 de out. de 2025, 17:13","","Crunch (Machine)",,"",0,"warmup",50,12,,,
"Costas e biceps","8 de out. de 2025, 15:44","8 de out. de 2025, 17:13","","Crunch (Machine)",,"",1,"warmup",84,5,,,
"Costas e biceps","8 de out. de 2025, 15:44","8 de out. de 2025, 17:13","","Crunch (Machine)",,"",2,"normal",97,10,,,
"Costas e biceps","8 de out. de 2025, 15:44","8 de out. de 2025, 17:13","","Crunch (Machine)",,"",3,"normal",104,6,,,
"Costas e biceps","8 de out. de 2025, 15:44","8 de out. de 2025, 17:13","","Lat Pulldown - Close Grip (Cable)",,"",0,"warmup",41,12,,,
"Costas e biceps","8 de out. de 2025, 15:44","8 de out. de 2025, 17:13","","Lat Pulldown - Close Grip (Cable)",,"",1,"warmup",63,3,,,
"Costas e biceps","8 de out. de 2025, 15:44","8 de out. de 2025, 17:13","","Lat Pulldown - Close Grip (Cable)",,"",2,"normal",70,8,,,
"Costas e biceps","8 de out. de 2025, 15:44","8 de out. de 2025, 17:13","","Lat Pulldown - Close Grip (Cable)",,"",3,"failure",77,6,,,
"Costas e biceps","8 de out. de 2025, 15:44","8 de out. de 2025, 17:13","","Seated Cable Row - V Grip (Cable)",,"",0,"normal",70,8,,,
"Costas e biceps","8 de out. de 2025, 15:44","8 de out. de 2025, 17:13","","Seated Cable Row - V Grip (Cable)",,"",1,"normal",77,6,,,
"Costas e biceps","8 de out. de 2025, 15:44","8 de out. de 2025, 17:13","","Rear Delt Reverse Fly (Machine)",,"",0,"normal",73,8,,,
"Costas e biceps","8 de out. de 2025, 15:44","8 de out. de 2025, 17:13","","Rear Delt Reverse Fly (Machine)",,"",1,"normal",79,6,,,
"Costas e biceps","8 de out. de 2025, 15:44","8 de out. de 2025, 17:13","","Preacher Curl (Machine)",,"",0,"warmup",55,5,,,
"Costas e biceps","8 de out. de 2025, 15:44","8 de out. de 2025, 17:13","","Preacher Curl (Machine)",,"",1,"normal",60,8,,,
"Costas e biceps","8 de out. de 2025, 15:44","8 de out. de 2025, 17:13","","Preacher Curl (Machine)",,"",2,"failure",65,5,,,
"Costas e biceps","8 de out. de 2025, 15:44","8 de out. de 2025, 17:13","","Seated Incline Curl (Dumbbell)",,"",0,"normal",20,16,,,
"Costas e biceps","8 de out. de 2025, 15:44","8 de out. de 2025, 17:13","","Seated Incline Curl (Dumbbell)",,"",1,"normal",25,12,,,
"Costas e biceps","8 de out. de 2025, 15:44","8 de out. de 2025, 17:13","","Hammer Curl (Dumbbell)",,"",0,"normal",20,8,,,
"Costas e biceps","8 de out. de 2025, 15:44","8 de out. de 2025, 17:13","","Hammer Curl (Dumbbell)",,"",1,"failure",20,6,,,
"Costas e biceps","8 de out. de 2025, 15:44","8 de out. de 2025, 17:13","","Behind the Back Wrist Curl (Barbell)",,"",0,"normal",70,15,,,
"Costas e biceps","8 de out. de 2025, 15:44","8 de out. de 2025, 17:13","","Behind the Back Wrist Curl (Barbell)",,"",1,"normal",75,12,,,
"posterior","7 de out. de 2025, 20:49","7 de out. de 2025, 21:43","","Crunch (Machine)",,"",0,"warmup",63,12,,,
"posterior","7 de out. de 2025, 20:49","7 de out. de 2025, 21:43","","Crunch (Machine)",,"",1,"warmup",84,5,,,
"posterior","7 de out. de 2025, 20:49","7 de out. de 2025, 21:43","","Crunch (Machine)",,"",2,"normal",97,10,,,
"posterior","7 de out. de 2025, 20:49","7 de out. de 2025, 21:43","","Crunch (Machine)",,"",3,"normal",104,5,,,
"posterior","7 de out. de 2025, 20:49","7 de out. de 2025, 21:43","","Lying Leg Curl (Machine)",,"",0,"warmup",27,12,,,
"posterior","7 de out. de 2025, 20:49","7 de out. de 2025, 21:43","","Lying Leg Curl (Machine)",,"",1,"warmup",45,5,,,
"posterior","7 de out. de 2025, 20:49","7 de out. de 2025, 21:43","","Lying Leg Curl (Machine)",,"",2,"failure",50,8,,,
"posterior","7 de out. de 2025, 20:49","7 de out. de 2025, 21:43","","Lying Leg Curl (Machine)",,"",3,"normal",51,6,,,
"posterior","7 de out. de 2025, 20:49","7 de out. de 2025, 21:43","","Seated Leg Curl (Machine)",,"",0,"warmup",84,5,,,
"posterior","7 de out. de 2025, 20:49","7 de out. de 2025, 21:43","","Seated Leg Curl (Machine)",,"",1,"normal",90,10,,,
"posterior","7 de out. de 2025, 20:49","7 de out. de 2025, 21:43","","Seated Leg Curl (Machine)",,"",2,"failure",95,6,,,
"posterior","7 de out. de 2025, 20:49","7 de out. de 2025, 21:43","","Romanian Deadlift (Dumbbell)",,"",0,"warmup",40,5,,,
"posterior","7 de out. de 2025, 20:49","7 de out. de 2025, 21:43","","Romanian Deadlift (Dumbbell)",,"",1,"normal",64,8,,,
"posterior","7 de out. de 2025, 20:49","7 de out. de 2025, 21:43","","Romanian Deadlift (Dumbbell)",,"",2,"failure",68,6,,,
"posterior","7 de out. de 2025, 20:49","7 de out. de 2025, 21:43","","Single Leg Standing Calf Raise (Barbell)",,"",0,"normal",60,12,,,
"posterior","7 de out. de 2025, 20:49","7 de out. de 2025, 21:43","","Single Leg Standing Calf Raise (Barbell)",,"",1,"normal",80,12,,,
"posterior","7 de out. de 2025, 20:49","7 de out. de 2025, 21:43","","Single Leg Standing Calf Raise (Barbell)",,"",2,"normal",95,13,,,
"Perna","2 de out. de 2025, 19:49","2 de out. de 2025, 21:36","","Crunch (Machine)",,"",0,"warmup",63,12,,,
"Perna","2 de out. de 2025, 19:49","2 de out. de 2025, 21:36","","Crunch (Machine)",,"",1,"warmup",84,5,,,
"Perna","2 de out. de 2025, 19:49","2 de out. de 2025, 21:36","","Crunch (Machine)",,"",2,"normal",97,10,,,
"Perna","2 de out. de 2025, 19:49","2 de out. de 2025, 21:36","","Crunch (Machine)",,"",3,"normal",104,5,,,
"Perna","2 de out. de 2025, 19:49","2 de out. de 2025, 21:36","","Squat (Barbell)",,"",0,"normal",100,5,,,
"Perna","2 de out. de 2025, 19:49","2 de out. de 2025, 21:36","","Squat (Barbell)",,"",1,"normal",105,6,,,
"Perna","2 de out. de 2025, 19:49","2 de out. de 2025, 21:36","","Squat (Barbell)",,"",2,"normal",105,6,,,
"Perna","2 de out. de 2025, 19:49","2 de out. de 2025, 21:36","","Leg Press (Machine)",,"",0,"normal",140,12,,,
"Perna","2 de out. de 2025, 19:49","2 de out. de 2025, 21:36","","Leg Press (Machine)",,"",1,"normal",180,8,,,
"Perna","2 de out. de 2025, 19:49","2 de out. de 2025, 21:36","","Leg Press (Machine)",,"",2,"normal",200,8,,,
"Perna","2 de out. de 2025, 19:49","2 de out. de 2025, 21:36","","Leg Press (Machine)",,"",3,"normal",200,8,,,
"Perna","2 de out. de 2025, 19:49","2 de out. de 2025, 21:36","","Leg Extension (Machine)",,"",0,"warmup",55,12,,,
"Perna","2 de out. de 2025, 19:49","2 de out. de 2025, 21:36","","Leg Extension (Machine)",,"",1,"normal",62,12,,,
"Perna","2 de out. de 2025, 19:49","2 de out. de 2025, 21:36","","Leg Extension (Machine)",,"",2,"normal",68,12,,,
"Perna","2 de out. de 2025, 19:49","2 de out. de 2025, 21:36","","Leg Extension (Machine)",,"",3,"normal",75,12,,,
"Perna","2 de out. de 2025, 19:49","2 de out. de 2025, 21:36","","Leg Extension (Machine)",,"",4,"normal",75,8,,,
"Perna","2 de out. de 2025, 19:49","2 de out. de 2025, 21:36","","Leg Extension (Machine)",,"",5,"normal",75,8,,,
"Peito","1 de out. de 2025, 20:58","1 de out. de 2025, 22:23","treino com a tropa","Crunch (Machine)",,"",0,"warmup",63,12,,,
"Peito","1 de out. de 2025, 20:58","1 de out. de 2025, 22:23","treino com a tropa","Crunch (Machine)",,"",1,"warmup",84,5,,,
"Peito","1 de out. de 2025, 20:58","1 de out. de 2025, 22:23","treino com a tropa","Crunch (Machine)",,"",2,"normal",90,10,,,
"Peito","1 de out. de 2025, 20:58","1 de out. de 2025, 22:23","treino com a tropa","Crunch (Machine)",,"",3,"normal",97,8,,,
"Peito","1 de out. de 2025, 20:58","1 de out. de 2025, 22:23","treino com a tropa","Chest Fly (Machine)",,"",0,"normal",100,8,,,
"Peito","1 de out. de 2025, 20:58","1 de out. de 2025, 22:23","treino com a tropa","Chest Fly (Machine)",,"",1,"normal",107,6,,,
"Peito","1 de out. de 2025, 20:58","1 de out. de 2025, 22:23","treino com a tropa","Chest Fly (Machine)",,"",2,"normal",113,6,,,
"Peito","1 de out. de 2025, 20:58","1 de out. de 2025, 22:23","treino com a tropa","Incline Bench Press (Dumbbell)",,"",0,"warmup",32,12,,,
"Peito","1 de out. de 2025, 20:58","1 de out. de 2025, 22:23","treino com a tropa","Incline Bench Press (Dumbbell)",,"",1,"warmup",52,3,,,
"Peito","1 de out. de 2025, 20:58","1 de out. de 2025, 22:23","treino com a tropa","Incline Bench Press (Dumbbell)",,"",2,"normal",64,8,,,
"Peito","1 de out. de 2025, 20:58","1 de out. de 2025, 22:23","treino com a tropa","Incline Bench Press (Dumbbell)",,"",3,"normal",68,8,,,
"Peito","1 de out. de 2025, 20:58","1 de out. de 2025, 22:23","treino com a tropa","Chest Dip (Weighted)",,"",0,"normal",90,12,,,
"Peito","1 de out. de 2025, 20:58","1 de out. de 2025, 22:23","treino com a tropa","Chest Dip (Weighted)",,"",1,"normal",97,10,,,
"Peito","1 de out. de 2025, 20:58","1 de out. de 2025, 22:23","treino com a tropa","Chest Dip (Weighted)",,"",2,"failure",104,10,,,
"Peito","1 de out. de 2025, 20:58","1 de out. de 2025, 22:23","treino com a tropa","Lateral Raise (Dumbbell)",,"",0,"normal",20,12,,,
"Peito","1 de out. de 2025, 20:58","1 de out. de 2025, 22:23","treino com a tropa","Lateral Raise (Dumbbell)",,"",1,"normal",22,8,,,
"Peito","1 de out. de 2025, 20:58","1 de out. de 2025, 22:23","treino com a tropa","Lateral Raise (Dumbbell)",,"",2,"normal",28,6,,,
"Peito","1 de out. de 2025, 20:58","1 de out. de 2025, 22:23","treino com a tropa","Triceps Pushdown",,"",0,"normal",60,8,,,
"Peito","1 de out. de 2025, 20:58","1 de out. de 2025, 22:23","treino com a tropa","Triceps Pushdown",,"",1,"normal",70,6,,,
"Costas e biceps","29 de set. de 2025, 15:09","29 de set. de 2025, 17:24","esqueci de finalizar essa bomba","Crunch (Machine)",,"",0,"warmup",63,12,,,
"Costas e biceps","29 de set. de 2025, 15:09","29 de set. de 2025, 17:24","esqueci de finalizar essa bomba","Crunch (Machine)",,"",1,"warmup",84,5,,,
"Costas e biceps","29 de set. de 2025, 15:09","29 de set. de 2025, 17:24","esqueci de finalizar essa bomba","Crunch (Machine)",,"",2,"normal",90,10,,,
"Costas e biceps","29 de set. de 2025, 15:09","29 de set. de 2025, 17:24","esqueci de finalizar essa bomba","Crunch (Machine)",,"",3,"normal",97,8,,,
"Costas e biceps","29 de set. de 2025, 15:09","29 de set. de 2025, 17:24","esqueci de finalizar essa bomba","Lat Pulldown - Close Grip (Cable)",,"",0,"warmup",41,12,,,
"Costas e biceps","29 de set. de 2025, 15:09","29 de set. de 2025, 17:24","esqueci de finalizar essa bomba","Lat Pulldown - Close Grip (Cable)",,"",1,"warmup",63,3,,,
"Costas e biceps","29 de set. de 2025, 15:09","29 de set. de 2025, 17:24","esqueci de finalizar essa bomba","Lat Pulldown - Close Grip (Cable)",,"",2,"normal",70,8,,,
"Costas e biceps","29 de set. de 2025, 15:09","29 de set. de 2025, 17:24","esqueci de finalizar essa bomba","Lat Pulldown - Close Grip (Cable)",,"",3,"failure",77,6,,,
"Costas e biceps","29 de set. de 2025, 15:09","29 de set. de 2025, 17:24","esqueci de finalizar essa bomba","Seated Cable Row - V Grip (Cable)",,"",0,"normal",70,8,,,
"Costas e biceps","29 de set. de 2025, 15:09","29 de set. de 2025, 17:24","esqueci de finalizar essa bomba","Seated Cable Row - V Grip (Cable)",,"",1,"normal",77,5,,,
"Costas e biceps","29 de set. de 2025, 15:09","29 de set. de 2025, 17:24","esqueci de finalizar essa bomba","Rear Delt Reverse Fly (Machine)",,"",0,"normal",73,8,,,
"Costas e biceps","29 de set. de 2025, 15:09","29 de set. de 2025, 17:24","esqueci de finalizar essa bomba","Rear Delt Reverse Fly (Machine)",,"",1,"normal",79,6,,,
"Costas e biceps","29 de set. de 2025, 15:09","29 de set. de 2025, 17:24","esqueci de finalizar essa bomba","Preacher Curl (Machine)",,"",0,"warmup",55,5,,,
"Costas e biceps","29 de set. de 2025, 15:09","29 de set. de 2025, 17:24","esqueci de finalizar essa bomba","Preacher Curl (Machine)",,"",1,"normal",60,8,,,
"Costas e biceps","29 de set. de 2025, 15:09","29 de set. de 2025, 17:24","esqueci de finalizar essa bomba","Preacher Curl (Machine)",,"",2,"failure",65,5,,,
"Costas e biceps","29 de set. de 2025, 15:09","29 de set. de 2025, 17:24","esqueci de finalizar essa bomba","Seated Incline Curl (Dumbbell)",,"",0,"normal",20,8,,,
"Costas e biceps","29 de set. de 2025, 15:09","29 de set. de 2025, 17:24","esqueci de finalizar essa bomba","Seated Incline Curl (Dumbbell)",,"",1,"normal",25,6,,,
"Costas e biceps","29 de set. de 2025, 15:09","29 de set. de 2025, 17:24","esqueci de finalizar essa bomba","Hammer Curl (Dumbbell)",,"",0,"normal",20,8,,,
"Costas e biceps","29 de set. de 2025, 15:09","29 de set. de 2025, 17:24","esqueci de finalizar essa bomba","Hammer Curl (Dumbbell)",,"",1,"failure",22,6,,,
"Costas e biceps","29 de set. de 2025, 15:09","29 de set. de 2025, 17:24","esqueci de finalizar essa bomba","Behind the Back Wrist Curl (Barbell)",,"",0,"normal",65,12,,,
"Costas e biceps","29 de set. de 2025, 15:09","29 de set. de 2025, 17:24","esqueci de finalizar essa bomba","Behind the Back Wrist Curl (Barbell)",,"",1,"normal",75,12,,,
"full body","18 de set. de 2025, 08:34","18 de set. de 2025, 11:08","","Crunch (Machine)",,"",0,"warmup",84,5,,,
"full body","18 de set. de 2025, 08:34","18 de set. de 2025, 11:08","","Crunch (Machine)",,"",1,"normal",90,10,,,
"full body","18 de set. de 2025, 08:34","18 de set. de 2025, 11:08","","Crunch (Machine)",,"",2,"failure",97,8,,,
"full body","18 de set. de 2025, 08:34","18 de set. de 2025, 11:08","","Chest Press (Machine)",,"",0,"warmup",36,12,,,
"full body","18 de set. de 2025, 08:34","18 de set. de 2025, 11:08","","Chest Press (Machine)",,"",1,"warmup",50,5,,,
"full body","18 de set. de 2025, 08:34","18 de set. de 2025, 11:08","","Chest Press (Machine)",,"",2,"warmup",57,3,,,
"full body","18 de set. de 2025, 08:34","18 de set. de 2025, 11:08","","Chest Press (Machine)",,"",3,"normal",62,8,,,
"full body","18 de set. de 2025, 08:34","18 de set. de 2025, 11:08","","Chest Press (Machine)",,"",4,"failure",70,6,,,
"full body","18 de set. de 2025, 08:34","18 de set. de 2025, 11:08","","Lat Pulldown - Close Grip (Cable)",,"",0,"warmup",41,12,,,
"full body","18 de set. de 2025, 08:34","18 de set. de 2025, 11:08","","Lat Pulldown - Close Grip (Cable)",,"",1,"warmup",63,3,,,
"full body","18 de set. de 2025, 08:34","18 de set. de 2025, 11:08","","Lat Pulldown - Close Grip (Cable)",,"",2,"warmup",68,3,,,
"full body","18 de set. de 2025, 08:34","18 de set. de 2025, 11:08","","Lat Pulldown - Close Grip (Cable)",,"",3,"normal",70,8,,,
"full body","18 de set. de 2025, 08:34","18 de set. de 2025, 11:08","","Lat Pulldown - Close Grip (Cable)",,"",4,"failure",77,6,,,
"full body","18 de set. de 2025, 08:34","18 de set. de 2025, 11:08","","Lateral Raise (Cable)",,"",0,"normal",15,20,,,
"full body","18 de set. de 2025, 08:34","18 de set. de 2025, 11:08","","Lateral Raise (Cable)",,"",1,"normal",15,20,,,
"full body","18 de set. de 2025, 08:34","18 de set. de 2025, 11:08","","Lateral Raise (Cable)",,"",2,"failure",20,16,,,
"full body","18 de set. de 2025, 08:34","18 de set. de 2025, 11:08","","Triceps Pushdown",,"",0,"warmup",60,3,,,
"full body","18 de set. de 2025, 08:34","18 de set. de 2025, 11:08","","Triceps Pushdown",,"",1,"normal",65,10,,,
"full body","18 de set. de 2025, 08:34","18 de set. de 2025, 11:08","","Triceps Pushdown",,"",2,"failure",70,5,,,
"full body","18 de set. de 2025, 08:34","18 de set. de 2025, 11:08","","Preacher Curl (Machine)",,"",0,"warmup",55,5,,,
"full body","18 de set. de 2025, 08:34","18 de set. de 2025, 11:08","","Preacher Curl (Machine)",,"",1,"normal",60,8,,,
"full body","18 de set. de 2025, 08:34","18 de set. de 2025, 11:08","","Preacher Curl (Machine)",,"",2,"failure",65,5,,,
"full body","18 de set. de 2025, 08:34","18 de set. de 2025, 11:08","","Behind the Back Wrist Curl (Barbell)",,"",0,"failure",65,12,,,
"full body","18 de set. de 2025, 08:34","18 de set. de 2025, 11:08","","Behind the Back Wrist Curl (Barbell)",,"",1,"failure",70,12,,,
"full body","18 de set. de 2025, 08:34","18 de set. de 2025, 11:08","","Behind the Back Wrist Curl (Barbell)",,"",2,"normal",75,12,,,
"full body","18 de set. de 2025, 08:34","18 de set. de 2025, 11:08","","Leg Extension (Machine)",,"",0,"warmup",50,12,,,
"full body","18 de set. de 2025, 08:34","18 de set. de 2025, 11:08","","Leg Extension (Machine)",,"",1,"warmup",77,5,,,
"full body","18 de set. de 2025, 08:34","18 de set. de 2025, 11:08","","Leg Extension (Machine)",,"",2,"warmup",90,3,,,
"full body","18 de set. de 2025, 08:34","18 de set. de 2025, 11:08","","Leg Extension (Machine)",,"",3,"normal",97,12,,,
"full body","18 de set. de 2025, 08:34","18 de set. de 2025, 11:08","","Leg Extension (Machine)",,"",4,"normal",104,10,,,
"full body","18 de set. de 2025, 08:34","18 de set. de 2025, 11:08","","Leg Extension (Machine)",,"",5,"normal",109,8,,,
"full body","18 de set. de 2025, 08:34","18 de set. de 2025, 11:08","","Seated Leg Curl (Machine)",,"",0,"warmup",84,5,,,
"full body","18 de set. de 2025, 08:34","18 de set. de 2025, 11:08","","Seated Leg Curl (Machine)",,"",1,"normal",90,10,,,
"full body","18 de set. de 2025, 08:34","18 de set. de 2025, 11:08","","Seated Leg Curl (Machine)",,"",2,"failure",95,6,,,
"full body","18 de set. de 2025, 08:34","18 de set. de 2025, 11:08","","Single Leg Standing Calf Raise (Barbell)",,"",0,"normal",60,12,,,
"full body","18 de set. de 2025, 08:34","18 de set. de 2025, 11:08","","Single Leg Standing Calf Raise (Barbell)",,"",1,"normal",80,12,,,
"full body","18 de set. de 2025, 08:34","18 de set. de 2025, 11:08","","Single Leg Standing Calf Raise (Barbell)",,"",2,"normal",95,13,,,
"upper 1","12 de set. de 2025, 15:49","12 de set. de 2025, 18:01","","Crunch (Machine)",,"",0,"warmup",84,5,,,
"upper 1","12 de set. de 2025, 15:49","12 de set. de 2025, 18:01","","Crunch (Machine)",,"",1,"normal",90,10,,,
"upper 1","12 de set. de 2025, 15:49","12 de set. de 2025, 18:01","","Crunch (Machine)",,"",2,"failure",97,7,,,
"upper 1","12 de set. de 2025, 15:49","12 de set. de 2025, 18:01","","Chest Press (Machine)",,"",0,"warmup",40,12,,,
"upper 1","12 de set. de 2025, 15:49","12 de set. de 2025, 18:01","","Chest Press (Machine)",,"",1,"warmup",50,5,,,
"upper 1","12 de set. de 2025, 15:49","12 de set. de 2025, 18:01","","Chest Press (Machine)",,"",2,"warmup",57,3,,,
"upper 1","12 de set. de 2025, 15:49","12 de set. de 2025, 18:01","","Chest Press (Machine)",,"",3,"normal",62,10,,,
"upper 1","12 de set. de 2025, 15:49","12 de set. de 2025, 18:01","","Chest Press (Machine)",,"",4,"failure",70,4,,,
"upper 1","12 de set. de 2025, 15:49","12 de set. de 2025, 18:01","","Lat Pulldown - Close Grip (Cable)",,"",0,"warmup",41,12,,,
"upper 1","12 de set. de 2025, 15:49","12 de set. de 2025, 18:01","","Lat Pulldown - Close Grip (Cable)",,"",1,"warmup",63,3,,,
"upper 1","12 de set. de 2025, 15:49","12 de set. de 2025, 18:01","","Lat Pulldown - Close Grip (Cable)",,"",2,"warmup",68,3,,,
"upper 1","12 de set. de 2025, 15:49","12 de set. de 2025, 18:01","","Lat Pulldown - Close Grip (Cable)",,"",3,"normal",70,8,,,
"upper 1","12 de set. de 2025, 15:49","12 de set. de 2025, 18:01","","Lat Pulldown - Close Grip (Cable)",,"",4,"failure",75,6,,,
"upper 1","12 de set. de 2025, 15:49","12 de set. de 2025, 18:01","","Seated Cable Row - Bar Wide Grip",,"",0,"warmup",63,3,,,
"upper 1","12 de set. de 2025, 15:49","12 de set. de 2025, 18:01","","Seated Cable Row - Bar Wide Grip",,"",1,"normal",70,8,,,
"upper 1","12 de set. de 2025, 15:49","12 de set. de 2025, 18:01","","Seated Cable Row - Bar Wide Grip",,"",2,"failure",75,6,,,
"upper 1","12 de set. de 2025, 15:49","12 de set. de 2025, 18:01","","Chest Fly (Machine)",,"",0,"warmup",93,5,,,
"upper 1","12 de set. de 2025, 15:49","12 de set. de 2025, 18:01","","Chest Fly (Machine)",,"",1,"normal",100,8,,,
"upper 1","12 de set. de 2025, 15:49","12 de set. de 2025, 18:01","","Chest Fly (Machine)",,"",2,"failure",107,6,,,
"upper 1","12 de set. de 2025, 15:49","12 de set. de 2025, 18:01","","Preacher Curl (Machine)",,"",0,"warmup",45,3,,,
"upper 1","12 de set. de 2025, 15:49","12 de set. de 2025, 18:01","","Preacher Curl (Machine)",,"",1,"normal",50,8,,,
"upper 1","12 de set. de 2025, 15:49","12 de set. de 2025, 18:01","","Preacher Curl (Machine)",,"",2,"failure",55,5,,,
"upper 1","12 de set. de 2025, 15:49","12 de set. de 2025, 18:01","","Lateral Raise (Cable)",,"",0,"normal",15,20,,,
"upper 1","12 de set. de 2025, 15:49","12 de set. de 2025, 18:01","","Lateral Raise (Cable)",,"",1,"normal",15,20,,,
"upper 1","12 de set. de 2025, 15:49","12 de set. de 2025, 18:01","","Lateral Raise (Cable)",,"",2,"failure",20,16,,,
"upper 1","12 de set. de 2025, 15:49","12 de set. de 2025, 18:01","","Triceps Pushdown",,"",0,"warmup",60,3,,,
"upper 1","12 de set. de 2025, 15:49","12 de set. de 2025, 18:01","","Triceps Pushdown",,"",1,"normal",65,9,,,
"upper 1","12 de set. de 2025, 15:49","12 de set. de 2025, 18:01","","Triceps Pushdown",,"",2,"failure",70,5,,,
"upper 1","12 de set. de 2025, 15:49","12 de set. de 2025, 18:01","","Behind the Back Wrist Curl (Barbell)",,"",0,"failure",65,12,,,
"upper 1","12 de set. de 2025, 15:49","12 de set. de 2025, 18:01","","Behind the Back Wrist Curl (Barbell)",,"",1,"failure",70,12,,,
"upper 1","12 de set. de 2025, 15:49","12 de set. de 2025, 18:01","","Behind the Back Wrist Curl (Barbell)",,"",2,"normal",75,8,,,
"upper 2","19 de ago. de 2025, 15:26","19 de ago. de 2025, 17:30","","Lat Pulldown (Cable)",,"",0,"warmup",36,12,,,
"upper 2","19 de ago. de 2025, 15:26","19 de ago. de 2025, 17:30","","Lat Pulldown (Cable)",,"",1,"warmup",70,3,,,
"upper 2","19 de ago. de 2025, 15:26","19 de ago. de 2025, 17:30","","Lat Pulldown (Cable)",,"",2,"warmup",75,3,,,
"upper 2","19 de ago. de 2025, 15:26","19 de ago. de 2025, 17:30","","Lat Pulldown (Cable)",,"",3,"normal",77,8,,,
"upper 2","19 de ago. de 2025, 15:26","19 de ago. de 2025, 17:30","","Lat Pulldown (Cable)",,"",4,"failure",82,7,,,
"upper 2","19 de ago. de 2025, 15:26","19 de ago. de 2025, 17:30","","Incline Bench Press (Dumbbell)",,"",0,"warmup",32,12,,,
"upper 2","19 de ago. de 2025, 15:26","19 de ago. de 2025, 17:30","","Incline Bench Press (Dumbbell)",,"",1,"warmup",56,3,,,
"upper 2","19 de ago. de 2025, 15:26","19 de ago. de 2025, 17:30","","Incline Bench Press (Dumbbell)",,"",2,"normal",60,8,,,
"upper 2","19 de ago. de 2025, 15:26","19 de ago. de 2025, 17:30","","Incline Bench Press (Dumbbell)",,"",3,"failure",64,7,,,
"upper 2","19 de ago. de 2025, 15:26","19 de ago. de 2025, 17:30","","Rear Delt Reverse Fly (Machine)",,"",0,"warmup",73,3,,,
"upper 2","19 de ago. de 2025, 15:26","19 de ago. de 2025, 17:30","","Rear Delt Reverse Fly (Machine)",,"",1,"normal",79,8,,,
"upper 2","19 de ago. de 2025, 15:26","19 de ago. de 2025, 17:30","","Rear Delt Reverse Fly (Machine)",,"",2,"failure",86,6,,,
"upper 2","19 de ago. de 2025, 15:26","19 de ago. de 2025, 17:30","","Chest Fly (Machine)",,"",0,"warmup",100,3,,,
"upper 2","19 de ago. de 2025, 15:26","19 de ago. de 2025, 17:30","","Chest Fly (Machine)",,"",1,"normal",107,8,,,
"upper 2","19 de ago. de 2025, 15:26","19 de ago. de 2025, 17:30","","Chest Fly (Machine)",,"",2,"failure",113,4,,,
"upper 2","19 de ago. de 2025, 15:26","19 de ago. de 2025, 17:30","","Seated Incline Curl (Dumbbell)",,"",0,"warmup",20,5,,,
"upper 2","19 de ago. de 2025, 15:26","19 de ago. de 2025, 17:30","","Seated Incline Curl (Dumbbell)",,"",1,"normal",25,8,,,
"upper 2","19 de ago. de 2025, 15:26","19 de ago. de 2025, 17:30","","Seated Incline Curl (Dumbbell)",,"",2,"failure",30,7,,,
"upper 2","19 de ago. de 2025, 15:26","19 de ago. de 2025, 17:30","","Triceps Extension (Cable)",,"",0,"warmup",20,3,,,
"upper 2","19 de ago. de 2025, 15:26","19 de ago. de 2025, 17:30","","Triceps Extension (Cable)",,"",1,"normal",25,6,,,
"upper 2","19 de ago. de 2025, 15:26","19 de ago. de 2025, 17:30","","Triceps Extension (Cable)",,"",2,"failure",30,7,,,
"upper 2","19 de ago. de 2025, 15:26","19 de ago. de 2025, 17:30","","Lateral Raise (Cable)",,"",0,"normal",15,24,,,
"upper 2","19 de ago. de 2025, 15:26","19 de ago. de 2025, 17:30","","Lateral Raise (Cable)",,"",1,"failure",20,16,,,
"upper 2","19 de ago. de 2025, 15:26","19 de ago. de 2025, 17:30","","Behind the Back Wrist Curl (Barbell)",,"",0,"failure",70,15,,,
"upper 2","19 de ago. de 2025, 15:26","19 de ago. de 2025, 17:30","","Behind the Back Wrist Curl (Barbell)",,"",1,"failure",75,15,,,
"upper 2","19 de ago. de 2025, 15:26","19 de ago. de 2025, 17:30","","Crunch (Machine)",,"",0,"warmup",84,5,,,
"upper 2","19 de ago. de 2025, 15:26","19 de ago. de 2025, 17:30","","Crunch (Machine)",,"",1,"normal",90,10,,,
"upper 2","19 de ago. de 2025, 15:26","19 de ago. de 2025, 17:30","","Crunch (Machine)",,"",2,"normal",97,6,,,
"upper 1","11 de ago. de 2025, 15:19","11 de ago. de 2025, 17:44","","Bench Press (Dumbbell)",,"",0,"warmup",32,12,,,
"upper 1","11 de ago. de 2025, 15:19","11 de ago. de 2025, 17:44","","Bench Press (Dumbbell)",,"",1,"warmup",56,3,,,
"upper 1","11 de ago. de 2025, 15:19","11 de ago. de 2025, 17:44","","Bench Press (Dumbbell)",,"",2,"warmup",60,3,,,
"upper 1","11 de ago. de 2025, 15:19","11 de ago. de 2025, 17:44","","Bench Press (Dumbbell)",,"",3,"normal",64,8,,,
"upper 1","11 de ago. de 2025, 15:19","11 de ago. de 2025, 17:44","","Bench Press (Dumbbell)",,"",4,"failure",68,5,,,
"upper 1","11 de ago. de 2025, 15:19","11 de ago. de 2025, 17:44","","Lat Pulldown - Close Grip (Cable)",,"",0,"warmup",41,12,,,
"upper 1","11 de ago. de 2025, 15:19","11 de ago. de 2025, 17:44","","Lat Pulldown - Close Grip (Cable)",,"",1,"warmup",63,3,,,
"upper 1","11 de ago. de 2025, 15:19","11 de ago. de 2025, 17:44","","Lat Pulldown - Close Grip (Cable)",,"",2,"warmup",68,3,,,
"upper 1","11 de ago. de 2025, 15:19","11 de ago. de 2025, 17:44","","Lat Pulldown - Close Grip (Cable)",,"",3,"normal",70,7,,,
"upper 1","11 de ago. de 2025, 15:19","11 de ago. de 2025, 17:44","","Lat Pulldown - Close Grip (Cable)",,"",4,"failure",75,5,,,
"upper 1","11 de ago. de 2025, 15:19","11 de ago. de 2025, 17:44","","Seated Cable Row - Bar Wide Grip",,"",0,"warmup",63,3,,,
"upper 1","11 de ago. de 2025, 15:19","11 de ago. de 2025, 17:44","","Seated Cable Row - Bar Wide Grip",,"",1,"normal",70,8,,,
"upper 1","11 de ago. de 2025, 15:19","11 de ago. de 2025, 17:44","","Seated Cable Row - Bar Wide Grip",,"",2,"failure",75,6,,,
"upper 1","11 de ago. de 2025, 15:19","11 de ago. de 2025, 17:44","","Chest Fly (Machine)",,"",0,"warmup",93,5,,,
"upper 1","11 de ago. de 2025, 15:19","11 de ago. de 2025, 17:44","","Chest Fly (Machine)",,"",1,"normal",100,8,,,
"upper 1","11 de ago. de 2025, 15:19","11 de ago. de 2025, 17:44","","Chest Fly (Machine)",,"",2,"failure",107,6,,,
"upper 1","11 de ago. de 2025, 15:19","11 de ago. de 2025, 17:44","","Lateral Raise (Cable)",,"",0,"normal",15,20,,,
"upper 1","11 de ago. de 2025, 15:19","11 de ago. de 2025, 17:44","","Lateral Raise (Cable)",,"",1,"failure",20,16,,,
"upper 1","11 de ago. de 2025, 15:19","11 de ago. de 2025, 17:44","","Triceps Pushdown",,"",0,"warmup",65,3,,,
"upper 1","11 de ago. de 2025, 15:19","11 de ago. de 2025, 17:44","","Triceps Pushdown",,"",1,"normal",70,8,,,
"upper 1","11 de ago. de 2025, 15:19","11 de ago. de 2025, 17:44","","Triceps Pushdown",,"",2,"failure",75,5,,,
"upper 1","11 de ago. de 2025, 15:19","11 de ago. de 2025, 17:44","","Preacher Curl (Machine)",,"",0,"warmup",45,3,,,
"upper 1","11 de ago. de 2025, 15:19","11 de ago. de 2025, 17:44","","Preacher Curl (Machine)",,"",1,"normal",50,8,,,
"upper 1","11 de ago. de 2025, 15:19","11 de ago. de 2025, 17:44","","Preacher Curl (Machine)",,"",2,"failure",55,6,,,
"upper 1","11 de ago. de 2025, 15:19","11 de ago. de 2025, 17:44","","Behind the Back Wrist Curl (Barbell)",,"",0,"failure",72,15,,,
"upper 1","11 de ago. de 2025, 15:19","11 de ago. de 2025, 17:44","","Behind the Back Wrist Curl (Barbell)",,"",1,"failure",77,15,,,
"upper 1","11 de ago. de 2025, 15:19","11 de ago. de 2025, 17:44","","Behind the Back Wrist Curl (Barbell)",,"",2,"normal",83,8,,,
"upper 1","11 de ago. de 2025, 15:19","11 de ago. de 2025, 17:44","","Crunch (Machine)",,"",0,"warmup",84,5,,,
"upper 1","11 de ago. de 2025, 15:19","11 de ago. de 2025, 17:44","","Crunch (Machine)",,"",1,"normal",90,10,,,
"upper 1","11 de ago. de 2025, 15:19","11 de ago. de 2025, 17:44","","Crunch (Machine)",,"",2,"failure",97,7,,,
"upper 1","25 de jul. de 2025, 17:27","25 de jul. de 2025, 19:34","","Bench Press (Dumbbell)",,"",0,"warmup",32,12,,,
"upper 1","25 de jul. de 2025, 17:27","25 de jul. de 2025, 19:34","","Bench Press (Dumbbell)",,"",1,"warmup",60,3,,,
"upper 1","25 de jul. de 2025, 17:27","25 de jul. de 2025, 19:34","","Bench Press (Dumbbell)",,"",2,"warmup",62,3,,,
"upper 1","25 de jul. de 2025, 17:27","25 de jul. de 2025, 19:34","","Bench Press (Dumbbell)",,"",3,"normal",68,8,,,
"upper 1","25 de jul. de 2025, 17:27","25 de jul. de 2025, 19:34","","Bench Press (Dumbbell)",,"",4,"failure",72,5,,,
"upper 1","25 de jul. de 2025, 17:27","25 de jul. de 2025, 19:34","","Lat Pulldown - Close Grip (Cable)",,"",0,"warmup",41,12,,,
"upper 1","25 de jul. de 2025, 17:27","25 de jul. de 2025, 19:34","","Lat Pulldown - Close Grip (Cable)",,"",1,"warmup",63,3,,,
"upper 1","25 de jul. de 2025, 17:27","25 de jul. de 2025, 19:34","","Lat Pulldown - Close Grip (Cable)",,"",2,"warmup",70,3,,,
"upper 1","25 de jul. de 2025, 17:27","25 de jul. de 2025, 19:34","","Lat Pulldown - Close Grip (Cable)",,"",3,"normal",75,7,,,
"upper 1","25 de jul. de 2025, 17:27","25 de jul. de 2025, 19:34","","Lat Pulldown - Close Grip (Cable)",,"",4,"failure",77,5,,,
"upper 1","25 de jul. de 2025, 17:27","25 de jul. de 2025, 19:34","","Seated Cable Row - Bar Wide Grip",,"",0,"warmup",70,3,,,
"upper 1","25 de jul. de 2025, 17:27","25 de jul. de 2025, 19:34","","Seated Cable Row - Bar Wide Grip",,"",1,"normal",75,8,,,
"upper 1","25 de jul. de 2025, 17:27","25 de jul. de 2025, 19:34","","Seated Cable Row - Bar Wide Grip",,"",2,"failure",77,5,,,
"upper 1","25 de jul. de 2025, 17:27","25 de jul. de 2025, 19:34","","Chest Fly (Machine)",,"",0,"warmup",100,3,,,
"upper 1","25 de jul. de 2025, 17:27","25 de jul. de 2025, 19:34","","Chest Fly (Machine)",,"",1,"normal",107,8,,,
"upper 1","25 de jul. de 2025, 17:27","25 de jul. de 2025, 19:34","","Chest Fly (Machine)",,"",2,"failure",113,5,,,
"upper 1","25 de jul. de 2025, 17:27","25 de jul. de 2025, 19:34","","Lateral Raise (Cable)",,"",0,"normal",15,20,,,
"upper 1","25 de jul. de 2025, 17:27","25 de jul. de 2025, 19:34","","Lateral Raise (Cable)",,"",1,"failure",20,16,,,
"upper 1","25 de jul. de 2025, 17:27","25 de jul. de 2025, 19:34","","Triceps Pushdown",,"",0,"warmup",65,3,,,
"upper 1","25 de jul. de 2025, 17:27","25 de jul. de 2025, 19:34","","Triceps Pushdown",,"",1,"normal",70,8,,,
"upper 1","25 de jul. de 2025, 17:27","25 de jul. de 2025, 19:34","","Triceps Pushdown",,"",2,"failure",75,5,,,
"upper 1","25 de jul. de 2025, 17:27","25 de jul. de 2025, 19:34","","Preacher Curl (Machine)",,"",0,"warmup",50,3,,,
"upper 1","25 de jul. de 2025, 17:27","25 de jul. de 2025, 19:34","","Preacher Curl (Machine)",,"",1,"normal",55,8,,,
"upper 1","25 de jul. de 2025, 17:27","25 de jul. de 2025, 19:34","","Preacher Curl (Machine)",,"",2,"failure",60,5,,,
"upper 1","25 de jul. de 2025, 17:27","25 de jul. de 2025, 19:34","","Behind the Back Wrist Curl (Barbell)",,"",0,"failure",72,15,,,
"upper 1","25 de jul. de 2025, 17:27","25 de jul. de 2025, 19:34","","Behind the Back Wrist Curl (Barbell)",,"",1,"failure",77,15,,,
"upper 1","25 de jul. de 2025, 17:27","25 de jul. de 2025, 19:34","","Behind the Back Wrist Curl (Barbell)",,"",2,"normal",83,8,,,
"upper 1","25 de jul. de 2025, 17:27","25 de jul. de 2025, 19:34","","Crunch (Machine)",,"",0,"warmup",84,5,,,
"upper 1","25 de jul. de 2025, 17:27","25 de jul. de 2025, 19:34","","Crunch (Machine)",,"",1,"normal",90,10,,,
"upper 1","25 de jul. de 2025, 17:27","25 de jul. de 2025, 19:34","","Crunch (Machine)",,"",2,"failure",97,7,,,
"upper 1","10 de jul. de 2025, 16:08","10 de jul. de 2025, 18:25","festival de pr","Bench Press (Dumbbell)",,"",0,"warmup",32,12,,,
"upper 1","10 de jul. de 2025, 16:08","10 de jul. de 2025, 18:25","festival de pr","Bench Press (Dumbbell)",,"",1,"warmup",60,3,,,
"upper 1","10 de jul. de 2025, 16:08","10 de jul. de 2025, 18:25","festival de pr","Bench Press (Dumbbell)",,"",2,"warmup",62,3,,,
"upper 1","10 de jul. de 2025, 16:08","10 de jul. de 2025, 18:25","festival de pr","Bench Press (Dumbbell)",,"",3,"normal",68,8,,,
"upper 1","10 de jul. de 2025, 16:08","10 de jul. de 2025, 18:25","festival de pr","Bench Press (Dumbbell)",,"",4,"failure",72,5,,,
"upper 1","10 de jul. de 2025, 16:08","10 de jul. de 2025, 18:25","festival de pr","Lat Pulldown - Close Grip (Cable)",,"",0,"warmup",41,12,,,
"upper 1","10 de jul. de 2025, 16:08","10 de jul. de 2025, 18:25","festival de pr","Lat Pulldown - Close Grip (Cable)",,"",1,"warmup",63,3,,,
"upper 1","10 de jul. de 2025, 16:08","10 de jul. de 2025, 18:25","festival de pr","Lat Pulldown - Close Grip (Cable)",,"",2,"warmup",70,3,,,
"upper 1","10 de jul. de 2025, 16:08","10 de jul. de 2025, 18:25","festival de pr","Lat Pulldown - Close Grip (Cable)",,"",3,"normal",75,8,,,
"upper 1","10 de jul. de 2025, 16:08","10 de jul. de 2025, 18:25","festival de pr","Lat Pulldown - Close Grip (Cable)",,"",4,"failure",77,6,,,
"upper 1","10 de jul. de 2025, 16:08","10 de jul. de 2025, 18:25","festival de pr","Seated Cable Row - Bar Wide Grip",,"",0,"warmup",70,3,,,
"upper 1","10 de jul. de 2025, 16:08","10 de jul. de 2025, 18:25","festival de pr","Seated Cable Row - Bar Wide Grip",,"",1,"normal",75,8,,,
"upper 1","10 de jul. de 2025, 16:08","10 de jul. de 2025, 18:25","festival de pr","Seated Cable Row - Bar Wide Grip",,"",2,"failure",77,6,,,
"upper 1","10 de jul. de 2025, 16:08","10 de jul. de 2025, 18:25","festival de pr","Chest Fly (Machine)",,"",0,"warmup",100,3,,,
"upper 1","10 de jul. de 2025, 16:08","10 de jul. de 2025, 18:25","festival de pr","Chest Fly (Machine)",,"",1,"normal",107,8,,,
"upper 1","10 de jul. de 2025, 16:08","10 de jul. de 2025, 18:25","festival de pr","Chest Fly (Machine)",,"",2,"failure",113,5,,,
"upper 1","10 de jul. de 2025, 16:08","10 de jul. de 2025, 18:25","festival de pr","Lateral Raise (Cable)",,"",0,"normal",15,20,,,
"upper 1","10 de jul. de 2025, 16:08","10 de jul. de 2025, 18:25","festival de pr","Lateral Raise (Cable)",,"",1,"failure",20,16,,,
"upper 1","10 de jul. de 2025, 16:08","10 de jul. de 2025, 18:25","festival de pr","Triceps Pushdown",,"",0,"warmup",65,3,,,
"upper 1","10 de jul. de 2025, 16:08","10 de jul. de 2025, 18:25","festival de pr","Triceps Pushdown",,"",1,"normal",70,8,,,
"upper 1","10 de jul. de 2025, 16:08","10 de jul. de 2025, 18:25","festival de pr","Triceps Pushdown",,"",2,"failure",75,5,,,
"upper 1","10 de jul. de 2025, 16:08","10 de jul. de 2025, 18:25","festival de pr","Preacher Curl (Machine)",,"",0,"warmup",50,3,,,
"upper 1","10 de jul. de 2025, 16:08","10 de jul. de 2025, 18:25","festival de pr","Preacher Curl (Machine)",,"",1,"normal",55,8,,,
"upper 1","10 de jul. de 2025, 16:08","10 de jul. de 2025, 18:25","festival de pr","Preacher Curl (Machine)",,"",2,"failure",60,5,,,
"upper 1","10 de jul. de 2025, 16:08","10 de jul. de 2025, 18:25","festival de pr","Behind the Back Wrist Curl (Barbell)",,"",0,"failure",70,15,,,
"upper 1","10 de jul. de 2025, 16:08","10 de jul. de 2025, 18:25","festival de pr","Behind the Back Wrist Curl (Barbell)",,"",1,"failure",75,15,,,
"upper 1","10 de jul. de 2025, 16:08","10 de jul. de 2025, 18:25","festival de pr","Crunch (Machine)",,"",0,"warmup",84,5,,,
"upper 1","10 de jul. de 2025, 16:08","10 de jul. de 2025, 18:25","festival de pr","Crunch (Machine)",,"",1,"normal",90,10,,,
"upper 1","10 de jul. de 2025, 16:08","10 de jul. de 2025, 18:25","festival de pr","Crunch (Machine)",,"",2,"failure",97,7,,,
"lower 2","4 de jul. de 2025, 16:02","4 de jul. de 2025, 17:07","","Single Leg Standing Calf Raise (Barbell)",,"",0,"normal",60,12,,,
"lower 2","4 de jul. de 2025, 16:02","4 de jul. de 2025, 17:07","","Single Leg Standing Calf Raise (Barbell)",,"",1,"normal",80,12,,,
"lower 2","4 de jul. de 2025, 16:02","4 de jul. de 2025, 17:07","","Single Leg Standing Calf Raise (Barbell)",,"",2,"normal",95,13,,,
"lower 2","4 de jul. de 2025, 16:02","4 de jul. de 2025, 17:07","","Straight Leg Deadlift",,"",0,"warmup",60,12,,,
"lower 2","4 de jul. de 2025, 16:02","4 de jul. de 2025, 17:07","","Straight Leg Deadlift",,"",1,"warmup",80,3,,,
"lower 2","4 de jul. de 2025, 16:02","4 de jul. de 2025, 17:07","","Straight Leg Deadlift",,"",2,"normal",100,7,,,
"lower 2","4 de jul. de 2025, 16:02","4 de jul. de 2025, 17:07","","Straight Leg Deadlift",,"",3,"failure",105,5,,,
"lower 2","4 de jul. de 2025, 16:02","4 de jul. de 2025, 17:07","","Leg Extension (Machine)",,"",0,"warmup",84,3,,,
"lower 2","4 de jul. de 2025, 16:02","4 de jul. de 2025, 17:07","","Leg Extension (Machine)",,"",1,"normal",90,12,,,
"lower 2","4 de jul. de 2025, 16:02","4 de jul. de 2025, 17:07","","Leg Extension (Machine)",,"",2,"failure",95,8,,,
"lower 2","4 de jul. de 2025, 16:02","4 de jul. de 2025, 17:07","","Lying Leg Curl (Machine)",,"",0,"warmup",50,3,,,
"lower 2","4 de jul. de 2025, 16:02","4 de jul. de 2025, 17:07","","Lying Leg Curl (Machine)",,"",1,"normal",51,8,,,
"lower 2","4 de jul. de 2025, 16:02","4 de jul. de 2025, 17:07","","Lying Leg Curl (Machine)",,"",2,"failure",52,6,,,
"upper 2","3 de jul. de 2025, 15:54","3 de jul. de 2025, 18:03","","Lat Pulldown (Cable)",,"",0,"warmup",36,12,,,
"upper 2","3 de jul. de 2025, 15:54","3 de jul. de 2025, 18:03","","Lat Pulldown (Cable)",,"",1,"warmup",70,3,,,
"upper 2","3 de jul. de 2025, 15:54","3 de jul. de 2025, 18:03","","Lat Pulldown (Cable)",,"",2,"warmup",75,3,,,
"upper 2","3 de jul. de 2025, 15:54","3 de jul. de 2025, 18:03","","Lat Pulldown (Cable)",,"",3,"normal",77,8,,,
"upper 2","3 de jul. de 2025, 15:54","3 de jul. de 2025, 18:03","","Lat Pulldown (Cable)",,"",4,"failure",82,7,,,
"upper 2","3 de jul. de 2025, 15:54","3 de jul. de 2025, 18:03","","Incline Bench Press (Dumbbell)",,"",0,"warmup",32,12,,,
"upper 2","3 de jul. de 2025, 15:54","3 de jul. de 2025, 18:03","","Incline Bench Press (Dumbbell)",,"",1,"warmup",60,3,,,
"upper 2","3 de jul. de 2025, 15:54","3 de jul. de 2025, 18:03","","Incline Bench Press (Dumbbell)",,"",2,"normal",64,8,,,
"upper 2","3 de jul. de 2025, 15:54","3 de jul. de 2025, 18:03","","Incline Bench Press (Dumbbell)",,"",3,"failure",68,6,,,
"upper 2","3 de jul. de 2025, 15:54","3 de jul. de 2025, 18:03","","Rear Delt Reverse Fly (Machine)",,"",0,"warmup",73,3,,,
"upper 2","3 de jul. de 2025, 15:54","3 de jul. de 2025, 18:03","","Rear Delt Reverse Fly (Machine)",,"",1,"normal",79,8,,,
"upper 2","3 de jul. de 2025, 15:54","3 de jul. de 2025, 18:03","","Rear Delt Reverse Fly (Machine)",,"",2,"failure",86,6,,,
"upper 2","3 de jul. de 2025, 15:54","3 de jul. de 2025, 18:03","","Chest Fly (Machine)",,"",0,"warmup",100,3,,,
"upper 2","3 de jul. de 2025, 15:54","3 de jul. de 2025, 18:03","","Chest Fly (Machine)",,"",1,"normal",107,8,,,
"upper 2","3 de jul. de 2025, 15:54","3 de jul. de 2025, 18:03","","Chest Fly (Machine)",,"",2,"failure",113,4,,,
"upper 2","3 de jul. de 2025, 15:54","3 de jul. de 2025, 18:03","","Seated Incline Curl (Dumbbell)",,"",0,"warmup",20,5,,,
"upper 2","3 de jul. de 2025, 15:54","3 de jul. de 2025, 18:03","","Seated Incline Curl (Dumbbell)",,"",1,"normal",25,8,,,
"upper 2","3 de jul. de 2025, 15:54","3 de jul. de 2025, 18:03","","Seated Incline Curl (Dumbbell)",,"",2,"failure",30,7,,,
"upper 2","3 de jul. de 2025, 15:54","3 de jul. de 2025, 18:03","","Triceps Extension (Cable)",,"",0,"warmup",20,3,,,
"upper 2","3 de jul. de 2025, 15:54","3 de jul. de 2025, 18:03","","Triceps Extension (Cable)",,"",1,"normal",25,6,,,
"upper 2","3 de jul. de 2025, 15:54","3 de jul. de 2025, 18:03","","Triceps Extension (Cable)",,"",2,"failure",30,7,,,
"upper 2","3 de jul. de 2025, 15:54","3 de jul. de 2025, 18:03","","Lateral Raise (Cable)",,"",0,"warmup",20,6,,,
"upper 2","3 de jul. de 2025, 15:54","3 de jul. de 2025, 18:03","","Lateral Raise (Cable)",,"",1,"failure",25,6,,,
"upper 2","3 de jul. de 2025, 15:54","3 de jul. de 2025, 18:03","","Behind the Back Wrist Curl (Barbell)",,"",0,"failure",70,15,,,
"upper 2","3 de jul. de 2025, 15:54","3 de jul. de 2025, 18:03","","Behind the Back Wrist Curl (Barbell)",,"",1,"failure",75,15,,,
"upper 2","3 de jul. de 2025, 15:54","3 de jul. de 2025, 18:03","","Crunch (Machine)",,"",0,"warmup",84,5,,,
"upper 2","3 de jul. de 2025, 15:54","3 de jul. de 2025, 18:03","","Crunch (Machine)",,"",1,"normal",90,8,,,
"upper 2","3 de jul. de 2025, 15:54","3 de jul. de 2025, 18:03","","Crunch (Machine)",,"",2,"normal",97,6,,,
"lower 1","2 de jul. de 2025, 15:34","2 de jul. de 2025, 16:47","","Single Leg Standing Calf Raise (Barbell)",,"",0,"normal",60,12,,,
"lower 1","2 de jul. de 2025, 15:34","2 de jul. de 2025, 16:47","","Single Leg Standing Calf Raise (Barbell)",,"",1,"normal",80,12,,,
"lower 1","2 de jul. de 2025, 15:34","2 de jul. de 2025, 16:47","","Single Leg Standing Calf Raise (Barbell)",,"",2,"normal",95,12,,,
"lower 1","2 de jul. de 2025, 15:34","2 de jul. de 2025, 16:47","","Squat (Barbell)",,"",0,"warmup",50,12,,,
"lower 1","2 de jul. de 2025, 15:34","2 de jul. de 2025, 16:47","","Squat (Barbell)",,"",1,"warmup",80,5,,,
"lower 1","2 de jul. de 2025, 15:34","2 de jul. de 2025, 16:47","","Squat (Barbell)",,"",2,"warmup",90,3,,,
"lower 1","2 de jul. de 2025, 15:34","2 de jul. de 2025, 16:47","","Squat (Barbell)",,"",3,"normal",100,5,,,
"lower 1","2 de jul. de 2025, 15:34","2 de jul. de 2025, 16:47","","Squat (Barbell)",,"",4,"failure",105,6,,,
"lower 1","2 de jul. de 2025, 15:34","2 de jul. de 2025, 16:47","","Seated Leg Curl (Machine)",,"",0,"warmup",77,3,,,
"lower 1","2 de jul. de 2025, 15:34","2 de jul. de 2025, 16:47","","Seated Leg Curl (Machine)",,"",1,"normal",84,10,,,
"lower 1","2 de jul. de 2025, 15:34","2 de jul. de 2025, 16:47","","Seated Leg Curl (Machine)",,"",2,"failure",90,7,,,
"lower 1","2 de jul. de 2025, 15:34","2 de jul. de 2025, 16:47","","Leg Extension (Machine)",,"",0,"warmup",77,3,,,
"lower 1","2 de jul. de 2025, 15:34","2 de jul. de 2025, 16:47","","Leg Extension (Machine)",,"",1,"normal",84,12,,,
"lower 1","2 de jul. de 2025, 15:34","2 de jul. de 2025, 16:47","","Leg Extension (Machine)",,"",2,"failure",90,10,,,
"lower 1","2 de jul. de 2025, 15:34","2 de jul. de 2025, 16:47","","Leg Extension (Machine)",,"",3,"failure",95,6,,,
"upper 1","30 de jun. de 2025, 16:51","30 de jun. de 2025, 19:17","","Bench Press (Dumbbell)",,"",0,"warmup",32,12,,,
"upper 1","30 de jun. de 2025, 16:51","30 de jun. de 2025, 19:17","","Bench Press (Dumbbell)",,"",1,"warmup",56,3,,,
"upper 1","30 de jun. de 2025, 16:51","30 de jun. de 2025, 19:17","","Bench Press (Dumbbell)",,"",2,"warmup",60,3,,,
"upper 1","30 de jun. de 2025, 16:51","30 de jun. de 2025, 19:17","","Bench Press (Dumbbell)",,"",3,"normal",64,8,,,
"upper 1","30 de jun. de 2025, 16:51","30 de jun. de 2025, 19:17","","Bench Press (Dumbbell)",,"",4,"failure",68,6,,,
"upper 1","30 de jun. de 2025, 16:51","30 de jun. de 2025, 19:17","","Lat Pulldown - Close Grip (Cable)",,"",0,"warmup",41,12,,,
"upper 1","30 de jun. de 2025, 16:51","30 de jun. de 2025, 19:17","","Lat Pulldown - Close Grip (Cable)",,"",1,"warmup",57,3,,,
"upper 1","30 de jun. de 2025, 16:51","30 de jun. de 2025, 19:17","","Lat Pulldown - Close Grip (Cable)",,"",2,"warmup",63,3,,,
"upper 1","30 de jun. de 2025, 16:51","30 de jun. de 2025, 19:17","","Lat Pulldown - Close Grip (Cable)",,"",3,"normal",70,8,,,
"upper 1","30 de jun. de 2025, 16:51","30 de jun. de 2025, 19:17","","Lat Pulldown - Close Grip (Cable)",,"",4,"failure",75,7,,,
"upper 1","30 de jun. de 2025, 16:51","30 de jun. de 2025, 19:17","","Seated Cable Row - Bar Wide Grip",,"",0,"warmup",63,3,,,
"upper 1","30 de jun. de 2025, 16:51","30 de jun. de 2025, 19:17","","Seated Cable Row - Bar Wide Grip",,"",1,"normal",70,8,,,
"upper 1","30 de jun. de 2025, 16:51","30 de jun. de 2025, 19:17","","Seated Cable Row - Bar Wide Grip",,"",2,"failure",75,6,,,
"upper 1","30 de jun. de 2025, 16:51","30 de jun. de 2025, 19:17","","Chest Fly (Machine)",,"",0,"warmup",93,3,,,
"upper 1","30 de jun. de 2025, 16:51","30 de jun. de 2025, 19:17","","Chest Fly (Machine)",,"",1,"normal",100,8,,,
"upper 1","30 de jun. de 2025, 16:51","30 de jun. de 2025, 19:17","","Chest Fly (Machine)",,"",2,"failure",107,5,,,
"upper 1","30 de jun. de 2025, 16:51","30 de jun. de 2025, 19:17","","Lateral Raise (Cable)",,"",0,"normal",15,20,,,
"upper 1","30 de jun. de 2025, 16:51","30 de jun. de 2025, 19:17","","Lateral Raise (Cable)",,"",1,"failure",20,16,,,
"upper 1","30 de jun. de 2025, 16:51","30 de jun. de 2025, 19:17","","Triceps Pushdown",,"",0,"warmup",60,3,,,
"upper 1","30 de jun. de 2025, 16:51","30 de jun. de 2025, 19:17","","Triceps Pushdown",,"",1,"normal",65,8,,,
"upper 1","30 de jun. de 2025, 16:51","30 de jun. de 2025, 19:17","","Triceps Pushdown",,"",2,"failure",70,6,,,
"upper 1","30 de jun. de 2025, 16:51","30 de jun. de 2025, 19:17","","Preacher Curl (Machine)",,"",0,"warmup",50,3,,,
"upper 1","30 de jun. de 2025, 16:51","30 de jun. de 2025, 19:17","","Preacher Curl (Machine)",,"",1,"normal",55,8,,,
"upper 1","30 de jun. de 2025, 16:51","30 de jun. de 2025, 19:17","","Preacher Curl (Machine)",,"",2,"failure",60,5,,,
"upper 1","30 de jun. de 2025, 16:51","30 de jun. de 2025, 19:17","","Behind the Back Wrist Curl (Barbell)",,"",0,"failure",70,15,,,
"upper 1","30 de jun. de 2025, 16:51","30 de jun. de 2025, 19:17","","Behind the Back Wrist Curl (Barbell)",,"",1,"failure",75,15,,,
"upper 1","30 de jun. de 2025, 16:51","30 de jun. de 2025, 19:17","","Crunch (Machine)",,"",0,"warmup",84,5,,,
"upper 1","30 de jun. de 2025, 16:51","30 de jun. de 2025, 19:17","","Crunch (Machine)",,"",1,"normal",90,10,,,
"upper 1","30 de jun. de 2025, 16:51","30 de jun. de 2025, 19:17","","Crunch (Machine)",,"",2,"failure",97,7,,,
"lower 2","27 de jun. de 2025, 16:43","27 de jun. de 2025, 17:53","","Single Leg Standing Calf Raise (Barbell)",,"",0,"normal",60,12,,,
"lower 2","27 de jun. de 2025, 16:43","27 de jun. de 2025, 17:53","","Single Leg Standing Calf Raise (Barbell)",,"",1,"normal",80,12,,,
"lower 2","27 de jun. de 2025, 16:43","27 de jun. de 2025, 17:53","","Single Leg Standing Calf Raise (Barbell)",,"",2,"normal",90,13,,,
"lower 2","27 de jun. de 2025, 16:43","27 de jun. de 2025, 17:53","","Straight Leg Deadlift",,"",0,"warmup",60,12,,,
"lower 2","27 de jun. de 2025, 16:43","27 de jun. de 2025, 17:53","","Straight Leg Deadlift",,"",1,"warmup",80,3,,,
"lower 2","27 de jun. de 2025, 16:43","27 de jun. de 2025, 17:53","","Straight Leg Deadlift",,"",2,"normal",100,6,,,
"lower 2","27 de jun. de 2025, 16:43","27 de jun. de 2025, 17:53","","Straight Leg Deadlift",,"",3,"failure",105,5,,,
"lower 2","27 de jun. de 2025, 16:43","27 de jun. de 2025, 17:53","","Leg Extension (Machine)",,"",0,"warmup",77,3,,,
"lower 2","27 de jun. de 2025, 16:43","27 de jun. de 2025, 17:53","","Leg Extension (Machine)",,"",1,"normal",84,12,,,
"lower 2","27 de jun. de 2025, 16:43","27 de jun. de 2025, 17:53","","Leg Extension (Machine)",,"",2,"failure",90,10,,,
"lower 2","27 de jun. de 2025, 16:43","27 de jun. de 2025, 17:53","","Lying Leg Curl (Machine)",,"",0,"warmup",45,5,,,
"lower 2","27 de jun. de 2025, 16:43","27 de jun. de 2025, 17:53","","Lying Leg Curl (Machine)",,"",1,"normal",50,10,,,
"lower 2","27 de jun. de 2025, 16:43","27 de jun. de 2025, 17:53","","Lying Leg Curl (Machine)",,"",2,"failure",51,6,,,
"upper 2","26 de jun. de 2025, 16:15","26 de jun. de 2025, 18:23","","Lat Pulldown (Cable)",,"",0,"warmup",36,12,,,
"upper 2","26 de jun. de 2025, 16:15","26 de jun. de 2025, 18:23","","Lat Pulldown (Cable)",,"",1,"warmup",70,5,,,
"upper 2","26 de jun. de 2025, 16:15","26 de jun. de 2025, 18:23","","Lat Pulldown (Cable)",,"",2,"warmup",75,3,,,
"upper 2","26 de jun. de 2025, 16:15","26 de jun. de 2025, 18:23","","Lat Pulldown (Cable)",,"",3,"normal",77,8,,,
"upper 2","26 de jun. de 2025, 16:15","26 de jun. de 2025, 18:23","","Lat Pulldown (Cable)",,"",4,"failure",82,6,,,
"upper 2","26 de jun. de 2025, 16:15","26 de jun. de 2025, 18:23","","Incline Bench Press (Dumbbell)",,"",0,"warmup",32,12,,,
"upper 2","26 de jun. de 2025, 16:15","26 de jun. de 2025, 18:23","","Incline Bench Press (Dumbbell)",,"",1,"warmup",60,5,,,
"upper 2","26 de jun. de 2025, 16:15","26 de jun. de 2025, 18:23","","Incline Bench Press (Dumbbell)",,"",2,"normal",64,8,,,
"upper 2","26 de jun. de 2025, 16:15","26 de jun. de 2025, 18:23","","Incline Bench Press (Dumbbell)",,"",3,"failure",68,5,,,
"upper 2","26 de jun. de 2025, 16:15","26 de jun. de 2025, 18:23","","Rear Delt Reverse Fly (Machine)",,"",0,"warmup",66,3,,,
"upper 2","26 de jun. de 2025, 16:15","26 de jun. de 2025, 18:23","","Rear Delt Reverse Fly (Machine)",,"",1,"normal",73,8,,,
"upper 2","26 de jun. de 2025, 16:15","26 de jun. de 2025, 18:23","","Rear Delt Reverse Fly (Machine)",,"",2,"failure",79,6,,,
"upper 2","26 de jun. de 2025, 16:15","26 de jun. de 2025, 18:23","","Chest Fly (Machine)",,"",0,"warmup",93,3,,,
"upper 2","26 de jun. de 2025, 16:15","26 de jun. de 2025, 18:23","","Chest Fly (Machine)",,"",1,"normal",100,8,,,
"upper 2","26 de jun. de 2025, 16:15","26 de jun. de 2025, 18:23","","Chest Fly (Machine)",,"",2,"failure",107,4,,,
"upper 2","26 de jun. de 2025, 16:15","26 de jun. de 2025, 18:23","","Seated Incline Curl (Dumbbell)",,"",0,"warmup",11,3,,,
"upper 2","26 de jun. de 2025, 16:15","26 de jun. de 2025, 18:23","","Seated Incline Curl (Dumbbell)",,"",1,"normal",16,10,,,
"upper 2","26 de jun. de 2025, 16:15","26 de jun. de 2025, 18:23","","Seated Incline Curl (Dumbbell)",,"",2,"failure",22,8,,,
"upper 2","26 de jun. de 2025, 16:15","26 de jun. de 2025, 18:23","","Triceps Extension (Cable)",,"",0,"warmup",40,3,,,
"upper 2","26 de jun. de 2025, 16:15","26 de jun. de 2025, 18:23","","Triceps Extension (Cable)",,"",1,"normal",45,6,,,
"upper 2","26 de jun. de 2025, 16:15","26 de jun. de 2025, 18:23","","Triceps Extension (Cable)",,"",2,"failure",50,7,,,
"upper 2","26 de jun. de 2025, 16:15","26 de jun. de 2025, 18:23","","Lateral Raise (Cable)",,"",0,"warmup",10,5,,,
"upper 2","26 de jun. de 2025, 16:15","26 de jun. de 2025, 18:23","","Lateral Raise (Cable)",,"",1,"normal",15,20,,,
"upper 2","26 de jun. de 2025, 16:15","26 de jun. de 2025, 18:23","","Lateral Raise (Cable)",,"",2,"failure",20,16,,,
"upper 2","26 de jun. de 2025, 16:15","26 de jun. de 2025, 18:23","","Behind the Back Wrist Curl (Barbell)",,"",0,"failure",70,15,,,
"upper 2","26 de jun. de 2025, 16:15","26 de jun. de 2025, 18:23","","Behind the Back Wrist Curl (Barbell)",,"",1,"failure",75,15,,,
"upper 2","26 de jun. de 2025, 16:15","26 de jun. de 2025, 18:23","","Crunch (Machine)",,"",0,"normal",84,12,,,
"upper 2","26 de jun. de 2025, 16:15","26 de jun. de 2025, 18:23","","Crunch (Machine)",,"",1,"normal",90,10,,,
"upper 2","26 de jun. de 2025, 16:15","26 de jun. de 2025, 18:23","","Crunch (Machine)",,"",2,"normal",97,6,,,
"lower 1","24 de jun. de 2025, 13:36","24 de jun. de 2025, 14:52","","Single Leg Standing Calf Raise (Barbell)",,"",0,"normal",60,12,,,
"lower 1","24 de jun. de 2025, 13:36","24 de jun. de 2025, 14:52","","Single Leg Standing Calf Raise (Barbell)",,"",1,"normal",80,12,,,
"lower 1","24 de jun. de 2025, 13:36","24 de jun. de 2025, 14:52","","Single Leg Standing Calf Raise (Barbell)",,"",2,"normal",90,13,,,
"lower 1","24 de jun. de 2025, 13:36","24 de jun. de 2025, 14:52","","Squat (Barbell)",,"",0,"warmup",50,12,,,
"lower 1","24 de jun. de 2025, 13:36","24 de jun. de 2025, 14:52","","Squat (Barbell)",,"",1,"warmup",80,5,,,
"lower 1","24 de jun. de 2025, 13:36","24 de jun. de 2025, 14:52","","Squat (Barbell)",,"",2,"warmup",90,3,,,
"lower 1","24 de jun. de 2025, 13:36","24 de jun. de 2025, 14:52","","Squat (Barbell)",,"",3,"normal",100,5,,,
"lower 1","24 de jun. de 2025, 13:36","24 de jun. de 2025, 14:52","","Squat (Barbell)",,"",4,"failure",110,6,,,
"lower 1","24 de jun. de 2025, 13:36","24 de jun. de 2025, 14:52","","Seated Leg Curl (Machine)",,"",0,"warmup",77,5,,,
"lower 1","24 de jun. de 2025, 13:36","24 de jun. de 2025, 14:52","","Seated Leg Curl (Machine)",,"",1,"normal",84,10,,,
"lower 1","24 de jun. de 2025, 13:36","24 de jun. de 2025, 14:52","","Seated Leg Curl (Machine)",,"",2,"failure",89,6,,,
"lower 1","24 de jun. de 2025, 13:36","24 de jun. de 2025, 14:52","","Leg Extension (Machine)",,"",0,"warmup",77,3,,,
"lower 1","24 de jun. de 2025, 13:36","24 de jun. de 2025, 14:52","","Leg Extension (Machine)",,"",1,"normal",84,12,,,
"lower 1","24 de jun. de 2025, 13:36","24 de jun. de 2025, 14:52","","Leg Extension (Machine)",,"",2,"failure",90,10,,,
"lower 1","24 de jun. de 2025, 13:36","24 de jun. de 2025, 14:52","","Leg Extension (Machine)",,"",3,"failure",95,5,,,
"upper 1","16 de jun. de 2025, 16:02","16 de jun. de 2025, 18:20","","Bench Press (Dumbbell)",,"",0,"warmup",32,12,,,
"upper 1","16 de jun. de 2025, 16:02","16 de jun. de 2025, 18:20","","Bench Press (Dumbbell)",,"",1,"warmup",56,5,,,
"upper 1","16 de jun. de 2025, 16:02","16 de jun. de 2025, 18:20","","Bench Press (Dumbbell)",,"",2,"warmup",60,3,,,
"upper 1","16 de jun. de 2025, 16:02","16 de jun. de 2025, 18:20","","Bench Press (Dumbbell)",,"",3,"normal",64,8,,,
"upper 1","16 de jun. de 2025, 16:02","16 de jun. de 2025, 18:20","","Bench Press (Dumbbell)",,"",4,"failure",68,6,,,
"upper 1","16 de jun. de 2025, 16:02","16 de jun. de 2025, 18:20","","Lat Pulldown - Close Grip (Cable)",,"",0,"warmup",41,12,,,
"upper 1","16 de jun. de 2025, 16:02","16 de jun. de 2025, 18:20","","Lat Pulldown - Close Grip (Cable)",,"",1,"warmup",57,5,,,
"upper 1","16 de jun. de 2025, 16:02","16 de jun. de 2025, 18:20","","Lat Pulldown - Close Grip (Cable)",,"",2,"warmup",63,3,,,
"upper 1","16 de jun. de 2025, 16:02","16 de jun. de 2025, 18:20","","Lat Pulldown - Close Grip (Cable)",,"",3,"normal",70,8,,,
"upper 1","16 de jun. de 2025, 16:02","16 de jun. de 2025, 18:20","","Lat Pulldown - Close Grip (Cable)",,"",4,"failure",75,6,,,
"upper 1","16 de jun. de 2025, 16:02","16 de jun. de 2025, 18:20","","Chest Fly (Machine)",,"",0,"warmup",93,3,,,
"upper 1","16 de jun. de 2025, 16:02","16 de jun. de 2025, 18:20","","Chest Fly (Machine)",,"",1,"normal",100,8,,,
"upper 1","16 de jun. de 2025, 16:02","16 de jun. de 2025, 18:20","","Chest Fly (Machine)",,"",2,"failure",107,4,,,
"upper 1","16 de jun. de 2025, 16:02","16 de jun. de 2025, 18:20","","Seated Cable Row - Bar Wide Grip",,"",0,"warmup",57,3,,,
"upper 1","16 de jun. de 2025, 16:02","16 de jun. de 2025, 18:20","","Seated Cable Row - Bar Wide Grip",,"",1,"normal",70,8,,,
"upper 1","16 de jun. de 2025, 16:02","16 de jun. de 2025, 18:20","","Seated Cable Row - Bar Wide Grip",,"",2,"failure",75,6,,,
"upper 1","16 de jun. de 2025, 16:02","16 de jun. de 2025, 18:20","","Lateral Raise (Cable)",,"",0,"normal",15,20,,,
"upper 1","16 de jun. de 2025, 16:02","16 de jun. de 2025, 18:20","","Lateral Raise (Cable)",,"",1,"failure",20,16,,,
"upper 1","16 de jun. de 2025, 16:02","16 de jun. de 2025, 18:20","","Triceps Pushdown",,"",0,"warmup",60,3,,,
"upper 1","16 de jun. de 2025, 16:02","16 de jun. de 2025, 18:20","","Triceps Pushdown",,"",1,"normal",65,8,,,
"upper 1","16 de jun. de 2025, 16:02","16 de jun. de 2025, 18:20","","Triceps Pushdown",,"",2,"failure",70,5,,,
"upper 1","16 de jun. de 2025, 16:02","16 de jun. de 2025, 18:20","","Preacher Curl (Machine)",,"",0,"warmup",55,3,,,
"upper 1","16 de jun. de 2025, 16:02","16 de jun. de 2025, 18:20","","Preacher Curl (Machine)",,"",1,"normal",55,8,,,
"upper 1","16 de jun. de 2025, 16:02","16 de jun. de 2025, 18:20","","Preacher Curl (Machine)",,"",2,"failure",60,5,,,
"upper 1","16 de jun. de 2025, 16:02","16 de jun. de 2025, 18:20","","Behind the Back Wrist Curl (Barbell)",,"",0,"failure",70,15,,,
"upper 1","16 de jun. de 2025, 16:02","16 de jun. de 2025, 18:20","","Behind the Back Wrist Curl (Barbell)",,"",1,"failure",75,15,,,
"upper 1","16 de jun. de 2025, 16:02","16 de jun. de 2025, 18:20","","Crunch (Machine)",,"",0,"warmup",84,5,,,
"upper 1","16 de jun. de 2025, 16:02","16 de jun. de 2025, 18:20","","Crunch (Machine)",,"",1,"normal",90,10,,,
"upper 1","16 de jun. de 2025, 16:02","16 de jun. de 2025, 18:20","","Crunch (Machine)",,"",2,"failure",97,7,,,
"costas","11 de jun. de 2025, 16:05","11 de jun. de 2025, 17:26","","Lat Pulldown (Cable)",,"",0,"warmup",36,12,,,
"costas","11 de jun. de 2025, 16:05","11 de jun. de 2025, 17:26","","Lat Pulldown (Cable)",,"",1,"warmup",70,5,,,
"costas","11 de jun. de 2025, 16:05","11 de jun. de 2025, 17:26","","Lat Pulldown (Cable)",,"",2,"warmup",77,3,,,
"costas","11 de jun. de 2025, 16:05","11 de jun. de 2025, 17:26","","Lat Pulldown (Cable)",,"",3,"failure",82,6,,,
"costas","11 de jun. de 2025, 16:05","11 de jun. de 2025, 17:26","","Seated Cable Row - V Grip (Cable)",,"",0,"warmup",70,3,,,
"costas","11 de jun. de 2025, 16:05","11 de jun. de 2025, 17:26","","Seated Cable Row - V Grip (Cable)",,"",1,"failure",75,9,,,
"costas","11 de jun. de 2025, 16:05","11 de jun. de 2025, 17:26","","Chest Supported Incline Row (Dumbbell)",,"",0,"warmup",80,3,,,
"costas","11 de jun. de 2025, 16:05","11 de jun. de 2025, 17:26","","Chest Supported Incline Row (Dumbbell)",,"",1,"failure",84,8,,,
"costas","11 de jun. de 2025, 16:05","11 de jun. de 2025, 17:26","","Rear Delt Reverse Fly (Machine)",,"",0,"warmup",66,3,,,
"costas","11 de jun. de 2025, 16:05","11 de jun. de 2025, 17:26","","Rear Delt Reverse Fly (Machine)",,"",1,"failure",73,8,,,
"costas","11 de jun. de 2025, 16:05","11 de jun. de 2025, 17:26","","Preacher Curl (Machine)",,"",0,"warmup",55,3,,,
"costas","11 de jun. de 2025, 16:05","11 de jun. de 2025, 17:26","","Preacher Curl (Machine)",,"",1,"failure",60,6,,,
"costas","11 de jun. de 2025, 16:05","11 de jun. de 2025, 17:26","","Seated Incline Curl (Dumbbell)",,"",0,"warmup",20,3,,,
"costas","11 de jun. de 2025, 16:05","11 de jun. de 2025, 17:26","","Seated Incline Curl (Dumbbell)",,"",1,"failure",25,7,,,
"costas","11 de jun. de 2025, 16:05","11 de jun. de 2025, 17:26","","Behind the Back Wrist Curl (Barbell)",,"",0,"failure",75,15,,,
"peito","10 de jun. de 2025, 15:41","10 de jun. de 2025, 17:12","","Incline Bench Press (Dumbbell)",,"",0,"warmup",32,12,,,
"peito","10 de jun. de 2025, 15:41","10 de jun. de 2025, 17:12","","Incline Bench Press (Dumbbell)",,"",1,"warmup",60,5,,,
"peito","10 de jun. de 2025, 15:41","10 de jun. de 2025, 17:12","","Incline Bench Press (Dumbbell)",,"",2,"warmup",64,3,,,
"peito","10 de jun. de 2025, 15:41","10 de jun. de 2025, 17:12","","Incline Bench Press (Dumbbell)",,"",3,"failure",68,6,,,
"peito","10 de jun. de 2025, 15:41","10 de jun. de 2025, 17:12","","Chest Fly (Machine)",,"",0,"warmup",100,3,,,
"peito","10 de jun. de 2025, 15:41","10 de jun. de 2025, 17:12","","Chest Fly (Machine)",,"",1,"failure",107,6,,,
"peito","10 de jun. de 2025, 15:41","10 de jun. de 2025, 17:12","","Chest Dip (Weighted)",,"",0,"normal",104,12,,,
"peito","10 de jun. de 2025, 15:41","10 de jun. de 2025, 17:12","","Chest Dip (Weighted)",,"",1,"failure",104,10,,,
"peito","10 de jun. de 2025, 15:41","10 de jun. de 2025, 17:12","","Shoulder Press (Dumbbell)",,"",0,"warmup",44,3,,,
"peito","10 de jun. de 2025, 15:41","10 de jun. de 2025, 17:12","","Shoulder Press (Dumbbell)",,"",1,"failure",48,6,,,
"peito","10 de jun. de 2025, 15:41","10 de jun. de 2025, 17:12","","Lateral Raise (Cable)",,"",0,"warmup",15,5,,,
"peito","10 de jun. de 2025, 15:41","10 de jun. de 2025, 17:12","","Lateral Raise (Cable)",,"",1,"failure",20,7,,,
"peito","10 de jun. de 2025, 15:41","10 de jun. de 2025, 17:12","","Lateral Raise (Cable)",,"",2,"failure",20,8,,,
"peito","10 de jun. de 2025, 15:41","10 de jun. de 2025, 17:12","","Triceps Extension (Cable)",,"",0,"warmup",40,3,,,
"peito","10 de jun. de 2025, 15:41","10 de jun. de 2025, 17:12","","Triceps Extension (Cable)",,"",1,"failure",45,6,,,
"costas","2 de jun. de 2025, 15:32","2 de jun. de 2025, 16:39","","Lat Pulldown (Cable)",,"",0,"warmup",36,12,,,
"costas","2 de jun. de 2025, 15:32","2 de jun. de 2025, 16:39","","Lat Pulldown (Cable)",,"",1,"warmup",70,5,,,
"costas","2 de jun. de 2025, 15:32","2 de jun. de 2025, 16:39","","Lat Pulldown (Cable)",,"",2,"warmup",77,3,,,
"costas","2 de jun. de 2025, 15:32","2 de jun. de 2025, 16:39","","Lat Pulldown (Cable)",,"",3,"failure",82,6,,,
"costas","2 de jun. de 2025, 15:32","2 de jun. de 2025, 16:39","","Seated Cable Row - V Grip (Cable)",,"",0,"warmup",70,3,,,
"costas","2 de jun. de 2025, 15:32","2 de jun. de 2025, 16:39","","Seated Cable Row - V Grip (Cable)",,"",1,"failure",75,7,,,
"costas","2 de jun. de 2025, 15:32","2 de jun. de 2025, 16:39","","Chest Supported Incline Row (Dumbbell)",,"",0,"warmup",80,3,,,
"costas","2 de jun. de 2025, 15:32","2 de jun. de 2025, 16:39","","Chest Supported Incline Row (Dumbbell)",,"",1,"failure",84,8,,,
"costas","2 de jun. de 2025, 15:32","2 de jun. de 2025, 16:39","","Rear Delt Reverse Fly (Machine)",,"",0,"warmup",66,3,,,
"costas","2 de jun. de 2025, 15:32","2 de jun. de 2025, 16:39","","Rear Delt Reverse Fly (Machine)",,"",1,"failure",73,7,,,
"costas","2 de jun. de 2025, 15:32","2 de jun. de 2025, 16:39","","Preacher Curl (Machine)",,"",0,"warmup",55,3,,,
"costas","2 de jun. de 2025, 15:32","2 de jun. de 2025, 16:39","","Preacher Curl (Machine)",,"",1,"failure",60,7,,,
"costas","2 de jun. de 2025, 15:32","2 de jun. de 2025, 16:39","","Seated Incline Curl (Dumbbell)",,"",0,"warmup",20,3,,,
"costas","2 de jun. de 2025, 15:32","2 de jun. de 2025, 16:39","","Seated Incline Curl (Dumbbell)",,"",1,"failure",25,7,,,
"costas","2 de jun. de 2025, 15:32","2 de jun. de 2025, 16:39","","Behind the Back Wrist Curl (Barbell)",,"",0,"failure",75,15,,,
"peito","20 de mai. de 2025, 16:31","20 de mai. de 2025, 17:54","","Crunch (Machine)",,"",0,"normal",90,12,,,
"peito","20 de mai. de 2025, 16:31","20 de mai. de 2025, 17:54","","Crunch (Machine)",,"",1,"failure",97,6,,,
"peito","20 de mai. de 2025, 16:31","20 de mai. de 2025, 17:54","","Incline Bench Press (Dumbbell)",,"",0,"warmup",32,12,,,
"peito","20 de mai. de 2025, 16:31","20 de mai. de 2025, 17:54","","Incline Bench Press (Dumbbell)",,"",1,"warmup",60,5,,,
"peito","20 de mai. de 2025, 16:31","20 de mai. de 2025, 17:54","","Incline Bench Press (Dumbbell)",,"",2,"warmup",64,2,,,
"peito","20 de mai. de 2025, 16:31","20 de mai. de 2025, 17:54","","Incline Bench Press (Dumbbell)",,"",3,"failure",68,5,,,
"peito","20 de mai. de 2025, 16:31","20 de mai. de 2025, 17:54","","Chest Fly (Machine)",,"",0,"warmup",100,3,,,
"peito","20 de mai. de 2025, 16:31","20 de mai. de 2025, 17:54","","Chest Fly (Machine)",,"",1,"failure",107,7,,,
"peito","20 de mai. de 2025, 16:31","20 de mai. de 2025, 17:54","","Chest Dip (Weighted)",,"",0,"normal",104,12,,,
"peito","20 de mai. de 2025, 16:31","20 de mai. de 2025, 17:54","","Chest Dip (Weighted)",,"",1,"failure",104,10,,,
"peito","20 de mai. de 2025, 16:31","20 de mai. de 2025, 17:54","","Shoulder Press (Dumbbell)",,"",0,"warmup",44,3,,,
"peito","20 de mai. de 2025, 16:31","20 de mai. de 2025, 17:54","","Shoulder Press (Dumbbell)",,"",1,"failure",48,6,,,
"peito","20 de mai. de 2025, 16:31","20 de mai. de 2025, 17:54","","Lateral Raise (Cable)",,"",0,"warmup",20,2,,,
"peito","20 de mai. de 2025, 16:31","20 de mai. de 2025, 17:54","","Lateral Raise (Cable)",,"",1,"failure",20,8,,,
"peito","20 de mai. de 2025, 16:31","20 de mai. de 2025, 17:54","","Triceps Extension (Cable)",,"",0,"warmup",40,3,,,
"peito","20 de mai. de 2025, 16:31","20 de mai. de 2025, 17:54","","Triceps Extension (Cable)",,"",1,"failure",45,7,,,
"costas","19 de mai. de 2025, 17:15","19 de mai. de 2025, 18:14","","Lat Pulldown (Cable)",,"",0,"warmup",36,12,,,
"costas","19 de mai. de 2025, 17:15","19 de mai. de 2025, 18:14","","Lat Pulldown (Cable)",,"",1,"warmup",70,5,,,
"costas","19 de mai. de 2025, 17:15","19 de mai. de 2025, 18:14","","Lat Pulldown (Cable)",,"",2,"warmup",77,3,,,
"costas","19 de mai. de 2025, 17:15","19 de mai. de 2025, 18:14","","Lat Pulldown (Cable)",,"",3,"failure",82,6,,,
"costas","19 de mai. de 2025, 17:15","19 de mai. de 2025, 18:14","","Seated Cable Row - V Grip (Cable)",,"",0,"warmup",70,2,,,
"costas","19 de mai. de 2025, 17:15","19 de mai. de 2025, 18:14","","Seated Cable Row - V Grip (Cable)",,"",1,"failure",75,9,,,
"costas","19 de mai. de 2025, 17:15","19 de mai. de 2025, 18:14","","Chest Supported Incline Row (Dumbbell)",,"",0,"warmup",80,3,,,
"costas","19 de mai. de 2025, 17:15","19 de mai. de 2025, 18:14","","Chest Supported Incline Row (Dumbbell)",,"",1,"failure",84,8,,,
"costas","19 de mai. de 2025, 17:15","19 de mai. de 2025, 18:14","","Rear Delt Reverse Fly (Machine)",,"",0,"warmup",66,3,,,
"costas","19 de mai. de 2025, 17:15","19 de mai. de 2025, 18:14","","Rear Delt Reverse Fly (Machine)",,"",1,"failure",73,8,,,
"costas","19 de mai. de 2025, 17:15","19 de mai. de 2025, 18:14","","Preacher Curl (Machine)",,"",0,"warmup",55,3,,,
"costas","19 de mai. de 2025, 17:15","19 de mai. de 2025, 18:14","","Preacher Curl (Machine)",,"",1,"failure",60,7,,,
"costas","19 de mai. de 2025, 17:15","19 de mai. de 2025, 18:14","","Seated Incline Curl (Dumbbell)",,"",0,"warmup",20,3,,,
"costas","19 de mai. de 2025, 17:15","19 de mai. de 2025, 18:14","","Seated Incline Curl (Dumbbell)",,"",1,"failure",25,7,,,
"costas","19 de mai. de 2025, 17:15","19 de mai. de 2025, 18:14","","Behind the Back Wrist Curl (Barbell)",,"",0,"failure",75,15,,,
"costas","7 de mai. de 2025, 15:33","7 de mai. de 2025, 16:37","","Lat Pulldown (Cable)",,"",0,"warmup",36,12,,,
"costas","7 de mai. de 2025, 15:33","7 de mai. de 2025, 16:37","","Lat Pulldown (Cable)",,"",1,"warmup",70,5,,,
"costas","7 de mai. de 2025, 15:33","7 de mai. de 2025, 16:37","","Lat Pulldown (Cable)",,"",2,"warmup",77,3,,,
"costas","7 de mai. de 2025, 15:33","7 de mai. de 2025, 16:37","","Lat Pulldown (Cable)",,"",3,"failure",82,6,,,
"costas","7 de mai. de 2025, 15:33","7 de mai. de 2025, 16:37","","Seated Cable Row - V Grip (Cable)",,"",0,"warmup",70,2,,,
"costas","7 de mai. de 2025, 15:33","7 de mai. de 2025, 16:37","","Seated Cable Row - V Grip (Cable)",,"",1,"failure",75,8,,,
"costas","7 de mai. de 2025, 15:33","7 de mai. de 2025, 16:37","","Chest Supported Incline Row (Dumbbell)",,"",0,"warmup",80,3,,,
"costas","7 de mai. de 2025, 15:33","7 de mai. de 2025, 16:37","","Chest Supported Incline Row (Dumbbell)",,"",1,"failure",84,7,,,
"costas","7 de mai. de 2025, 15:33","7 de mai. de 2025, 16:37","","Rear Delt Reverse Fly (Machine)",,"",0,"warmup",66,3,,,
"costas","7 de mai. de 2025, 15:33","7 de mai. de 2025, 16:37","","Rear Delt Reverse Fly (Machine)",,"",1,"failure",73,8,,,
"costas","7 de mai. de 2025, 15:33","7 de mai. de 2025, 16:37","","Preacher Curl (Machine)",,"",0,"warmup",55,3,,,
"costas","7 de mai. de 2025, 15:33","7 de mai. de 2025, 16:37","","Preacher Curl (Machine)",,"",1,"failure",60,6,,,
"costas","7 de mai. de 2025, 15:33","7 de mai. de 2025, 16:37","","Seated Incline Curl (Dumbbell)",,"",0,"warmup",20,3,,,
"costas","7 de mai. de 2025, 15:33","7 de mai. de 2025, 16:37","","Seated Incline Curl (Dumbbell)",,"",1,"failure",25,9,,,
"costas","7 de mai. de 2025, 15:33","7 de mai. de 2025, 16:37","","Behind the Back Wrist Curl (Barbell)",,"",0,"failure",75,15,,,
"peito","5 de mai. de 2025, 15:23","5 de mai. de 2025, 16:50","","Crunch (Machine)",,"",0,"normal",90,12,,,
"peito","5 de mai. de 2025, 15:23","5 de mai. de 2025, 16:50","","Crunch (Machine)",,"",1,"failure",97,6,,,
"peito","5 de mai. de 2025, 15:23","5 de mai. de 2025, 16:50","","Incline Bench Press (Dumbbell)",,"",0,"warmup",32,12,,,
"peito","5 de mai. de 2025, 15:23","5 de mai. de 2025, 16:50","","Incline Bench Press (Dumbbell)",,"",1,"warmup",56,5,,,
"peito","5 de mai. de 2025, 15:23","5 de mai. de 2025, 16:50","","Incline Bench Press (Dumbbell)",,"",2,"warmup",60,3,,,
"peito","5 de mai. de 2025, 15:23","5 de mai. de 2025, 16:50","","Incline Bench Press (Dumbbell)",,"",3,"failure",64,8,,,
"peito","5 de mai. de 2025, 15:23","5 de mai. de 2025, 16:50","","Chest Fly (Machine)",,"",0,"warmup",100,3,,,
"peito","5 de mai. de 2025, 15:23","5 de mai. de 2025, 16:50","","Chest Fly (Machine)",,"",1,"failure",107,7,,,
"peito","5 de mai. de 2025, 15:23","5 de mai. de 2025, 16:50","","Chest Dip (Weighted)",,"",0,"normal",104,12,,,
"peito","5 de mai. de 2025, 15:23","5 de mai. de 2025, 16:50","","Chest Dip (Weighted)",,"",1,"failure",104,13,,,
"peito","5 de mai. de 2025, 15:23","5 de mai. de 2025, 16:50","","Shoulder Press (Dumbbell)",,"",0,"warmup",44,3,,,
"peito","5 de mai. de 2025, 15:23","5 de mai. de 2025, 16:50","","Shoulder Press (Dumbbell)",,"",1,"failure",48,6,,,
"peito","5 de mai. de 2025, 15:23","5 de mai. de 2025, 16:50","","Lateral Raise (Cable)",,"",0,"failure",20,8,,,
"peito","5 de mai. de 2025, 15:23","5 de mai. de 2025, 16:50","","Triceps Extension (Cable)",,"",0,"failure",45,7,,,
"costas","2 de mai. de 2025, 16:23","2 de mai. de 2025, 17:30","","Lat Pulldown (Cable)",,"",0,"warmup",36,12,,,
"costas","2 de mai. de 2025, 16:23","2 de mai. de 2025, 17:30","","Lat Pulldown (Cable)",,"",1,"warmup",70,5,,,
"costas","2 de mai. de 2025, 16:23","2 de mai. de 2025, 17:30","","Lat Pulldown (Cable)",,"",2,"warmup",75,3,,,
"costas","2 de mai. de 2025, 16:23","2 de mai. de 2025, 17:30","","Lat Pulldown (Cable)",,"",3,"failure",77,7,,,
"costas","2 de mai. de 2025, 16:23","2 de mai. de 2025, 17:30","","Seated Cable Row - V Grip (Cable)",,"",0,"warmup",70,2,,,
"costas","2 de mai. de 2025, 16:23","2 de mai. de 2025, 17:30","","Seated Cable Row - V Grip (Cable)",,"",1,"failure",75,8,,,
"costas","2 de mai. de 2025, 16:23","2 de mai. de 2025, 17:30","","Chest Supported Incline Row (Dumbbell)",,"",0,"warmup",80,3,,,
"costas","2 de mai. de 2025, 16:23","2 de mai. de 2025, 17:30","","Chest Supported Incline Row (Dumbbell)",,"",1,"failure",84,7,,,
"costas","2 de mai. de 2025, 16:23","2 de mai. de 2025, 17:30","","Rear Delt Reverse Fly (Machine)",,"",0,"warmup",66,3,,,
"costas","2 de mai. de 2025, 16:23","2 de mai. de 2025, 17:30","","Rear Delt Reverse Fly (Machine)",,"",1,"failure",73,7,,,
"costas","2 de mai. de 2025, 16:23","2 de mai. de 2025, 17:30","","Preacher Curl (Machine)",,"",0,"warmup",55,3,,,
"costas","2 de mai. de 2025, 16:23","2 de mai. de 2025, 17:30","","Preacher Curl (Machine)",,"",1,"failure",60,6,,,
"costas","2 de mai. de 2025, 16:23","2 de mai. de 2025, 17:30","","Seated Incline Curl (Dumbbell)",,"",0,"failure",20,10,,,
"costas","2 de mai. de 2025, 16:23","2 de mai. de 2025, 17:30","","Behind the Back Wrist Curl (Barbell)",,"",0,"failure",75,13,,,
"peito","30 de abr. de 2025, 16:09","30 de abr. de 2025, 17:26","","Crunch (Machine)",,"",0,"normal",90,12,,,
"peito","30 de abr. de 2025, 16:09","30 de abr. de 2025, 17:26","","Crunch (Machine)",,"",1,"normal",97,8,,,
"peito","30 de abr. de 2025, 16:09","30 de abr. de 2025, 17:26","","Crunch (Machine)",,"",2,"normal",104,4,,,
"peito","30 de abr. de 2025, 16:09","30 de abr. de 2025, 17:26","","Incline Bench Press (Dumbbell)",,"",0,"warmup",44,12,,,
"peito","30 de abr. de 2025, 16:09","30 de abr. de 2025, 17:26","","Incline Bench Press (Dumbbell)",,"",1,"warmup",56,5,,,
"peito","30 de abr. de 2025, 16:09","30 de abr. de 2025, 17:26","","Incline Bench Press (Dumbbell)",,"",2,"warmup",60,3,,,
"peito","30 de abr. de 2025, 16:09","30 de abr. de 2025, 17:26","","Incline Bench Press (Dumbbell)",,"",3,"failure",64,8,,,
"peito","30 de abr. de 2025, 16:09","30 de abr. de 2025, 17:26","","Chest Fly (Machine)",,"",0,"warmup",100,3,,,
"peito","30 de abr. de 2025, 16:09","30 de abr. de 2025, 17:26","","Chest Fly (Machine)",,"",1,"failure",107,4,,,
"peito","30 de abr. de 2025, 16:09","30 de abr. de 2025, 17:26","","Chest Dip (Weighted)",,"",0,"normal",104,12,,,
"peito","30 de abr. de 2025, 16:09","30 de abr. de 2025, 17:26","","Chest Dip (Weighted)",,"",1,"failure",104,8,,,
"peito","30 de abr. de 2025, 16:09","30 de abr. de 2025, 17:26","","Shoulder Press (Dumbbell)",,"",0,"warmup",40,3,,,
"peito","30 de abr. de 2025, 16:09","30 de abr. de 2025, 17:26","","Shoulder Press (Dumbbell)",,"",1,"failure",44,8,,,
"peito","30 de abr. de 2025, 16:09","30 de abr. de 2025, 17:26","","Lateral Raise (Cable)",,"",0,"failure",20,8,,,
"peito","30 de abr. de 2025, 16:09","30 de abr. de 2025, 17:26","","Triceps Extension (Cable)",,"",0,"failure",45,6,,,
"costas","28 de abr. de 2025, 15:33","28 de abr. de 2025, 16:41","","Lat Pulldown (Cable)",,"",0,"warmup",50,12,,,
"costas","28 de abr. de 2025, 15:33","28 de abr. de 2025, 16:41","","Lat Pulldown (Cable)",,"",1,"warmup",63,5,,,
"costas","28 de abr. de 2025, 15:33","28 de abr. de 2025, 16:41","","Lat Pulldown (Cable)",,"",2,"warmup",70,3,,,
"costas","28 de abr. de 2025, 15:33","28 de abr. de 2025, 16:41","","Lat Pulldown (Cable)",,"",3,"failure",75,8,,,
"costas","28 de abr. de 2025, 15:33","28 de abr. de 2025, 16:41","","Seated Cable Row - V Grip (Cable)",,"",0,"failure",75,7,,,
"costas","28 de abr. de 2025, 15:33","28 de abr. de 2025, 16:41","","Chest Supported Incline Row (Dumbbell)",,"",0,"warmup",80,3,,,
"costas","28 de abr. de 2025, 15:33","28 de abr. de 2025, 16:41","","Chest Supported Incline Row (Dumbbell)",,"",1,"failure",84,6,,,
"costas","28 de abr. de 2025, 15:33","28 de abr. de 2025, 16:41","","Rear Delt Reverse Fly (Machine)",,"",0,"warmup",66,3,,,
"costas","28 de abr. de 2025, 15:33","28 de abr. de 2025, 16:41","","Rear Delt Reverse Fly (Machine)",,"",1,"failure",73,6,,,
"costas","28 de abr. de 2025, 15:33","28 de abr. de 2025, 16:41","","Preacher Curl (Machine)",,"",0,"warmup",55,3,,,
"costas","28 de abr. de 2025, 15:33","28 de abr. de 2025, 16:41","","Preacher Curl (Machine)",,"",1,"failure",60,5,,,
"costas","28 de abr. de 2025, 15:33","28 de abr. de 2025, 16:41","","Seated Incline Curl (Dumbbell)",,"",0,"failure",20,7,,,
"costas","28 de abr. de 2025, 15:33","28 de abr. de 2025, 16:41","","Behind the Back Wrist Curl (Barbell)",,"",0,"failure",75,12,,,
"peito","26 de abr. de 2025, 15:24","26 de abr. de 2025, 16:52","","Crunch (Machine)",,"",0,"normal",90,12,,,
"peito","26 de abr. de 2025, 15:24","26 de abr. de 2025, 16:52","","Crunch (Machine)",,"",1,"normal",97,10,,,
"peito","26 de abr. de 2025, 15:24","26 de abr. de 2025, 16:52","","Crunch (Machine)",,"",2,"normal",104,8,,,
"peito","26 de abr. de 2025, 15:24","26 de abr. de 2025, 16:52","","Incline Bench Press (Dumbbell)",,"",0,"warmup",44,12,,,
"peito","26 de abr. de 2025, 15:24","26 de abr. de 2025, 16:52","","Incline Bench Press (Dumbbell)",,"",1,"warmup",56,5,,,
"peito","26 de abr. de 2025, 15:24","26 de abr. de 2025, 16:52","","Incline Bench Press (Dumbbell)",,"",2,"warmup",60,3,,,
"peito","26 de abr. de 2025, 15:24","26 de abr. de 2025, 16:52","","Incline Bench Press (Dumbbell)",,"",3,"failure",64,7,,,
"peito","26 de abr. de 2025, 15:24","26 de abr. de 2025, 16:52","","Chest Fly (Machine)",,"",0,"warmup",93,3,,,
"peito","26 de abr. de 2025, 15:24","26 de abr. de 2025, 16:52","","Chest Fly (Machine)",,"",1,"failure",100,7,,,
"peito","26 de abr. de 2025, 15:24","26 de abr. de 2025, 16:52","","Chest Dip (Weighted)",,"",0,"normal",104,12,,,
"peito","26 de abr. de 2025, 15:24","26 de abr. de 2025, 16:52","","Chest Dip (Weighted)",,"",1,"failure",104,8,,,
"peito","26 de abr. de 2025, 15:24","26 de abr. de 2025, 16:52","","Shoulder Press (Dumbbell)",,"",0,"warmup",40,3,,,
"peito","26 de abr. de 2025, 15:24","26 de abr. de 2025, 16:52","","Shoulder Press (Dumbbell)",,"",1,"failure",44,8,,,
"peito","26 de abr. de 2025, 15:24","26 de abr. de 2025, 16:52","","Lateral Raise (Cable)",,"",0,"failure",15,10,,,
"peito","26 de abr. de 2025, 15:24","26 de abr. de 2025, 16:52","","Lateral Raise (Cable)",,"",1,"failure",20,8,,,
"peito","26 de abr. de 2025, 15:24","26 de abr. de 2025, 16:52","","Triceps Extension (Cable)",,"",0,"failure",45,6,,,
"costas","23 de abr. de 2025, 15:27","23 de abr. de 2025, 16:26","","Lat Pulldown (Cable)",,"",0,"warmup",50,12,,,
"costas","23 de abr. de 2025, 15:27","23 de abr. de 2025, 16:26","","Lat Pulldown (Cable)",,"",1,"warmup",57,5,,,
"costas","23 de abr. de 2025, 15:27","23 de abr. de 2025, 16:26","","Lat Pulldown (Cable)",,"",2,"warmup",63,3,,,
"costas","23 de abr. de 2025, 15:27","23 de abr. de 2025, 16:26","","Lat Pulldown (Cable)",,"",3,"normal",70,8,,,
"costas","23 de abr. de 2025, 15:27","23 de abr. de 2025, 16:26","","Lat Pulldown (Cable)",,"",4,"failure",75,6,,,
"costas","23 de abr. de 2025, 15:27","23 de abr. de 2025, 16:26","","Seated Cable Row - V Grip (Cable)",,"",0,"failure",75,7,,,
"costas","23 de abr. de 2025, 15:27","23 de abr. de 2025, 16:26","","Chest Supported Incline Row (Dumbbell)",,"",0,"warmup",80,5,,,
"costas","23 de abr. de 2025, 15:27","23 de abr. de 2025, 16:26","","Chest Supported Incline Row (Dumbbell)",,"",1,"failure",84,6,,,
"costas","23 de abr. de 2025, 15:27","23 de abr. de 2025, 16:26","","Rear Delt Reverse Fly (Machine)",,"",0,"failure",73,5,,,
"costas","23 de abr. de 2025, 15:27","23 de abr. de 2025, 16:26","","Preacher Curl (Machine)",,"",0,"warmup",55,3,,,
"costas","23 de abr. de 2025, 15:27","23 de abr. de 2025, 16:26","","Preacher Curl (Machine)",,"",1,"failure",60,4,,,
"costas","23 de abr. de 2025, 15:27","23 de abr. de 2025, 16:26","","Seated Incline Curl (Dumbbell)",,"",0,"failure",15,10,,,
"costas","23 de abr. de 2025, 15:27","23 de abr. de 2025, 16:26","","Behind the Back Wrist Curl (Barbell)",,"",0,"failure",75,12,,,
"peito","22 de abr. de 2025, 16:44","22 de abr. de 2025, 17:54","","Incline Bench Press (Dumbbell)",,"",0,"warmup",44,12,,,
"peito","22 de abr. de 2025, 16:44","22 de abr. de 2025, 17:54","","Incline Bench Press (Dumbbell)",,"",1,"warmup",56,5,,,
"peito","22 de abr. de 2025, 16:44","22 de abr. de 2025, 17:54","","Incline Bench Press (Dumbbell)",,"",2,"warmup",60,3,,,
"peito","22 de abr. de 2025, 16:44","22 de abr. de 2025, 17:54","","Incline Bench Press (Dumbbell)",,"",3,"failure",64,6,,,
"peito","22 de abr. de 2025, 16:44","22 de abr. de 2025, 17:54","","Chest Fly (Machine)",,"",0,"warmup",93,3,,,
"peito","22 de abr. de 2025, 16:44","22 de abr. de 2025, 17:54","","Chest Fly (Machine)",,"",1,"failure",100,6,,,
"peito","22 de abr. de 2025, 16:44","22 de abr. de 2025, 17:54","","Chest Dip (Weighted)",,"",0,"normal",104,12,,,
"peito","22 de abr. de 2025, 16:44","22 de abr. de 2025, 17:54","","Chest Dip (Weighted)",,"",1,"failure",104,8,,,
"peito","22 de abr. de 2025, 16:44","22 de abr. de 2025, 17:54","","Shoulder Press (Dumbbell)",,"",0,"warmup",40,3,,,
"peito","22 de abr. de 2025, 16:44","22 de abr. de 2025, 17:54","","Shoulder Press (Dumbbell)",,"",1,"failure",44,6,,,
"peito","22 de abr. de 2025, 16:44","22 de abr. de 2025, 17:54","","Lateral Raise (Cable)",,"",0,"failure",15,10,,,
"peito","22 de abr. de 2025, 16:44","22 de abr. de 2025, 17:54","","Lateral Raise (Cable)",,"",1,"failure",20,7,,,
"peito","22 de abr. de 2025, 16:44","22 de abr. de 2025, 17:54","","Triceps Extension (Cable)",,"",0,"failure",45,6,,,
"peito","26 de mar. de 2025, 12:58","26 de mar. de 2025, 14:14","","Incline Bench Press (Dumbbell)",,"",0,"warmup",44,12,,,
"peito","26 de mar. de 2025, 12:58","26 de mar. de 2025, 14:14","","Incline Bench Press (Dumbbell)",,"",1,"warmup",60,5,,,
"peito","26 de mar. de 2025, 12:58","26 de mar. de 2025, 14:14","","Incline Bench Press (Dumbbell)",,"",2,"warmup",64,3,,,
"peito","26 de mar. de 2025, 12:58","26 de mar. de 2025, 14:14","","Incline Bench Press (Dumbbell)",,"",3,"failure",68,6,,,
"peito","26 de mar. de 2025, 12:58","26 de mar. de 2025, 14:14","","Chest Fly (Machine)",,"",0,"warmup",100,3,,,
"peito","26 de mar. de 2025, 12:58","26 de mar. de 2025, 14:14","","Chest Fly (Machine)",,"",1,"failure",107,5,,,
"peito","26 de mar. de 2025, 12:58","26 de mar. de 2025, 14:14","","Chest Dip (Weighted)",,"",0,"normal",104,12,,,
"peito","26 de mar. de 2025, 12:58","26 de mar. de 2025, 14:14","","Chest Dip (Weighted)",,"",1,"failure",104,12,,,
"peito","26 de mar. de 2025, 12:58","26 de mar. de 2025, 14:14","","Shoulder Press (Dumbbell)",,"",0,"warmup",40,3,,,
"peito","26 de mar. de 2025, 12:58","26 de mar. de 2025, 14:14","","Shoulder Press (Dumbbell)",,"",1,"failure",44,7,,,
"peito","26 de mar. de 2025, 12:58","26 de mar. de 2025, 14:14","","Lateral Raise (Cable)",,"",0,"failure",15,10,,,
"peito","26 de mar. de 2025, 12:58","26 de mar. de 2025, 14:14","","Lateral Raise (Cable)",,"",1,"failure",20,7,,,
"peito","26 de mar. de 2025, 12:58","26 de mar. de 2025, 14:14","","Triceps Extension (Cable)",,"",0,"failure",50,6,,,
"costas","25 de mar. de 2025, 12:10","25 de mar. de 2025, 14:19","esqueci de finalizar essa prr","Lat Pulldown (Cable)",,"",0,"warmup",50,12,,,
"costas","25 de mar. de 2025, 12:10","25 de mar. de 2025, 14:19","esqueci de finalizar essa prr","Lat Pulldown (Cable)",,"",1,"warmup",57,5,,,
"costas","25 de mar. de 2025, 12:10","25 de mar. de 2025, 14:19","esqueci de finalizar essa prr","Lat Pulldown (Cable)",,"",2,"warmup",63,3,,,
"costas","25 de mar. de 2025, 12:10","25 de mar. de 2025, 14:19","esqueci de finalizar essa prr","Lat Pulldown (Cable)",,"",3,"normal",70,8,,,
"costas","25 de mar. de 2025, 12:10","25 de mar. de 2025, 14:19","esqueci de finalizar essa prr","Lat Pulldown (Cable)",,"",4,"failure",75,6,,,
"costas","25 de mar. de 2025, 12:10","25 de mar. de 2025, 14:19","esqueci de finalizar essa prr","Seated Cable Row - V Grip (Cable)",,"",0,"failure",75,6,,,
"costas","25 de mar. de 2025, 12:10","25 de mar. de 2025, 14:19","esqueci de finalizar essa prr","Chest Supported Incline Row (Dumbbell)",,"",0,"normal",80,8,,,
"costas","25 de mar. de 2025, 12:10","25 de mar. de 2025, 14:19","esqueci de finalizar essa prr","Chest Supported Incline Row (Dumbbell)",,"",1,"failure",84,6,,,
"costas","25 de mar. de 2025, 12:10","25 de mar. de 2025, 14:19","esqueci de finalizar essa prr","Rear Delt Reverse Fly (Machine)",,"",0,"failure",73,6,,,
"costas","25 de mar. de 2025, 12:10","25 de mar. de 2025, 14:19","esqueci de finalizar essa prr","Preacher Curl (Machine)",,"",0,"warmup",50,3,,,
"costas","25 de mar. de 2025, 12:10","25 de mar. de 2025, 14:19","esqueci de finalizar essa prr","Preacher Curl (Machine)",,"",1,"normal",55,6,,,
"costas","25 de mar. de 2025, 12:10","25 de mar. de 2025, 14:19","esqueci de finalizar essa prr","Preacher Curl (Machine)",,"",2,"failure",60,4,,,
"costas","25 de mar. de 2025, 12:10","25 de mar. de 2025, 14:19","esqueci de finalizar essa prr","Seated Incline Curl (Dumbbell)",,"",0,"normal",15,10,,,
"costas","25 de mar. de 2025, 12:10","25 de mar. de 2025, 14:19","esqueci de finalizar essa prr","Seated Incline Curl (Dumbbell)",,"",1,"failure",20,8,,,
"costas","25 de mar. de 2025, 12:10","25 de mar. de 2025, 14:19","esqueci de finalizar essa prr","Behind the Back Wrist Curl (Barbell)",,"",0,"failure",75,12,,,
"peito","18 de mar. de 2025, 12:02","18 de mar. de 2025, 13:48","","Crunch (Machine)",,"",0,"normal",90,12,,,
"peito","18 de mar. de 2025, 12:02","18 de mar. de 2025, 13:48","","Crunch (Machine)",,"",1,"normal",97,10,,,
"peito","18 de mar. de 2025, 12:02","18 de mar. de 2025, 13:48","","Crunch (Machine)",,"",2,"normal",104,8,,,
"peito","18 de mar. de 2025, 12:02","18 de mar. de 2025, 13:48","","Incline Bench Press (Dumbbell)",,"",0,"warmup",40,12,,,
"peito","18 de mar. de 2025, 12:02","18 de mar. de 2025, 13:48","","Incline Bench Press (Dumbbell)",,"",1,"warmup",60,5,,,
"peito","18 de mar. de 2025, 12:02","18 de mar. de 2025, 13:48","","Incline Bench Press (Dumbbell)",,"",2,"warmup",64,3,,,
"peito","18 de mar. de 2025, 12:02","18 de mar. de 2025, 13:48","","Incline Bench Press (Dumbbell)",,"",3,"failure",68,6,,,
"peito","18 de mar. de 2025, 12:02","18 de mar. de 2025, 13:48","","Chest Fly (Machine)",,"",0,"warmup",93,5,,,
"peito","18 de mar. de 2025, 12:02","18 de mar. de 2025, 13:48","","Chest Fly (Machine)",,"",1,"failure",100,8,,,
"peito","18 de mar. de 2025, 12:02","18 de mar. de 2025, 13:48","","Chest Dip",,"",0,"normal",,12,,,
"peito","18 de mar. de 2025, 12:02","18 de mar. de 2025, 13:48","","Chest Dip",,"",1,"failure",,7,,,
"peito","18 de mar. de 2025, 12:02","18 de mar. de 2025, 13:48","","Shoulder Press (Dumbbell)",,"",0,"warmup",40,3,,,
"peito","18 de mar. de 2025, 12:02","18 de mar. de 2025, 13:48","","Shoulder Press (Dumbbell)",,"",1,"normal",44,6,,,
"peito","18 de mar. de 2025, 12:02","18 de mar. de 2025, 13:48","","Shoulder Press (Dumbbell)",,"",2,"failure",44,5,,,
"peito","18 de mar. de 2025, 12:02","18 de mar. de 2025, 13:48","","Lateral Raise (Cable)",,"",0,"failure",16,9,,,
"peito","18 de mar. de 2025, 12:02","18 de mar. de 2025, 13:48","","Lateral Raise (Cable)",,"",1,"failure",18,6,,,
"peito","18 de mar. de 2025, 12:02","18 de mar. de 2025, 13:48","","Rear Delt Reverse Fly (Machine)",,"",0,"failure",79,4,,,
"peito","18 de mar. de 2025, 12:02","18 de mar. de 2025, 13:48","","Rear Delt Reverse Fly (Machine)",,"",1,"failure",79,4,,,
"peito","18 de mar. de 2025, 12:02","18 de mar. de 2025, 13:48","","Triceps Extension (Cable)",,"",0,"failure",50,6,,,
"leg day","25 de fev. de 2025, 15:15","25 de fev. de 2025, 16:31","","Single Leg Standing Calf Raise (Barbell)",,"",0,"normal",40,12,,,
"leg day","25 de fev. de 2025, 15:15","25 de fev. de 2025, 16:31","","Single Leg Standing Calf Raise (Barbell)",,"",1,"normal",60,12,,,
"leg day","25 de fev. de 2025, 15:15","25 de fev. de 2025, 16:31","","Single Leg Standing Calf Raise (Barbell)",,"",2,"normal",70,12,,,
"leg day","25 de fev. de 2025, 15:15","25 de fev. de 2025, 16:31","","Squat (Barbell)",,"",0,"warmup",60,12,,,
"leg day","25 de fev. de 2025, 15:15","25 de fev. de 2025, 16:31","","Squat (Barbell)",,"",1,"warmup",80,5,,,
"leg day","25 de fev. de 2025, 15:15","25 de fev. de 2025, 16:31","","Squat (Barbell)",,"",2,"warmup",90,3,,,
"leg day","25 de fev. de 2025, 15:15","25 de fev. de 2025, 16:31","","Squat (Barbell)",,"",3,"normal",100,6,,,
"leg day","25 de fev. de 2025, 15:15","25 de fev. de 2025, 16:31","","Squat (Barbell)",,"",4,"failure",110,6,,,
"leg day","25 de fev. de 2025, 15:15","25 de fev. de 2025, 16:31","","Leg Extension (Machine)",,"",0,"warmup",77,3,,,
"leg day","25 de fev. de 2025, 15:15","25 de fev. de 2025, 16:31","","Leg Extension (Machine)",,"",1,"normal",84,12,,,
"leg day","25 de fev. de 2025, 15:15","25 de fev. de 2025, 16:31","","Leg Extension (Machine)",,"",2,"failure",90,10,,,
"leg day","25 de fev. de 2025, 15:15","25 de fev. de 2025, 16:31","","Leg Extension (Machine)",,"",3,"failure",97,7,,,
"leg day","25 de fev. de 2025, 15:15","25 de fev. de 2025, 16:31","","Seated Leg Curl (Machine)",,"",0,"warmup",77,5,,,
"leg day","25 de fev. de 2025, 15:15","25 de fev. de 2025, 16:31","","Seated Leg Curl (Machine)",,"",1,"normal",84,10,,,
"leg day","25 de fev. de 2025, 15:15","25 de fev. de 2025, 16:31","","Seated Leg Curl (Machine)",,"",2,"failure",89,5,,,
"leg day","25 de fev. de 2025, 15:15","25 de fev. de 2025, 16:31","","Lying Leg Curl (Machine)",,"",0,"normal",50,8,,,
"leg day","25 de fev. de 2025, 15:15","25 de fev. de 2025, 16:31","","Lying Leg Curl (Machine)",,"",1,"failure",51,6,,,
"costas","19 de fev. de 2025, 15:26","19 de fev. de 2025, 17:06","","Lat Pulldown (Cable)",,"",0,"warmup",50,12,,,
"costas","19 de fev. de 2025, 15:26","19 de fev. de 2025, 17:06","","Lat Pulldown (Cable)",,"",1,"warmup",63,5,,,
"costas","19 de fev. de 2025, 15:26","19 de fev. de 2025, 17:06","","Lat Pulldown (Cable)",,"",2,"failure",70,8,,,
"costas","19 de fev. de 2025, 15:26","19 de fev. de 2025, 17:06","","Lat Pulldown (Cable)",,"",3,"failure",75,6,,,
"costas","19 de fev. de 2025, 15:26","19 de fev. de 2025, 17:06","","Seated Cable Row - V Grip (Cable)",,"",0,"failure",77,7,,,
"costas","19 de fev. de 2025, 15:26","19 de fev. de 2025, 17:06","","Iso-Lateral Row (Machine)",,"",0,"warmup",40,3,,,
"costas","19 de fev. de 2025, 15:26","19 de fev. de 2025, 17:06","","Iso-Lateral Row (Machine)",,"",1,"failure",50,8,,,
"costas","19 de fev. de 2025, 15:26","19 de fev. de 2025, 17:06","","Chest Supported Incline Row (Dumbbell)",,"",0,"normal",80,8,,,
"costas","19 de fev. de 2025, 15:26","19 de fev. de 2025, 17:06","","Chest Supported Incline Row (Dumbbell)",,"",1,"failure",84,7,,,
"costas","19 de fev. de 2025, 15:26","19 de fev. de 2025, 17:06","","Preacher Curl (Machine)",,"",0,"failure",55,6,,,
"costas","19 de fev. de 2025, 15:26","19 de fev. de 2025, 17:06","","Preacher Curl (Machine)",,"",1,"failure",60,4,,,
"costas","19 de fev. de 2025, 15:26","19 de fev. de 2025, 17:06","","Hammer Curl (Dumbbell)",,"",0,"warmup",20,3,,,
"costas","19 de fev. de 2025, 15:26","19 de fev. de 2025, 17:06","","Hammer Curl (Dumbbell)",,"",1,"failure",22,8,,,
"costas","19 de fev. de 2025, 15:26","19 de fev. de 2025, 17:06","","Seated Incline Curl (Dumbbell)",,"",0,"failure",20,8,,,
"costas","19 de fev. de 2025, 15:26","19 de fev. de 2025, 17:06","","Behind the Back Wrist Curl (Barbell)",,"",0,"failure",75,12,,,
"peito","17 de fev. de 2025, 15:17","17 de fev. de 2025, 17:17","","Crunch (Machine)",,"",0,"normal",90,12,,,
"peito","17 de fev. de 2025, 15:17","17 de fev. de 2025, 17:17","","Crunch (Machine)",,"",1,"normal",97,10,,,
"peito","17 de fev. de 2025, 15:17","17 de fev. de 2025, 17:17","","Crunch (Machine)",,"",2,"normal",104,8,,,
"peito","17 de fev. de 2025, 15:17","17 de fev. de 2025, 17:17","","Incline Bench Press (Dumbbell)",,"",0,"warmup",40,12,,,
"peito","17 de fev. de 2025, 15:17","17 de fev. de 2025, 17:17","","Incline Bench Press (Dumbbell)",,"",1,"warmup",60,5,,,
"peito","17 de fev. de 2025, 15:17","17 de fev. de 2025, 17:17","","Incline Bench Press (Dumbbell)",,"",2,"warmup",64,3,,,
"peito","17 de fev. de 2025, 15:17","17 de fev. de 2025, 17:17","","Incline Bench Press (Dumbbell)",,"",3,"normal",68,6,,,
"peito","17 de fev. de 2025, 15:17","17 de fev. de 2025, 17:17","","Incline Bench Press (Dumbbell)",,"",4,"failure",72,5,,,
"peito","17 de fev. de 2025, 15:17","17 de fev. de 2025, 17:17","","Chest Fly (Machine)",,"",0,"normal",93,5,,,
"peito","17 de fev. de 2025, 15:17","17 de fev. de 2025, 17:17","","Chest Fly (Machine)",,"",1,"normal",100,6,,,
"peito","17 de fev. de 2025, 15:17","17 de fev. de 2025, 17:17","","Chest Fly (Machine)",,"",2,"failure",107,6,,,
"peito","17 de fev. de 2025, 15:17","17 de fev. de 2025, 17:17","","Chest Dip",,"",0,"normal",,12,,,
"peito","17 de fev. de 2025, 15:17","17 de fev. de 2025, 17:17","","Chest Dip",,"",1,"failure",,9,,,
"peito","17 de fev. de 2025, 15:17","17 de fev. de 2025, 17:17","","Shoulder Press (Dumbbell)",,"",0,"warmup",40,3,,,
"peito","17 de fev. de 2025, 15:17","17 de fev. de 2025, 17:17","","Shoulder Press (Dumbbell)",,"",1,"normal",44,8,,,
"peito","17 de fev. de 2025, 15:17","17 de fev. de 2025, 17:17","","Shoulder Press (Dumbbell)",,"",2,"failure",48,6,,,
"peito","17 de fev. de 2025, 15:17","17 de fev. de 2025, 17:17","","Lateral Raise (Cable)",,"",0,"failure",20,9,,,
"peito","17 de fev. de 2025, 15:17","17 de fev. de 2025, 17:17","","Rear Delt Reverse Fly (Machine)",,"",0,"failure",79,7,,,
"peito","17 de fev. de 2025, 15:17","17 de fev. de 2025, 17:17","","Triceps Extension (Cable)",,"",0,"failure",50,6,,,
"peito","17 de fev. de 2025, 15:17","17 de fev. de 2025, 17:17","","Triceps Pushdown",,"",0,"failure",70,6,,,
"costas","14 de fev. de 2025, 15:55","14 de fev. de 2025, 17:07","","Lat Pulldown (Cable)",,"",0,"warmup",50,12,,,
"costas","14 de fev. de 2025, 15:55","14 de fev. de 2025, 17:07","","Lat Pulldown (Cable)",,"",1,"warmup",63,5,,,
"costas","14 de fev. de 2025, 15:55","14 de fev. de 2025, 17:07","","Lat Pulldown (Cable)",,"",2,"warmup",70,3,,,
"costas","14 de fev. de 2025, 15:55","14 de fev. de 2025, 17:07","","Lat Pulldown (Cable)",,"",3,"failure",70,9,,,
"costas","14 de fev. de 2025, 15:55","14 de fev. de 2025, 17:07","","Lat Pulldown (Cable)",,"",4,"failure",77,4,,,
"costas","14 de fev. de 2025, 15:55","14 de fev. de 2025, 17:07","","Chest Supported Incline Row (Dumbbell)",,"",0,"normal",80,8,,,
"costas","14 de fev. de 2025, 15:55","14 de fev. de 2025, 17:07","","Chest Supported Incline Row (Dumbbell)",,"",1,"failure",84,6,,,
"costas","14 de fev. de 2025, 15:55","14 de fev. de 2025, 17:07","","Iso-Lateral Row (Machine)",,"",0,"failure",50,8,,,
"costas","14 de fev. de 2025, 15:55","14 de fev. de 2025, 17:07","","Seated Cable Row - V Grip (Cable)",,"",0,"failure",77,5,,,
"costas","14 de fev. de 2025, 15:55","14 de fev. de 2025, 17:07","","Preacher Curl (Machine)",,"",0,"failure",55,5,,,
"costas","14 de fev. de 2025, 15:55","14 de fev. de 2025, 17:07","","Preacher Curl (Machine)",,"",1,"failure",60,6,,,
"costas","14 de fev. de 2025, 15:55","14 de fev. de 2025, 17:07","","Hammer Curl (Dumbbell)",,"",0,"failure",22,6,,,
"costas","14 de fev. de 2025, 15:55","14 de fev. de 2025, 17:07","","Seated Incline Curl (Dumbbell)",,"",0,"failure",20,8,,,
"costas","14 de fev. de 2025, 15:55","14 de fev. de 2025, 17:07","","Behind the Back Wrist Curl (Barbell)",,"",0,"failure",75,12,,,
"peito","12 de fev. de 2025, 15:27","12 de fev. de 2025, 17:29","","Crunch (Machine)",,"",0,"normal",90,12,,,
"peito","12 de fev. de 2025, 15:27","12 de fev. de 2025, 17:29","","Crunch (Machine)",,"",1,"normal",97,10,,,
"peito","12 de fev. de 2025, 15:27","12 de fev. de 2025, 17:29","","Crunch (Machine)",,"",2,"normal",104,7,,,
"peito","12 de fev. de 2025, 15:27","12 de fev. de 2025, 17:29","","Incline Bench Press (Dumbbell)",,"",0,"warmup",40,12,,,
"peito","12 de fev. de 2025, 15:27","12 de fev. de 2025, 17:29","","Incline Bench Press (Dumbbell)",,"",1,"warmup",56,5,,,
"peito","12 de fev. de 2025, 15:27","12 de fev. de 2025, 17:29","","Incline Bench Press (Dumbbell)",,"",2,"warmup",60,3,,,
"peito","12 de fev. de 2025, 15:27","12 de fev. de 2025, 17:29","","Incline Bench Press (Dumbbell)",,"",3,"normal",64,8,,,
"peito","12 de fev. de 2025, 15:27","12 de fev. de 2025, 17:29","","Incline Bench Press (Dumbbell)",,"",4,"failure",68,7,,,
"peito","12 de fev. de 2025, 15:27","12 de fev. de 2025, 17:29","","Chest Fly (Machine)",,"",0,"normal",100,8,,,
"peito","12 de fev. de 2025, 15:27","12 de fev. de 2025, 17:29","","Chest Fly (Machine)",,"",1,"failure",107,4,,,
"peito","12 de fev. de 2025, 15:27","12 de fev. de 2025, 17:29","","Chest Dip",,"",0,"normal",,12,,,
"peito","12 de fev. de 2025, 15:27","12 de fev. de 2025, 17:29","","Chest Dip",,"",1,"failure",,8,,,
"peito","12 de fev. de 2025, 15:27","12 de fev. de 2025, 17:29","","Shoulder Press (Dumbbell)",,"",0,"normal",44,6,,,
"peito","12 de fev. de 2025, 15:27","12 de fev. de 2025, 17:29","","Shoulder Press (Dumbbell)",,"",1,"failure",48,4,,,
"peito","12 de fev. de 2025, 15:27","12 de fev. de 2025, 17:29","","Lateral Raise (Cable)",,"",0,"failure",20,9,,,
"peito","12 de fev. de 2025, 15:27","12 de fev. de 2025, 17:29","","Rear Delt Reverse Fly (Machine)",,"",0,"failure",79,6,,,
"peito","12 de fev. de 2025, 15:27","12 de fev. de 2025, 17:29","","Triceps Extension (Cable)",,"",0,"failure",50,5,,,
"peito","12 de fev. de 2025, 15:27","12 de fev. de 2025, 17:29","","Triceps Pushdown",,"",0,"failure",70,5,,,
"ombro","24 de jan. de 2025, 11:24","24 de jan. de 2025, 12:14","","Crunch (Machine)",,"",0,"warmup",84,12,,,
"ombro","24 de jan. de 2025, 11:24","24 de jan. de 2025, 12:14","","Crunch (Machine)",,"",1,"failure",90,10,,,
"ombro","24 de jan. de 2025, 11:24","24 de jan. de 2025, 12:14","","Crunch (Machine)",,"",2,"failure",104,7,,,
"ombro","24 de jan. de 2025, 11:24","24 de jan. de 2025, 12:14","","Shoulder Press (Dumbbell)",,"",0,"warmup",40,5,,,
"ombro","24 de jan. de 2025, 11:24","24 de jan. de 2025, 12:14","","Shoulder Press (Dumbbell)",,"",1,"failure",48,9,,,
"ombro","24 de jan. de 2025, 11:24","24 de jan. de 2025, 12:14","","Lateral Raise (Dumbbell)",,"",0,"warmup",24,5,,,
"ombro","24 de jan. de 2025, 11:24","24 de jan. de 2025, 12:14","","Lateral Raise (Dumbbell)",,"",1,"failure",28,5,,,
"ombro","24 de jan. de 2025, 11:24","24 de jan. de 2025, 12:14","","Rear Delt Reverse Fly (Machine)",,"",0,"failure",73,10,,,
"ombro","24 de jan. de 2025, 11:24","24 de jan. de 2025, 12:14","","Lateral Raise (Cable)",,"",0,"failure",20,9,,,
"ombro","24 de jan. de 2025, 11:24","24 de jan. de 2025, 12:14","","Lateral Raise (Cable)",,"",1,"failure",25,4,,,
"costas","21 de jan. de 2025, 15:05","21 de jan. de 2025, 16:33","","Lat Pulldown (Cable)",,"",0,"warmup",50,12,,,
"costas","21 de jan. de 2025, 15:05","21 de jan. de 2025, 16:33","","Lat Pulldown (Cable)",,"",1,"warmup",63,5,,,
"costas","21 de jan. de 2025, 15:05","21 de jan. de 2025, 16:33","","Lat Pulldown (Cable)",,"",2,"warmup",70,3,,,
"costas","21 de jan. de 2025, 15:05","21 de jan. de 2025, 16:33","","Lat Pulldown (Cable)",,"",3,"failure",77,7,,,
"costas","21 de jan. de 2025, 15:05","21 de jan. de 2025, 16:33","","Chest Supported Incline Row (Dumbbell)",,"",0,"normal",72,10,,,
"costas","21 de jan. de 2025, 15:05","21 de jan. de 2025, 16:33","","Chest Supported Incline Row (Dumbbell)",,"",1,"failure",80,8,,,
"costas","21 de jan. de 2025, 15:05","21 de jan. de 2025, 16:33","","Iso-Lateral Row (Machine)",,"",0,"failure",60,6,,,
"costas","21 de jan. de 2025, 15:05","21 de jan. de 2025, 16:33","","Seated Cable Row - V Grip (Cable)",,"",0,"failure",77,10,,,
"costas","21 de jan. de 2025, 15:05","21 de jan. de 2025, 16:33","","Preacher Curl (Machine)",,"",0,"failure",55,7,,,
"costas","21 de jan. de 2025, 15:05","21 de jan. de 2025, 16:33","","Preacher Curl (Machine)",,"",1,"failure",60,6,,,
"costas","21 de jan. de 2025, 15:05","21 de jan. de 2025, 16:33","","Hammer Curl (Dumbbell)",,"",0,"failure",24,10,,,
"costas","21 de jan. de 2025, 15:05","21 de jan. de 2025, 16:33","","Seated Incline Curl (Dumbbell)",,"",0,"failure",20,8,,,
"costas","21 de jan. de 2025, 15:05","21 de jan. de 2025, 16:33","","Behind the Back Wrist Curl (Barbell)",,"",0,"failure",75,12,,,
"peito","20 de jan. de 2025, 10:05","20 de jan. de 2025, 12:12","","Crunch (Machine)",,"",0,"normal",84,12,,,
"peito","20 de jan. de 2025, 10:05","20 de jan. de 2025, 12:12","","Crunch (Machine)",,"",1,"normal",90,10,,,
"peito","20 de jan. de 2025, 10:05","20 de jan. de 2025, 12:12","","Crunch (Machine)",,"",2,"normal",97,9,,,
"peito","20 de jan. de 2025, 10:05","20 de jan. de 2025, 12:12","","Incline Bench Press (Dumbbell)",,"",0,"warmup",40,12,,,
"peito","20 de jan. de 2025, 10:05","20 de jan. de 2025, 12:12","","Incline Bench Press (Dumbbell)",,"",1,"warmup",56,5,,,
"peito","20 de jan. de 2025, 10:05","20 de jan. de 2025, 12:12","","Incline Bench Press (Dumbbell)",,"",2,"warmup",60,3,,,
"peito","20 de jan. de 2025, 10:05","20 de jan. de 2025, 12:12","","Incline Bench Press (Dumbbell)",,"",3,"normal",64,7,,,
"peito","20 de jan. de 2025, 10:05","20 de jan. de 2025, 12:12","","Incline Bench Press (Dumbbell)",,"",4,"failure",68,6,,,
"peito","20 de jan. de 2025, 10:05","20 de jan. de 2025, 12:12","","Chest Fly (Machine)",,"",0,"normal",100,8,,,
"peito","20 de jan. de 2025, 10:05","20 de jan. de 2025, 12:12","","Chest Fly (Machine)",,"",1,"failure",107,6,,,
"peito","20 de jan. de 2025, 10:05","20 de jan. de 2025, 12:12","","Chest Dip",,"",0,"normal",,12,,,
"peito","20 de jan. de 2025, 10:05","20 de jan. de 2025, 12:12","","Chest Dip",,"",1,"failure",,12,,,
"peito","20 de jan. de 2025, 10:05","20 de jan. de 2025, 12:12","","Shoulder Press (Dumbbell)",,"",0,"normal",44,8,,,
"peito","20 de jan. de 2025, 10:05","20 de jan. de 2025, 12:12","","Shoulder Press (Dumbbell)",,"",1,"failure",48,6,,,
"peito","20 de jan. de 2025, 10:05","20 de jan. de 2025, 12:12","","Lateral Raise (Cable)",,"",0,"failure",20,8,,,
"peito","20 de jan. de 2025, 10:05","20 de jan. de 2025, 12:12","","Rear Delt Reverse Fly (Machine)",,"",0,"failure",73,8,,,
"peito","20 de jan. de 2025, 10:05","20 de jan. de 2025, 12:12","","Triceps Extension (Cable)",,"",0,"normal",45,10,,,
"peito","20 de jan. de 2025, 10:05","20 de jan. de 2025, 12:12","","Triceps Extension (Cable)",,"",1,"failure",50,7,,,
"peito","20 de jan. de 2025, 10:05","20 de jan. de 2025, 12:12","","Triceps Pushdown",,"",0,"normal",65,8,,,
"peito","20 de jan. de 2025, 10:05","20 de jan. de 2025, 12:12","","Triceps Pushdown",,"",1,"failure",70,6,,,
"Upper 1","17 de jan. de 2025, 11:00","17 de jan. de 2025, 12:44","","Incline Bench Press (Dumbbell)",,"",0,"warmup",40,12,,,
"Upper 1","17 de jan. de 2025, 11:00","17 de jan. de 2025, 12:44","","Incline Bench Press (Dumbbell)",,"",1,"warmup",52,5,,,
"Upper 1","17 de jan. de 2025, 11:00","17 de jan. de 2025, 12:44","","Incline Bench Press (Dumbbell)",,"",2,"warmup",56,3,,,
"Upper 1","17 de jan. de 2025, 11:00","17 de jan. de 2025, 12:44","","Incline Bench Press (Dumbbell)",,"",3,"normal",60,9,,,
"Upper 1","17 de jan. de 2025, 11:00","17 de jan. de 2025, 12:44","","Incline Bench Press (Dumbbell)",,"",4,"failure",64,9,,,
"Upper 1","17 de jan. de 2025, 11:00","17 de jan. de 2025, 12:44","","Lat Pulldown (Cable)",,"",0,"warmup",50,12,,,
"Upper 1","17 de jan. de 2025, 11:00","17 de jan. de 2025, 12:44","","Lat Pulldown (Cable)",,"",1,"warmup",70,5,,,
"Upper 1","17 de jan. de 2025, 11:00","17 de jan. de 2025, 12:44","","Lat Pulldown (Cable)",,"",2,"failure",77,6,,,
"Upper 1","17 de jan. de 2025, 11:00","17 de jan. de 2025, 12:44","","Chest Fly (Machine)",,"",0,"normal",100,10,,,
"Upper 1","17 de jan. de 2025, 11:00","17 de jan. de 2025, 12:44","","Chest Fly (Machine)",,"",1,"failure",107,6,,,
"Upper 1","17 de jan. de 2025, 11:00","17 de jan. de 2025, 12:44","","Iso-Lateral Row (Machine)",,"",0,"failure",60,6,,,
"Upper 1","17 de jan. de 2025, 11:00","17 de jan. de 2025, 12:44","","Iso-Lateral Row (Machine)",,"",1,"failure",60,8,,,
"Upper 1","17 de jan. de 2025, 11:00","17 de jan. de 2025, 12:44","","Lateral Raise (Cable)",,"",0,"failure",20,8,,,
"Upper 1","17 de jan. de 2025, 11:00","17 de jan. de 2025, 12:44","","Lateral Raise (Cable)",,"",1,"failure",20,8,,,
"Upper 1","17 de jan. de 2025, 11:00","17 de jan. de 2025, 12:44","","Triceps Extension (Cable)",,"",0,"normal",40,12,,,
"Upper 1","17 de jan. de 2025, 11:00","17 de jan. de 2025, 12:44","","Triceps Extension (Cable)",,"",1,"normal",50,7,,,
"Upper 1","17 de jan. de 2025, 11:00","17 de jan. de 2025, 12:44","","Preacher Curl (Machine)",,"",0,"normal",50,8,,,
"Upper 1","17 de jan. de 2025, 11:00","17 de jan. de 2025, 12:44","","Preacher Curl (Machine)",,"",1,"normal",55,6,,,
"Upper 1","17 de jan. de 2025, 11:00","17 de jan. de 2025, 12:44","","Behind the Back Wrist Curl (Barbell)",,"",0,"failure",75,12,,,
"Upper 1","17 de jan. de 2025, 11:00","17 de jan. de 2025, 12:44","","Behind the Back Wrist Curl (Barbell)",,"",1,"failure",75,6,,,
"Upper 1","2 de jan. de 2025, 15:33","2 de jan. de 2025, 17:44","","Incline Bench Press (Dumbbell)",,"",0,"warmup",40,12,,,
"Upper 1","2 de jan. de 2025, 15:33","2 de jan. de 2025, 17:44","","Incline Bench Press (Dumbbell)",,"",1,"warmup",52,5,,,
"Upper 1","2 de jan. de 2025, 15:33","2 de jan. de 2025, 17:44","","Incline Bench Press (Dumbbell)",,"",2,"warmup",56,3,,,
"Upper 1","2 de jan. de 2025, 15:33","2 de jan. de 2025, 17:44","","Incline Bench Press (Dumbbell)",,"",3,"normal",60,8,,,
"Upper 1","2 de jan. de 2025, 15:33","2 de jan. de 2025, 17:44","","Incline Bench Press (Dumbbell)",,"",4,"failure",64,8,,,
"Upper 1","2 de jan. de 2025, 15:33","2 de jan. de 2025, 17:44","","Lat Pulldown (Cable)",,"",0,"warmup",50,12,,,
"Upper 1","2 de jan. de 2025, 15:33","2 de jan. de 2025, 17:44","","Lat Pulldown (Cable)",,"",1,"warmup",70,5,,,
"Upper 1","2 de jan. de 2025, 15:33","2 de jan. de 2025, 17:44","","Lat Pulldown (Cable)",,"",2,"normal",77,7,,,
"Upper 1","2 de jan. de 2025, 15:33","2 de jan. de 2025, 17:44","","Lat Pulldown (Cable)",,"",3,"failure",82,6,,,
"Upper 1","2 de jan. de 2025, 15:33","2 de jan. de 2025, 17:44","","Chest Fly (Machine)",,"",0,"normal",100,8,,,
"Upper 1","2 de jan. de 2025, 15:33","2 de jan. de 2025, 17:44","","Chest Fly (Machine)",,"",1,"failure",107,5,,,
"Upper 1","2 de jan. de 2025, 15:33","2 de jan. de 2025, 17:44","","Chest Supported Incline Row (Dumbbell)",,"",0,"failure",72,12,,,
"Upper 1","2 de jan. de 2025, 15:33","2 de jan. de 2025, 17:44","","Chest Supported Incline Row (Dumbbell)",,"",1,"failure",76,8,,,
"Upper 1","2 de jan. de 2025, 15:33","2 de jan. de 2025, 17:44","","Lateral Raise (Cable)",,"",0,"normal",20,8,,,
"Upper 1","2 de jan. de 2025, 15:33","2 de jan. de 2025, 17:44","","Triceps Extension (Cable)",,"",0,"normal",40,10,,,
"Upper 1","2 de jan. de 2025, 15:33","2 de jan. de 2025, 17:44","","Triceps Extension (Cable)",,"",1,"normal",45,8,,,
"Upper 1","2 de jan. de 2025, 15:33","2 de jan. de 2025, 17:44","","Preacher Curl (Machine)",,"",0,"normal",40,12,,,
"Upper 1","2 de jan. de 2025, 15:33","2 de jan. de 2025, 17:44","","Preacher Curl (Machine)",,"",1,"normal",50,6,,,
"Upper 1","16 de dez. de 2024, 15:19","16 de dez. de 2024, 17:27","","Incline Bench Press (Dumbbell)",,"",0,"warmup",36,12,,,
"Upper 1","16 de dez. de 2024, 15:19","16 de dez. de 2024, 17:27","","Incline Bench Press (Dumbbell)",,"",1,"warmup",52,5,,,
"Upper 1","16 de dez. de 2024, 15:19","16 de dez. de 2024, 17:27","","Incline Bench Press (Dumbbell)",,"",2,"warmup",56,3,,,
"Upper 1","16 de dez. de 2024, 15:19","16 de dez. de 2024, 17:27","","Incline Bench Press (Dumbbell)",,"",3,"normal",60,8,,,
"Upper 1","16 de dez. de 2024, 15:19","16 de dez. de 2024, 17:27","","Incline Bench Press (Dumbbell)",,"",4,"failure",64,8,,,
"Upper 1","16 de dez. de 2024, 15:19","16 de dez. de 2024, 17:27","","Lat Pulldown (Cable)",,"",0,"warmup",50,12,,,
"Upper 1","16 de dez. de 2024, 15:19","16 de dez. de 2024, 17:27","","Lat Pulldown (Cable)",,"",1,"warmup",70,5,,,
"Upper 1","16 de dez. de 2024, 15:19","16 de dez. de 2024, 17:27","","Lat Pulldown (Cable)",,"",2,"normal",77,7,,,
"Upper 1","16 de dez. de 2024, 15:19","16 de dez. de 2024, 17:27","","Lat Pulldown (Cable)",,"",3,"failure",82,5,,,
"Upper 1","16 de dez. de 2024, 15:19","16 de dez. de 2024, 17:27","","Chest Fly (Machine)",,"",0,"normal",100,8,,,
"Upper 1","16 de dez. de 2024, 15:19","16 de dez. de 2024, 17:27","","Chest Fly (Machine)",,"",1,"failure",107,5,,,
"Upper 1","16 de dez. de 2024, 15:19","16 de dez. de 2024, 17:27","","Chest Supported Incline Row (Dumbbell)",,"",0,"failure",68,12,,,
"Upper 1","16 de dez. de 2024, 15:19","16 de dez. de 2024, 17:27","","Chest Supported Incline Row (Dumbbell)",,"",1,"failure",72,10,,,
"Upper 1","16 de dez. de 2024, 15:19","16 de dez. de 2024, 17:27","","Lateral Raise (Cable)",,"",0,"normal",15,12,,,
"Upper 1","16 de dez. de 2024, 15:19","16 de dez. de 2024, 17:27","","Lateral Raise (Cable)",,"",1,"failure",20,7,,,
"Upper 1","16 de dez. de 2024, 15:19","16 de dez. de 2024, 17:27","","Triceps Extension (Cable)",,"",0,"normal",40,10,,,
"Upper 1","16 de dez. de 2024, 15:19","16 de dez. de 2024, 17:27","","Triceps Extension (Cable)",,"",1,"normal",45,8,,,
"Upper 1","16 de dez. de 2024, 15:19","16 de dez. de 2024, 17:27","","Preacher Curl (Machine)",,"",0,"normal",40,12,,,
"Upper 1","16 de dez. de 2024, 15:19","16 de dez. de 2024, 17:27","","Preacher Curl (Machine)",,"",1,"normal",45,8,,,
"Upper 1","16 de dez. de 2024, 15:19","16 de dez. de 2024, 17:27","","Behind the Back Wrist Curl (Barbell)",,"",0,"failure",75,12,,,
"Upper 1","16 de dez. de 2024, 15:19","16 de dez. de 2024, 17:27","","Behind the Back Wrist Curl (Barbell)",,"",1,"failure",75,10,,,
"lower 2","13 de dez. de 2024, 10:52","13 de dez. de 2024, 12:26","","Crunch (Machine)",,"",0,"normal",84,12,,,
"lower 2","13 de dez. de 2024, 10:52","13 de dez. de 2024, 12:26","","Crunch (Machine)",,"",1,"normal",90,10,,,
"lower 2","13 de dez. de 2024, 10:52","13 de dez. de 2024, 12:26","","Crunch (Machine)",,"",2,"normal",97,9,,,
"lower 2","13 de dez. de 2024, 10:52","13 de dez. de 2024, 12:26","","Single Leg Standing Calf Raise (Barbell)",,"",0,"normal",40,12,,,
"lower 2","13 de dez. de 2024, 10:52","13 de dez. de 2024, 12:26","","Single Leg Standing Calf Raise (Barbell)",,"",1,"normal",60,12,,,
"lower 2","13 de dez. de 2024, 10:52","13 de dez. de 2024, 12:26","","Single Leg Standing Calf Raise (Barbell)",,"",2,"normal",70,12,,,
"lower 2","13 de dez. de 2024, 10:52","13 de dez. de 2024, 12:26","","Straight Leg Deadlift",,"",0,"warmup",80,12,,,
"lower 2","13 de dez. de 2024, 10:52","13 de dez. de 2024, 12:26","","Straight Leg Deadlift",,"",1,"warmup",100,3,,,
"lower 2","13 de dez. de 2024, 10:52","13 de dez. de 2024, 12:26","","Straight Leg Deadlift",,"",2,"failure",110,6,,,
"lower 2","13 de dez. de 2024, 10:52","13 de dez. de 2024, 12:26","","Seated Leg Curl (Machine)",,"",0,"normal",70,12,,,
"lower 2","13 de dez. de 2024, 10:52","13 de dez. de 2024, 12:26","","Seated Leg Curl (Machine)",,"",1,"normal",89,8,,,
"lower 2","13 de dez. de 2024, 10:52","13 de dez. de 2024, 12:26","","Leg Extension (Machine)",,"",0,"warmup",77,3,,,
"lower 2","13 de dez. de 2024, 10:52","13 de dez. de 2024, 12:26","","Leg Extension (Machine)",,"",1,"normal",84,10,,,
"lower 2","13 de dez. de 2024, 10:52","13 de dez. de 2024, 12:26","","Leg Extension (Machine)",,"",2,"normal",90,15,,,
"lower 2","13 de dez. de 2024, 10:52","13 de dez. de 2024, 12:26","","Lying Leg Curl (Machine)",,"",0,"normal",50,10,,,
"lower 2","13 de dez. de 2024, 10:52","13 de dez. de 2024, 12:26","","Lying Leg Curl (Machine)",,"",1,"failure",55,6,,,
"upper 2","12 de dez. de 2024, 15:08","12 de dez. de 2024, 16:33","treino mais rapido da história pois o onibus passava em 10 min (nem deu p fazer tudo)","Lat Pulldown (Cable)",,"",0,"warmup",50,12,,,
"upper 2","12 de dez. de 2024, 15:08","12 de dez. de 2024, 16:33","treino mais rapido da história pois o onibus passava em 10 min (nem deu p fazer tudo)","Lat Pulldown (Cable)",,"",1,"warmup",70,5,,,
"upper 2","12 de dez. de 2024, 15:08","12 de dez. de 2024, 16:33","treino mais rapido da história pois o onibus passava em 10 min (nem deu p fazer tudo)","Lat Pulldown (Cable)",,"",2,"normal",77,8,,,
"upper 2","12 de dez. de 2024, 15:08","12 de dez. de 2024, 16:33","treino mais rapido da história pois o onibus passava em 10 min (nem deu p fazer tudo)","Lat Pulldown (Cable)",,"",3,"normal",82,8,,,
"upper 2","12 de dez. de 2024, 15:08","12 de dez. de 2024, 16:33","treino mais rapido da história pois o onibus passava em 10 min (nem deu p fazer tudo)","Chest Fly (Machine)",,"",0,"warmup",79,3,,,
"upper 2","12 de dez. de 2024, 15:08","12 de dez. de 2024, 16:33","treino mais rapido da história pois o onibus passava em 10 min (nem deu p fazer tudo)","Chest Fly (Machine)",,"",1,"warmup",86,5,,,
"upper 2","12 de dez. de 2024, 15:08","12 de dez. de 2024, 16:33","treino mais rapido da história pois o onibus passava em 10 min (nem deu p fazer tudo)","Chest Fly (Machine)",,"",2,"normal",93,9,,,
"upper 2","12 de dez. de 2024, 15:08","12 de dez. de 2024, 16:33","treino mais rapido da história pois o onibus passava em 10 min (nem deu p fazer tudo)","Chest Fly (Machine)",,"",3,"failure",100,8,,,
"upper 2","12 de dez. de 2024, 15:08","12 de dez. de 2024, 16:33","treino mais rapido da história pois o onibus passava em 10 min (nem deu p fazer tudo)","Seated Cable Row - V Grip (Cable)",,"",0,"normal",70,8,,,
"upper 2","12 de dez. de 2024, 15:08","12 de dez. de 2024, 16:33","treino mais rapido da história pois o onibus passava em 10 min (nem deu p fazer tudo)","Seated Cable Row - V Grip (Cable)",,"",1,"failure",77,10,,,
"upper 2","12 de dez. de 2024, 15:08","12 de dez. de 2024, 16:33","treino mais rapido da história pois o onibus passava em 10 min (nem deu p fazer tudo)","Chest Dip",,"",0,"normal",,13,,,
"upper 2","12 de dez. de 2024, 15:08","12 de dez. de 2024, 16:33","treino mais rapido da história pois o onibus passava em 10 min (nem deu p fazer tudo)","Chest Dip",,"",1,"normal",,13,,,
"upper 2","12 de dez. de 2024, 15:08","12 de dez. de 2024, 16:33","treino mais rapido da história pois o onibus passava em 10 min (nem deu p fazer tudo)","Shoulder Press (Dumbbell)",,"",0,"normal",40,10,,,
"upper 2","12 de dez. de 2024, 15:08","12 de dez. de 2024, 16:33","treino mais rapido da história pois o onibus passava em 10 min (nem deu p fazer tudo)","Shoulder Press (Dumbbell)",,"",1,"failure",44,10,,,
"upper 2","12 de dez. de 2024, 15:08","12 de dez. de 2024, 16:33","treino mais rapido da história pois o onibus passava em 10 min (nem deu p fazer tudo)","Triceps Pushdown",,"",0,"normal",60,5,,,
"upper 2","12 de dez. de 2024, 15:08","12 de dez. de 2024, 16:33","treino mais rapido da história pois o onibus passava em 10 min (nem deu p fazer tudo)","Triceps Pushdown",,"",1,"normal",70,6,,,
"upper 2","12 de dez. de 2024, 15:08","12 de dez. de 2024, 16:33","treino mais rapido da história pois o onibus passava em 10 min (nem deu p fazer tudo)","Seated Incline Curl (Dumbbell)",,"",0,"normal",20,8,,,
"upper 2","12 de dez. de 2024, 15:08","12 de dez. de 2024, 16:33","treino mais rapido da história pois o onibus passava em 10 min (nem deu p fazer tudo)","Seated Incline Curl (Dumbbell)",,"",1,"normal",14,5,,,
"Lower 1","10 de dez. de 2024, 15:40","10 de dez. de 2024, 16:54","leg day dps de 1 século. Regressão de carga veio em peso

PS:malhar e correr melhor que fuder🔥🔥🔥🔥🔥🔥🔥🔥🔥","Crunch (Machine)",,"",0,"normal",84,12,,,
"Lower 1","10 de dez. de 2024, 15:40","10 de dez. de 2024, 16:54","leg day dps de 1 século. Regressão de carga veio em peso

PS:malhar e correr melhor que fuder🔥🔥🔥🔥🔥🔥🔥🔥🔥","Crunch (Machine)",,"",1,"normal",90,11,,,
"Lower 1","10 de dez. de 2024, 15:40","10 de dez. de 2024, 16:54","leg day dps de 1 século. Regressão de carga veio em peso

PS:malhar e correr melhor que fuder🔥🔥🔥🔥🔥🔥🔥🔥🔥","Crunch (Machine)",,"",2,"normal",97,9,,,
"Lower 1","10 de dez. de 2024, 15:40","10 de dez. de 2024, 16:54","leg day dps de 1 século. Regressão de carga veio em peso

PS:malhar e correr melhor que fuder🔥🔥🔥🔥🔥🔥🔥🔥🔥","Single Leg Standing Calf Raise (Barbell)",,"",0,"normal",40,12,,,
"Lower 1","10 de dez. de 2024, 15:40","10 de dez. de 2024, 16:54","leg day dps de 1 século. Regressão de carga veio em peso

PS:malhar e correr melhor que fuder🔥🔥🔥🔥🔥🔥🔥🔥🔥","Single Leg Standing Calf Raise (Barbell)",,"",1,"normal",50,12,,,
"Lower 1","10 de dez. de 2024, 15:40","10 de dez. de 2024, 16:54","leg day dps de 1 século. Regressão de carga veio em peso

PS:malhar e correr melhor que fuder🔥🔥🔥🔥🔥🔥🔥🔥🔥","Single Leg Standing Calf Raise (Barbell)",,"",2,"normal",60,12,,,
"Lower 1","10 de dez. de 2024, 15:40","10 de dez. de 2024, 16:54","leg day dps de 1 século. Regressão de carga veio em peso

PS:malhar e correr melhor que fuder🔥🔥🔥🔥🔥🔥🔥🔥🔥","Squat (Barbell)",,"",0,"warmup",60,12,,,
"Lower 1","10 de dez. de 2024, 15:40","10 de dez. de 2024, 16:54","leg day dps de 1 século. Regressão de carga veio em peso

PS:malhar e correr melhor que fuder🔥🔥🔥🔥🔥🔥🔥🔥🔥","Squat (Barbell)",,"",1,"warmup",80,5,,,
"Lower 1","10 de dez. de 2024, 15:40","10 de dez. de 2024, 16:54","leg day dps de 1 século. Regressão de carga veio em peso

PS:malhar e correr melhor que fuder🔥🔥🔥🔥🔥🔥🔥🔥🔥","Squat (Barbell)",,"",2,"warmup",90,3,,,
"Lower 1","10 de dez. de 2024, 15:40","10 de dez. de 2024, 16:54","leg day dps de 1 século. Regressão de carga veio em peso

PS:malhar e correr melhor que fuder🔥🔥🔥🔥🔥🔥🔥🔥🔥","Squat (Barbell)",,"",3,"normal",100,6,,,
"Lower 1","10 de dez. de 2024, 15:40","10 de dez. de 2024, 16:54","leg day dps de 1 século. Regressão de carga veio em peso

PS:malhar e correr melhor que fuder🔥🔥🔥🔥🔥🔥🔥🔥🔥","Leg Extension (Machine)",,"",0,"warmup",90,5,,,
"Lower 1","10 de dez. de 2024, 15:40","10 de dez. de 2024, 16:54","leg day dps de 1 século. Regressão de carga veio em peso

PS:malhar e correr melhor que fuder🔥🔥🔥🔥🔥🔥🔥🔥🔥","Leg Extension (Machine)",,"",1,"normal",77,12,,,
"Lower 1","10 de dez. de 2024, 15:40","10 de dez. de 2024, 16:54","leg day dps de 1 século. Regressão de carga veio em peso

PS:malhar e correr melhor que fuder🔥🔥🔥🔥🔥🔥🔥🔥🔥","Leg Extension (Machine)",,"",2,"normal",84,12,,,
"Lower 1","10 de dez. de 2024, 15:40","10 de dez. de 2024, 16:54","leg day dps de 1 século. Regressão de carga veio em peso

PS:malhar e correr melhor que fuder🔥🔥🔥🔥🔥🔥🔥🔥🔥","Leg Extension (Machine)",,"",3,"failure",50,20,,,
"Lower 1","10 de dez. de 2024, 15:40","10 de dez. de 2024, 16:54","leg day dps de 1 século. Regressão de carga veio em peso

PS:malhar e correr melhor que fuder🔥🔥🔥🔥🔥🔥🔥🔥🔥","Lying Leg Curl (Machine)",,"",0,"warmup",45,5,,,
"Lower 1","10 de dez. de 2024, 15:40","10 de dez. de 2024, 16:54","leg day dps de 1 século. Regressão de carga veio em peso

PS:malhar e correr melhor que fuder🔥🔥🔥🔥🔥🔥🔥🔥🔥","Lying Leg Curl (Machine)",,"",1,"normal",50,11,,,
"Lower 1","10 de dez. de 2024, 15:40","10 de dez. de 2024, 16:54","leg day dps de 1 século. Regressão de carga veio em peso

PS:malhar e correr melhor que fuder🔥🔥🔥🔥🔥🔥🔥🔥🔥","Lying Leg Curl (Machine)",,"",2,"normal",55,9,,,
"Upper 1","9 de dez. de 2024, 15:12","9 de dez. de 2024, 17:25","","Incline Bench Press (Dumbbell)",,"",0,"warmup",36,12,,,
"Upper 1","9 de dez. de 2024, 15:12","9 de dez. de 2024, 17:25","","Incline Bench Press (Dumbbell)",,"",1,"warmup",52,5,,,
"Upper 1","9 de dez. de 2024, 15:12","9 de dez. de 2024, 17:25","","Incline Bench Press (Dumbbell)",,"",2,"warmup",56,3,,,
"Upper 1","9 de dez. de 2024, 15:12","9 de dez. de 2024, 17:25","","Incline Bench Press (Dumbbell)",,"",3,"normal",60,7,,,
"Upper 1","9 de dez. de 2024, 15:12","9 de dez. de 2024, 17:25","","Incline Bench Press (Dumbbell)",,"",4,"failure",64,7,,,
"Upper 1","9 de dez. de 2024, 15:12","9 de dez. de 2024, 17:25","","Lat Pulldown (Cable)",,"",0,"warmup",50,12,,,
"Upper 1","9 de dez. de 2024, 15:12","9 de dez. de 2024, 17:25","","Lat Pulldown (Cable)",,"",1,"warmup",70,5,,,
"Upper 1","9 de dez. de 2024, 15:12","9 de dez. de 2024, 17:25","","Lat Pulldown (Cable)",,"",2,"normal",77,8,,,
"Upper 1","9 de dez. de 2024, 15:12","9 de dez. de 2024, 17:25","","Lat Pulldown (Cable)",,"",3,"failure",82,12,,,
"Upper 1","9 de dez. de 2024, 15:12","9 de dez. de 2024, 17:25","","Chest Fly (Machine)",,"",0,"normal",100,9,,,
"Upper 1","9 de dez. de 2024, 15:12","9 de dez. de 2024, 17:25","","Chest Fly (Machine)",,"",1,"failure",107,6,,,
"Upper 1","9 de dez. de 2024, 15:12","9 de dez. de 2024, 17:25","","Chest Supported Incline Row (Dumbbell)",,"",0,"failure",68,10,,,
"Upper 1","9 de dez. de 2024, 15:12","9 de dez. de 2024, 17:25","","Chest Supported Incline Row (Dumbbell)",,"",1,"failure",72,8,,,
"Upper 1","9 de dez. de 2024, 15:12","9 de dez. de 2024, 17:25","","Lateral Raise (Cable)",,"",0,"normal",15,10,,,
"Upper 1","9 de dez. de 2024, 15:12","9 de dez. de 2024, 17:25","","Lateral Raise (Cable)",,"",1,"failure",20,6,,,
"Upper 1","9 de dez. de 2024, 15:12","9 de dez. de 2024, 17:25","","Triceps Extension (Cable)",,"",0,"normal",35,12,,,
"Upper 1","9 de dez. de 2024, 15:12","9 de dez. de 2024, 17:25","","Triceps Extension (Cable)",,"",1,"normal",40,8,,,
"Upper 1","9 de dez. de 2024, 15:12","9 de dez. de 2024, 17:25","","Preacher Curl (Machine)",,"",0,"normal",35,12,,,
"Upper 1","9 de dez. de 2024, 15:12","9 de dez. de 2024, 17:25","","Preacher Curl (Machine)",,"",1,"normal",40,8,,,
"Upper 1","9 de dez. de 2024, 15:12","9 de dez. de 2024, 17:25","","Behind the Back Wrist Curl (Barbell)",,"",0,"failure",75,10,,,
"Upper 1","9 de dez. de 2024, 15:12","9 de dez. de 2024, 17:25","","Behind the Back Wrist Curl (Barbell)",,"",1,"failure",75,6,,,
"peitinho","28 de nov. de 2024, 15:13","28 de nov. de 2024, 18:51","","Incline Bench Press (Dumbbell)",,"",0,"warmup",36,12,,,
"peitinho","28 de nov. de 2024, 15:13","28 de nov. de 2024, 18:51","","Incline Bench Press (Dumbbell)",,"",1,"warmup",52,5,,,
"peitinho","28 de nov. de 2024, 15:13","28 de nov. de 2024, 18:51","","Incline Bench Press (Dumbbell)",,"",2,"warmup",56,3,,,
"peitinho","28 de nov. de 2024, 15:13","28 de nov. de 2024, 18:51","","Incline Bench Press (Dumbbell)",,"",3,"normal",60,7,,,
"peitinho","28 de nov. de 2024, 15:13","28 de nov. de 2024, 18:51","","Incline Bench Press (Dumbbell)",,"",4,"failure",64,6,,,
"peitinho","28 de nov. de 2024, 15:13","28 de nov. de 2024, 18:51","","Chest Fly (Machine)",,"",0,"warmup",93,3,,,
"peitinho","28 de nov. de 2024, 15:13","28 de nov. de 2024, 18:51","","Chest Fly (Machine)",,"",1,"normal",100,9,,,
"peitinho","28 de nov. de 2024, 15:13","28 de nov. de 2024, 18:51","","Chest Fly (Machine)",,"",2,"failure",107,9,,,
"peitinho","28 de nov. de 2024, 15:13","28 de nov. de 2024, 18:51","","Chest Dip",,"",0,"normal",,13,,,
"peitinho","28 de nov. de 2024, 15:13","28 de nov. de 2024, 18:51","","Chest Dip",,"",1,"failure",,11,,,
"peitinho","28 de nov. de 2024, 15:13","28 de nov. de 2024, 18:51","","Chest Dip",,"",2,"dropset",,12,,,
"peitinho","28 de nov. de 2024, 15:13","28 de nov. de 2024, 18:51","","Shoulder Press (Dumbbell)",,"",0,"warmup",40,3,,,
"peitinho","28 de nov. de 2024, 15:13","28 de nov. de 2024, 18:51","","Shoulder Press (Dumbbell)",,"",1,"failure",44,12,,,
"peitinho","28 de nov. de 2024, 15:13","28 de nov. de 2024, 18:51","","Lateral Raise (Cable)",,"",0,"normal",15,10,,,
"peitinho","28 de nov. de 2024, 15:13","28 de nov. de 2024, 18:51","","Lateral Raise (Cable)",,"",1,"failure",20,6,,,
"peitinho","28 de nov. de 2024, 15:13","28 de nov. de 2024, 18:51","","Triceps Rope Pushdown",,"",0,"warmup",60,5,,,
"peitinho","28 de nov. de 2024, 15:13","28 de nov. de 2024, 18:51","","Triceps Rope Pushdown",,"",1,"warmup",70,6,,,
"peitinho","28 de nov. de 2024, 15:13","28 de nov. de 2024, 18:51","","Triceps Rope Pushdown",,"",2,"failure",70,5,,,
"peitinho","28 de nov. de 2024, 15:13","28 de nov. de 2024, 18:51","","Triceps Extension (Cable)",,"",0,"failure",40,10,,,
"peitinho","28 de nov. de 2024, 15:13","28 de nov. de 2024, 18:51","","Triceps Extension (Cable)",,"",1,"failure",45,10,,,
"peitinho","28 de nov. de 2024, 15:13","28 de nov. de 2024, 18:51","","Crunch (Machine)",,"",0,"normal",84,12,,,
"peitinho","28 de nov. de 2024, 15:13","28 de nov. de 2024, 18:51","","Crunch (Machine)",,"",1,"normal",90,10,,,
"peitinho","6 de nov. de 2024, 10:41","6 de nov. de 2024, 12:48","","Chest Fly (Machine)",,"",0,"warmup",52,12,,,
"peitinho","6 de nov. de 2024, 10:41","6 de nov. de 2024, 12:48","","Chest Fly (Machine)",,"",1,"warmup",79,5,,,
"peitinho","6 de nov. de 2024, 10:41","6 de nov. de 2024, 12:48","","Chest Fly (Machine)",,"",2,"warmup",93,3,,,
"peitinho","6 de nov. de 2024, 10:41","6 de nov. de 2024, 12:48","","Chest Fly (Machine)",,"",3,"normal",100,9,,,
"peitinho","6 de nov. de 2024, 10:41","6 de nov. de 2024, 12:48","","Chest Fly (Machine)",,"",4,"failure",107,7,,,
"peitinho","6 de nov. de 2024, 10:41","6 de nov. de 2024, 12:48","","Incline Bench Press (Dumbbell)",,"",0,"warmup",56,3,,,
"peitinho","6 de nov. de 2024, 10:41","6 de nov. de 2024, 12:48","","Incline Bench Press (Dumbbell)",,"",1,"normal",60,6,,,
"peitinho","6 de nov. de 2024, 10:41","6 de nov. de 2024, 12:48","","Incline Bench Press (Dumbbell)",,"",2,"failure",64,6,,,
"peitinho","6 de nov. de 2024, 10:41","6 de nov. de 2024, 12:48","","Chest Dip",,"",0,"normal",,13,,,
"peitinho","6 de nov. de 2024, 10:41","6 de nov. de 2024, 12:48","","Chest Dip",,"",1,"failure",,11,,,
"peitinho","6 de nov. de 2024, 10:41","6 de nov. de 2024, 12:48","","Chest Dip",,"",2,"dropset",,12,,,
"peitinho","6 de nov. de 2024, 10:41","6 de nov. de 2024, 12:48","","Lateral Raise (Cable)",,"",0,"normal",15,10,,,
"peitinho","6 de nov. de 2024, 10:41","6 de nov. de 2024, 12:48","","Lateral Raise (Cable)",,"",1,"failure",20,11,,,
"peitinho","6 de nov. de 2024, 10:41","6 de nov. de 2024, 12:48","","Rear Delt Reverse Fly (Machine)",,"",0,"warmup",66,3,,,
"peitinho","6 de nov. de 2024, 10:41","6 de nov. de 2024, 12:48","","Rear Delt Reverse Fly (Machine)",,"",1,"failure",73,7,,,
"peitinho","6 de nov. de 2024, 10:41","6 de nov. de 2024, 12:48","","Triceps Rope Pushdown",,"",0,"warmup",60,5,,,
"peitinho","6 de nov. de 2024, 10:41","6 de nov. de 2024, 12:48","","Triceps Rope Pushdown",,"",1,"warmup",65,3,,,
"peitinho","6 de nov. de 2024, 10:41","6 de nov. de 2024, 12:48","","Triceps Rope Pushdown",,"",2,"failure",70,8,,,
"peitinho","6 de nov. de 2024, 10:41","6 de nov. de 2024, 12:48","","Triceps Extension (Cable)",,"",0,"warmup",35,3,,,
"peitinho","6 de nov. de 2024, 10:41","6 de nov. de 2024, 12:48","","Triceps Extension (Cable)",,"",1,"failure",40,10,,,
"peitinho","6 de nov. de 2024, 10:41","6 de nov. de 2024, 12:48","","Triceps Extension (Cable)",,"",2,"failure",45,10,,,
"peitinho","6 de nov. de 2024, 10:41","6 de nov. de 2024, 12:48","","Crunch (Machine)",,"",0,"normal",84,12,,,
"peitinho","6 de nov. de 2024, 10:41","6 de nov. de 2024, 12:48","","Crunch (Machine)",,"",1,"normal",90,10,,,
"peitinho","6 de nov. de 2024, 10:41","6 de nov. de 2024, 12:48","","Crunch (Machine)",,"",2,"normal",97,8,,,
"beck dei","4 de nov. de 2024, 15:23","4 de nov. de 2024, 16:54","","Lat Pulldown (Cable)",,"",0,"warmup",50,12,,,
"beck dei","4 de nov. de 2024, 15:23","4 de nov. de 2024, 16:54","","Lat Pulldown (Cable)",,"",1,"warmup",70,5,,,
"beck dei","4 de nov. de 2024, 15:23","4 de nov. de 2024, 16:54","","Lat Pulldown (Cable)",,"",2,"warmup",77,3,,,
"beck dei","4 de nov. de 2024, 15:23","4 de nov. de 2024, 16:54","","Lat Pulldown (Cable)",,"",3,"failure",84,8,,,
"beck dei","4 de nov. de 2024, 15:23","4 de nov. de 2024, 16:54","","Chest Supported Incline Row (Dumbbell)",,"",0,"warmup",60,3,,,
"beck dei","4 de nov. de 2024, 15:23","4 de nov. de 2024, 16:54","","Chest Supported Incline Row (Dumbbell)",,"",1,"normal",64,10,,,
"beck dei","4 de nov. de 2024, 15:23","4 de nov. de 2024, 16:54","","Chest Supported Incline Row (Dumbbell)",,"",2,"failure",68,10,,,
"beck dei","4 de nov. de 2024, 15:23","4 de nov. de 2024, 16:54","","Chest Supported Incline Row (Dumbbell)",,"",3,"failure",72,8,,,
"beck dei","4 de nov. de 2024, 15:23","4 de nov. de 2024, 16:54","","Iso-Lateral Row (Machine)",,"",0,"failure",90,6,,,
"beck dei","4 de nov. de 2024, 15:23","4 de nov. de 2024, 16:54","","Hammer Curl (Dumbbell)",,"",0,"warmup",18,12,,,
"beck dei","4 de nov. de 2024, 15:23","4 de nov. de 2024, 16:54","","Hammer Curl (Dumbbell)",,"",1,"warmup",22,5,,,
"beck dei","4 de nov. de 2024, 15:23","4 de nov. de 2024, 16:54","","Hammer Curl (Dumbbell)",,"",2,"normal",24,10,,,
"beck dei","4 de nov. de 2024, 15:23","4 de nov. de 2024, 16:54","","Hammer Curl (Dumbbell)",,"",3,"normal",24,6,,,
"beck dei","4 de nov. de 2024, 15:23","4 de nov. de 2024, 16:54","","Seated Incline Curl (Dumbbell)",,"",0,"failure",20,8,,,
"beck dei","4 de nov. de 2024, 15:23","4 de nov. de 2024, 16:54","","Preacher Curl (Barbell)",,"",0,"normal",20,10,,,
"beck dei","4 de nov. de 2024, 15:23","4 de nov. de 2024, 16:54","","Preacher Curl (Barbell)",,"",1,"failure",25,8,,,
"perna","31 de out. de 2024, 10:33","31 de out. de 2024, 12:23","","Seated Calf Raise",,"",0,"normal",40,15,,,
"perna","31 de out. de 2024, 10:33","31 de out. de 2024, 12:23","","Seated Calf Raise",,"",1,"normal",60,12,,,
"perna","31 de out. de 2024, 10:33","31 de out. de 2024, 12:23","","Seated Calf Raise",,"",2,"normal",70,12,,,
"perna","31 de out. de 2024, 10:33","31 de out. de 2024, 12:23","","Squat (Barbell)",,"",0,"warmup",60,12,,,
"perna","31 de out. de 2024, 10:33","31 de out. de 2024, 12:23","","Squat (Barbell)",,"",1,"warmup",80,5,,,
"perna","31 de out. de 2024, 10:33","31 de out. de 2024, 12:23","","Squat (Barbell)",,"",2,"warmup",90,3,,,
"perna","31 de out. de 2024, 10:33","31 de out. de 2024, 12:23","","Squat (Barbell)",,"",3,"normal",100,8,,,
"perna","31 de out. de 2024, 10:33","31 de out. de 2024, 12:23","","Squat (Barbell)",,"",4,"failure",110,6,,,
"perna","31 de out. de 2024, 10:33","31 de out. de 2024, 12:23","","Lying Leg Curl (Machine)",,"",0,"normal",50,10,,,
"perna","31 de out. de 2024, 10:33","31 de out. de 2024, 12:23","","Lying Leg Curl (Machine)",,"",1,"normal",55,8,,,
"perna","31 de out. de 2024, 10:33","31 de out. de 2024, 12:23","","Lying Leg Curl (Machine)",,"",2,"normal",59,7,,,
"perna","31 de out. de 2024, 10:33","31 de out. de 2024, 12:23","","Leg Extension (Machine)",,"",0,"warmup",90,3,,,
"perna","31 de out. de 2024, 10:33","31 de out. de 2024, 12:23","","Leg Extension (Machine)",,"",1,"normal",70,12,,,
"perna","31 de out. de 2024, 10:33","31 de out. de 2024, 12:23","","Leg Extension (Machine)",,"",2,"normal",77,15,,,
"perna","31 de out. de 2024, 10:33","31 de out. de 2024, 12:23","","Straight Leg Deadlift",,"",0,"warmup",60,5,,,
"perna","31 de out. de 2024, 10:33","31 de out. de 2024, 12:23","","Straight Leg Deadlift",,"",1,"normal",100,8,,,
"perna","31 de out. de 2024, 10:33","31 de out. de 2024, 12:23","","Straight Leg Deadlift",,"",2,"failure",120,4,,,
"peitinho","29 de out. de 2024, 15:32","29 de out. de 2024, 17:00","","Chest Fly (Machine)",,"",0,"warmup",52,12,,,
"peitinho","29 de out. de 2024, 15:32","29 de out. de 2024, 17:00","","Chest Fly (Machine)",,"",1,"warmup",79,5,,,
"peitinho","29 de out. de 2024, 15:32","29 de out. de 2024, 17:00","","Chest Fly (Machine)",,"",2,"warmup",93,3,,,
"peitinho","29 de out. de 2024, 15:32","29 de out. de 2024, 17:00","","Chest Fly (Machine)",,"",3,"normal",100,8,,,
"peitinho","29 de out. de 2024, 15:32","29 de out. de 2024, 17:00","","Chest Fly (Machine)",,"",4,"failure",107,7,,,
"peitinho","29 de out. de 2024, 15:32","29 de out. de 2024, 17:00","","Incline Bench Press (Dumbbell)",,"",0,"warmup",64,3,,,
"peitinho","29 de out. de 2024, 15:32","29 de out. de 2024, 17:00","","Incline Bench Press (Dumbbell)",,"",1,"failure",68,4,,,
"peitinho","29 de out. de 2024, 15:32","29 de out. de 2024, 17:00","","Incline Bench Press (Dumbbell)",,"",2,"normal",60,8,,,
"peitinho","29 de out. de 2024, 15:32","29 de out. de 2024, 17:00","","Chest Dip",,"",0,"normal",,13,,,
"peitinho","29 de out. de 2024, 15:32","29 de out. de 2024, 17:00","","Chest Dip",,"",1,"failure",,11,,,
"peitinho","29 de out. de 2024, 15:32","29 de out. de 2024, 17:00","","Chest Dip",,"",2,"dropset",,12,,,
"peitinho","29 de out. de 2024, 15:32","29 de out. de 2024, 17:00","","Shoulder Press (Dumbbell)",,"",0,"warmup",40,3,,,
"peitinho","29 de out. de 2024, 15:32","29 de out. de 2024, 17:00","","Shoulder Press (Dumbbell)",,"",1,"failure",44,12,,,
"peitinho","29 de out. de 2024, 15:32","29 de out. de 2024, 17:00","","Lateral Raise (Cable)",,"",0,"normal",15,10,,,
"peitinho","29 de out. de 2024, 15:32","29 de out. de 2024, 17:00","","Lateral Raise (Cable)",,"",1,"failure",20,9,,,
"peitinho","29 de out. de 2024, 15:32","29 de out. de 2024, 17:00","","Rear Delt Reverse Fly (Machine)",,"",0,"warmup",66,5,,,
"peitinho","29 de out. de 2024, 15:32","29 de out. de 2024, 17:00","","Rear Delt Reverse Fly (Machine)",,"",1,"failure",73,6,,,
"peitinho","29 de out. de 2024, 15:32","29 de out. de 2024, 17:00","","Triceps Rope Pushdown",,"",0,"warmup",60,5,,,
"peitinho","29 de out. de 2024, 15:32","29 de out. de 2024, 17:00","","Triceps Rope Pushdown",,"",1,"warmup",65,3,,,
"peitinho","29 de out. de 2024, 15:32","29 de out. de 2024, 17:00","","Triceps Rope Pushdown",,"",2,"failure",70,6,,,
"peitinho","29 de out. de 2024, 15:32","29 de out. de 2024, 17:00","","Triceps Extension (Cable)",,"",0,"warmup",35,3,,,
"peitinho","29 de out. de 2024, 15:32","29 de out. de 2024, 17:00","","Triceps Extension (Cable)",,"",1,"failure",40,10,,,
"peitinho","29 de out. de 2024, 15:32","29 de out. de 2024, 17:00","","Triceps Extension (Cable)",,"",2,"failure",45,10,,,
"peitinho","29 de out. de 2024, 15:32","29 de out. de 2024, 17:00","","Crunch (Machine)",,"",0,"normal",84,12,,,
"peitinho","29 de out. de 2024, 15:32","29 de out. de 2024, 17:00","","Crunch (Machine)",,"",1,"normal",90,10,,,
"peitinho","29 de out. de 2024, 15:32","29 de out. de 2024, 17:00","","Crunch (Machine)",,"",2,"normal",97,8,,,
"peitinho","24 de out. de 2024, 15:05","24 de out. de 2024, 17:16","","Incline Bench Press (Dumbbell)",,"",0,"warmup",36,12,,,
"peitinho","24 de out. de 2024, 15:05","24 de out. de 2024, 17:16","","Incline Bench Press (Dumbbell)",,"",1,"warmup",60,5,,,
"peitinho","24 de out. de 2024, 15:05","24 de out. de 2024, 17:16","","Incline Bench Press (Dumbbell)",,"",2,"warmup",64,3,,,
"peitinho","24 de out. de 2024, 15:05","24 de out. de 2024, 17:16","","Incline Bench Press (Dumbbell)",,"",3,"failure",68,7,,,
"peitinho","24 de out. de 2024, 15:05","24 de out. de 2024, 17:16","","Chest Fly (Machine)",,"",0,"normal",93,5,,,
"peitinho","24 de out. de 2024, 15:05","24 de out. de 2024, 17:16","","Chest Fly (Machine)",,"",1,"failure",107,7,,,
"peitinho","24 de out. de 2024, 15:05","24 de out. de 2024, 17:16","","Chest Dip",,"",0,"normal",,13,,,
"peitinho","24 de out. de 2024, 15:05","24 de out. de 2024, 17:16","","Chest Dip",,"",1,"failure",,11,,,
"peitinho","24 de out. de 2024, 15:05","24 de out. de 2024, 17:16","","Shoulder Press (Dumbbell)",,"",0,"warmup",40,3,,,
"peitinho","24 de out. de 2024, 15:05","24 de out. de 2024, 17:16","","Shoulder Press (Dumbbell)",,"",1,"failure",44,11,,,
"peitinho","24 de out. de 2024, 15:05","24 de out. de 2024, 17:16","","Lateral Raise (Cable)",,"",0,"normal",15,5,,,
"peitinho","24 de out. de 2024, 15:05","24 de out. de 2024, 17:16","","Lateral Raise (Cable)",,"",1,"failure",20,6,,,
"peitinho","24 de out. de 2024, 15:05","24 de out. de 2024, 17:16","","Rear Delt Reverse Fly (Machine)",,"",0,"failure",66,12,,,
"peitinho","24 de out. de 2024, 15:05","24 de out. de 2024, 17:16","","Rear Delt Reverse Fly (Machine)",,"",1,"failure",73,6,,,
"peitinho","24 de out. de 2024, 15:05","24 de out. de 2024, 17:16","","Triceps Rope Pushdown",,"",0,"warmup",30,12,,,
"peitinho","24 de out. de 2024, 15:05","24 de out. de 2024, 17:16","","Triceps Rope Pushdown",,"",1,"warmup",65,3,,,
"peitinho","24 de out. de 2024, 15:05","24 de out. de 2024, 17:16","","Triceps Rope Pushdown",,"",2,"failure",70,6,,,
"peitinho","24 de out. de 2024, 15:05","24 de out. de 2024, 17:16","","Triceps Extension (Cable)",,"",0,"warmup",35,3,,,
"peitinho","24 de out. de 2024, 15:05","24 de out. de 2024, 17:16","","Triceps Extension (Cable)",,"",1,"failure",40,10,,,
"peitinho","24 de out. de 2024, 15:05","24 de out. de 2024, 17:16","","Triceps Extension (Cable)",,"",2,"failure",45,10,,,
"peitinho","24 de out. de 2024, 15:05","24 de out. de 2024, 17:16","","Crunch (Machine)",,"",0,"normal",84,12,,,
"peitinho","24 de out. de 2024, 15:05","24 de out. de 2024, 17:16","","Crunch (Machine)",,"",1,"normal",90,10,,,
"peitinho","24 de out. de 2024, 15:05","24 de out. de 2024, 17:16","","Crunch (Machine)",,"",2,"normal",97,8,,,
"treino de alma","16 de out. de 2024, 16:25","16 de out. de 2024, 18:37","","Lat Pulldown (Cable)",,"",0,"warmup",50,12,,,
"treino de alma","16 de out. de 2024, 16:25","16 de out. de 2024, 18:37","","Lat Pulldown (Cable)",,"",1,"warmup",70,5,,,
"treino de alma","16 de out. de 2024, 16:25","16 de out. de 2024, 18:37","","Lat Pulldown (Cable)",,"",2,"warmup",77,3,,,
"treino de alma","16 de out. de 2024, 16:25","16 de out. de 2024, 18:37","","Lat Pulldown (Cable)",,"",3,"normal",84,8,,,
"treino de alma","16 de out. de 2024, 16:25","16 de out. de 2024, 18:37","","Lat Pulldown (Cable)",,"",4,"failure",84,6,,,
"treino de alma","16 de out. de 2024, 16:25","16 de out. de 2024, 18:37","","Bent Over Row (Barbell)",,"",0,"normal",60,12,,,
"treino de alma","16 de out. de 2024, 16:25","16 de out. de 2024, 18:37","","Bent Over Row (Barbell)",,"",1,"normal",80,12,,,
"treino de alma","16 de out. de 2024, 16:25","16 de out. de 2024, 18:37","","Bent Over Row (Barbell)",,"",2,"failure",100,12,,,
"treino de alma","16 de out. de 2024, 16:25","16 de out. de 2024, 18:37","","Meadows Rows (Barbell)",,"",0,"normal",50,12,,,
"treino de alma","16 de out. de 2024, 16:25","16 de out. de 2024, 18:37","","Meadows Rows (Barbell)",,"",1,"normal",60,12,,,
"treino de alma","16 de out. de 2024, 16:25","16 de out. de 2024, 18:37","","Meadows Rows (Barbell)",,"",2,"failure",70,12,,,
"treino de alma","16 de out. de 2024, 16:25","16 de out. de 2024, 18:37","","Single Arm Lat Pulldown",,"",0,"normal",55,12,,,
"treino de alma","16 de out. de 2024, 16:25","16 de out. de 2024, 18:37","","Single Arm Lat Pulldown",,"",1,"failure",75,10,,,
"treino de alma","16 de out. de 2024, 16:25","16 de out. de 2024, 18:37","","Seated Cable Row - V Grip (Cable)",,"",0,"failure",77,8,,,
"treino de alma","16 de out. de 2024, 16:25","16 de out. de 2024, 18:37","","Seated Cable Row - V Grip (Cable)",,"",1,"failure",77,8,,,
"treino de alma","16 de out. de 2024, 16:25","16 de out. de 2024, 18:37","","Dumbbell Row",,"",0,"failure",46,12,,,
"treino de alma","16 de out. de 2024, 16:25","16 de out. de 2024, 18:37","","Dumbbell Row",,"",1,"failure",46,9,,,
"treino de alma","16 de out. de 2024, 16:25","16 de out. de 2024, 18:37","","Hammer Curl (Dumbbell)",,"",0,"normal",24,6,,,
"treino de alma","16 de out. de 2024, 16:25","16 de out. de 2024, 18:37","","Hammer Curl (Dumbbell)",,"",1,"failure",26,7,,,
"treino de alma","16 de out. de 2024, 16:25","16 de out. de 2024, 18:37","","EZ Bar Biceps Curl",,"",0,"normal",17.5,12,,,
"treino de alma","16 de out. de 2024, 16:25","16 de out. de 2024, 18:37","","EZ Bar Biceps Curl",,"",1,"failure",20,10,,,
"peitinho","14 de out. de 2024, 15:56","14 de out. de 2024, 17:19","","Incline Bench Press (Dumbbell)",,"",0,"warmup",36,12,,,
"peitinho","14 de out. de 2024, 15:56","14 de out. de 2024, 17:19","","Incline Bench Press (Dumbbell)",,"",1,"warmup",60,5,,,
"peitinho","14 de out. de 2024, 15:56","14 de out. de 2024, 17:19","","Incline Bench Press (Dumbbell)",,"",2,"warmup",64,3,,,
"peitinho","14 de out. de 2024, 15:56","14 de out. de 2024, 17:19","","Incline Bench Press (Dumbbell)",,"",3,"normal",68,6,,,
"peitinho","14 de out. de 2024, 15:56","14 de out. de 2024, 17:19","","Incline Bench Press (Dumbbell)",,"",4,"failure",72,5,,,
"peitinho","14 de out. de 2024, 15:56","14 de out. de 2024, 17:19","","Chest Fly (Machine)",,"",0,"normal",100,6,,,
"peitinho","14 de out. de 2024, 15:56","14 de out. de 2024, 17:19","","Chest Fly (Machine)",,"",1,"failure",107,6,,,
"peitinho","14 de out. de 2024, 15:56","14 de out. de 2024, 17:19","","Chest Dip",,"",0,"normal",,12,,,
"peitinho","14 de out. de 2024, 15:56","14 de out. de 2024, 17:19","","Chest Dip",,"",1,"failure",,13,,,
"peitinho","14 de out. de 2024, 15:56","14 de out. de 2024, 17:19","","Lateral Raise (Cable)",,"",0,"warmup",10,12,,,
"peitinho","14 de out. de 2024, 15:56","14 de out. de 2024, 17:19","","Lateral Raise (Cable)",,"",1,"normal",15,10,,,
"peitinho","14 de out. de 2024, 15:56","14 de out. de 2024, 17:19","","Lateral Raise (Cable)",,"",2,"failure",20,8,,,
"peitinho","14 de out. de 2024, 15:56","14 de out. de 2024, 17:19","","Shoulder Press (Dumbbell)",,"",0,"normal",40,10,,,
"peitinho","14 de out. de 2024, 15:56","14 de out. de 2024, 17:19","","Shoulder Press (Dumbbell)",,"",1,"failure",44,9,,,
"peitinho","14 de out. de 2024, 15:56","14 de out. de 2024, 17:19","","Rear Delt Reverse Fly (Machine)",,"",0,"failure",66,12,,,
"peitinho","14 de out. de 2024, 15:56","14 de out. de 2024, 17:19","","Triceps Rope Pushdown",,"",0,"warmup",60,3,,,
"peitinho","14 de out. de 2024, 15:56","14 de out. de 2024, 17:19","","Triceps Rope Pushdown",,"",1,"failure",70,7,,,
"peitinho","14 de out. de 2024, 15:56","14 de out. de 2024, 17:19","","Triceps Extension (Cable)",,"",0,"normal",40,10,,,
"peitinho","14 de out. de 2024, 15:56","14 de out. de 2024, 17:19","","Triceps Extension (Cable)",,"",1,"failure",45,10,,,
"peitinho","14 de out. de 2024, 15:56","14 de out. de 2024, 17:19","","Crunch (Machine)",,"",0,"normal",84,12,,,
"peitinho","14 de out. de 2024, 15:56","14 de out. de 2024, 17:19","","Crunch (Machine)",,"",1,"normal",90,10,,,
"peitinho","14 de out. de 2024, 15:56","14 de out. de 2024, 17:19","","Crunch (Machine)",,"",2,"normal",97,8,,,
"beck dei","10 de out. de 2024, 15:36","10 de out. de 2024, 18:30","esqueci de finalizar essa mzr KKKKKKKKKKKKKKKKKK","Lat Pulldown (Cable)",,"",0,"warmup",50,12,,,
"beck dei","10 de out. de 2024, 15:36","10 de out. de 2024, 18:30","esqueci de finalizar essa mzr KKKKKKKKKKKKKKKKKK","Lat Pulldown (Cable)",,"",1,"warmup",70,5,,,
"beck dei","10 de out. de 2024, 15:36","10 de out. de 2024, 18:30","esqueci de finalizar essa mzr KKKKKKKKKKKKKKKKKK","Lat Pulldown (Cable)",,"",2,"warmup",77,3,,,
"beck dei","10 de out. de 2024, 15:36","10 de out. de 2024, 18:30","esqueci de finalizar essa mzr KKKKKKKKKKKKKKKKKK","Lat Pulldown (Cable)",,"",3,"failure",84,8,,,
"beck dei","10 de out. de 2024, 15:36","10 de out. de 2024, 18:30","esqueci de finalizar essa mzr KKKKKKKKKKKKKKKKKK","Bent Over Row (Barbell)",,"",0,"warmup",90,5,,,
"beck dei","10 de out. de 2024, 15:36","10 de out. de 2024, 18:30","esqueci de finalizar essa mzr KKKKKKKKKKKKKKKKKK","Bent Over Row (Barbell)",,"",1,"normal",100,8,,,
"beck dei","10 de out. de 2024, 15:36","10 de out. de 2024, 18:30","esqueci de finalizar essa mzr KKKKKKKKKKKKKKKKKK","Bent Over Row (Barbell)",,"",2,"failure",110,6,,,
"beck dei","10 de out. de 2024, 15:36","10 de out. de 2024, 18:30","esqueci de finalizar essa mzr KKKKKKKKKKKKKKKKKK","Iso-Lateral Row (Machine)",,"",0,"failure",97,7,,,
"beck dei","10 de out. de 2024, 15:36","10 de out. de 2024, 18:30","esqueci de finalizar essa mzr KKKKKKKKKKKKKKKKKK","Hammer Curl (Dumbbell)",,"",0,"warmup",22,5,,,
"beck dei","10 de out. de 2024, 15:36","10 de out. de 2024, 18:30","esqueci de finalizar essa mzr KKKKKKKKKKKKKKKKKK","Hammer Curl (Dumbbell)",,"",1,"normal",24,10,,,
"beck dei","10 de out. de 2024, 15:36","10 de out. de 2024, 18:30","esqueci de finalizar essa mzr KKKKKKKKKKKKKKKKKK","Hammer Curl (Dumbbell)",,"",2,"normal",26,8,,,
"beck dei","10 de out. de 2024, 15:36","10 de out. de 2024, 18:30","esqueci de finalizar essa mzr KKKKKKKKKKKKKKKKKK","Seated Incline Curl (Dumbbell)",,"",0,"normal",12,8,,,
"beck dei","10 de out. de 2024, 15:36","10 de out. de 2024, 18:30","esqueci de finalizar essa mzr KKKKKKKKKKKKKKKKKK","Seated Incline Curl (Dumbbell)",,"",1,"failure",14,5,,,
"beck dei","10 de out. de 2024, 15:36","10 de out. de 2024, 18:30","esqueci de finalizar essa mzr KKKKKKKKKKKKKKKKKK","Spider Curl (Barbell)",,"",0,"normal",12,12,,,
"beck dei","10 de out. de 2024, 15:36","10 de out. de 2024, 18:30","esqueci de finalizar essa mzr KKKKKKKKKKKKKKKKKK","Spider Curl (Barbell)",,"",1,"failure",14,9,,,
"cambito","9 de out. de 2024, 15:43","9 de out. de 2024, 17:18","","Seated Calf Raise",,"",0,"warmup",30,12,,,
"cambito","9 de out. de 2024, 15:43","9 de out. de 2024, 17:18","","Seated Calf Raise",,"",1,"normal",40,15,,,
"cambito","9 de out. de 2024, 15:43","9 de out. de 2024, 17:18","","Seated Calf Raise",,"",2,"normal",50,15,,,
"cambito","9 de out. de 2024, 15:43","9 de out. de 2024, 17:18","","Seated Calf Raise",,"",3,"failure",70,11,,,
"cambito","9 de out. de 2024, 15:43","9 de out. de 2024, 17:18","","Single Leg Standing Calf Raise (Barbell)",,"",0,"normal",40,12,,,
"cambito","9 de out. de 2024, 15:43","9 de out. de 2024, 17:18","","Single Leg Standing Calf Raise (Barbell)",,"",1,"normal",50,12,,,
"cambito","9 de out. de 2024, 15:43","9 de out. de 2024, 17:18","","Single Leg Standing Calf Raise (Barbell)",,"",2,"failure",60,12,,,
"cambito","9 de out. de 2024, 15:43","9 de out. de 2024, 17:18","","Squat (Barbell)",,"",0,"warmup",60,12,,,
"cambito","9 de out. de 2024, 15:43","9 de out. de 2024, 17:18","","Squat (Barbell)",,"",1,"warmup",80,5,,,
"cambito","9 de out. de 2024, 15:43","9 de out. de 2024, 17:18","","Squat (Barbell)",,"",2,"warmup",90,3,,,
"cambito","9 de out. de 2024, 15:43","9 de out. de 2024, 17:18","","Squat (Barbell)",,"",3,"normal",100,8,,,
"cambito","9 de out. de 2024, 15:43","9 de out. de 2024, 17:18","","Squat (Barbell)",,"",4,"failure",110,6,,,
"cambito","9 de out. de 2024, 15:43","9 de out. de 2024, 17:18","","Deadlift (Barbell)",,"",0,"warmup",60,8,,,
"cambito","9 de out. de 2024, 15:43","9 de out. de 2024, 17:18","","Deadlift (Barbell)",,"",1,"warmup",100,5,,,
"cambito","9 de out. de 2024, 15:43","9 de out. de 2024, 17:18","","Deadlift (Barbell)",,"",2,"normal",120,4,,,
"cambito","9 de out. de 2024, 15:43","9 de out. de 2024, 17:18","","Deadlift (Barbell)",,"",3,"normal",130,3,,,
"cambito","9 de out. de 2024, 15:43","9 de out. de 2024, 17:18","","Deadlift (Barbell)",,"",4,"normal",140,2,,,
"cambito","9 de out. de 2024, 15:43","9 de out. de 2024, 17:18","","Deadlift (Barbell)",,"",5,"normal",150,1,,,
"cambito","9 de out. de 2024, 15:43","9 de out. de 2024, 17:18","","Deadlift (Barbell)",,"",6,"failure",160,2,,,
"cambito","9 de out. de 2024, 15:43","9 de out. de 2024, 17:18","","Leg Extension (Machine)",,"",0,"normal",90,12,,,
"cambito","9 de out. de 2024, 15:43","9 de out. de 2024, 17:18","","Leg Extension (Machine)",,"",1,"normal",97,10,,,
"cambito","9 de out. de 2024, 15:43","9 de out. de 2024, 17:18","","Leg Extension (Machine)",,"",2,"normal",104,8,,,
"cambito","9 de out. de 2024, 15:43","9 de out. de 2024, 17:18","","Leg Extension (Machine)",,"",3,"failure",109,10,,,
"cambito","9 de out. de 2024, 15:43","9 de out. de 2024, 17:18","","Lying Leg Curl (Machine)",,"",0,"normal",50,10,,,
"cambito","9 de out. de 2024, 15:43","9 de out. de 2024, 17:18","","Lying Leg Curl (Machine)",,"",1,"failure",55,8,,,
"peitinho","7 de out. de 2024, 15:12","7 de out. de 2024, 16:50","","Incline Bench Press (Dumbbell)",,"",0,"warmup",36,12,,,
"peitinho","7 de out. de 2024, 15:12","7 de out. de 2024, 16:50","","Incline Bench Press (Dumbbell)",,"",1,"warmup",56,5,,,
"peitinho","7 de out. de 2024, 15:12","7 de out. de 2024, 16:50","","Incline Bench Press (Dumbbell)",,"",2,"warmup",60,3,,,
"peitinho","7 de out. de 2024, 15:12","7 de out. de 2024, 16:50","","Incline Bench Press (Dumbbell)",,"",3,"normal",64,8,,,
"peitinho","7 de out. de 2024, 15:12","7 de out. de 2024, 16:50","","Incline Bench Press (Dumbbell)",,"",4,"failure",68,9,,,
"peitinho","7 de out. de 2024, 15:12","7 de out. de 2024, 16:50","","Chest Fly (Machine)",,"",0,"normal",100,6,,,
"peitinho","7 de out. de 2024, 15:12","7 de out. de 2024, 16:50","","Chest Fly (Machine)",,"",1,"failure",107,6,,,
"peitinho","7 de out. de 2024, 15:12","7 de out. de 2024, 16:50","","Chest Dip",,"",0,"normal",,12,,,
"peitinho","7 de out. de 2024, 15:12","7 de out. de 2024, 16:50","","Chest Dip",,"",1,"failure",,13,,,
"peitinho","7 de out. de 2024, 15:12","7 de out. de 2024, 16:50","","Lateral Raise (Cable)",,"",0,"warmup",10,12,,,
"peitinho","7 de out. de 2024, 15:12","7 de out. de 2024, 16:50","","Lateral Raise (Cable)",,"",1,"normal",15,10,,,
"peitinho","7 de out. de 2024, 15:12","7 de out. de 2024, 16:50","","Lateral Raise (Cable)",,"",2,"failure",20,8,,,
"peitinho","7 de out. de 2024, 15:12","7 de out. de 2024, 16:50","","Shoulder Press (Dumbbell)",,"",0,"normal",40,10,,,
"peitinho","7 de out. de 2024, 15:12","7 de out. de 2024, 16:50","","Shoulder Press (Dumbbell)",,"",1,"failure",44,9,,,
"peitinho","7 de out. de 2024, 15:12","7 de out. de 2024, 16:50","","Rear Delt Reverse Fly (Machine)",,"",0,"failure",66,12,,,
"peitinho","7 de out. de 2024, 15:12","7 de out. de 2024, 16:50","","Triceps Rope Pushdown",,"",0,"warmup",60,3,,,
"peitinho","7 de out. de 2024, 15:12","7 de out. de 2024, 16:50","","Triceps Rope Pushdown",,"",1,"failure",70,7,,,
"peitinho","7 de out. de 2024, 15:12","7 de out. de 2024, 16:50","","Triceps Extension (Cable)",,"",0,"normal",40,10,,,
"peitinho","7 de out. de 2024, 15:12","7 de out. de 2024, 16:50","","Triceps Extension (Cable)",,"",1,"failure",45,10,,,
"peitinho","7 de out. de 2024, 15:12","7 de out. de 2024, 16:50","","Crunch (Machine)",,"",0,"normal",84,12,,,
"peitinho","7 de out. de 2024, 15:12","7 de out. de 2024, 16:50","","Crunch (Machine)",,"",1,"normal",90,10,,,
"peitinho","7 de out. de 2024, 15:12","7 de out. de 2024, 16:50","","Crunch (Machine)",,"",2,"normal",97,8,,,
"beck dei","1 de out. de 2024, 16:23","1 de out. de 2024, 17:47","","Lat Pulldown (Cable)",,"",0,"warmup",50,12,,,
"beck dei","1 de out. de 2024, 16:23","1 de out. de 2024, 17:47","","Lat Pulldown (Cable)",,"",1,"warmup",70,5,,,
"beck dei","1 de out. de 2024, 16:23","1 de out. de 2024, 17:47","","Lat Pulldown (Cable)",,"",2,"warmup",77,3,,,
"beck dei","1 de out. de 2024, 16:23","1 de out. de 2024, 17:47","","Lat Pulldown (Cable)",,"",3,"failure",84,7,,,
"beck dei","1 de out. de 2024, 16:23","1 de out. de 2024, 17:47","","Bent Over Row (Barbell)",,"",0,"warmup",90,5,,,
"beck dei","1 de out. de 2024, 16:23","1 de out. de 2024, 17:47","","Bent Over Row (Barbell)",,"",1,"normal",100,8,,,
"beck dei","1 de out. de 2024, 16:23","1 de out. de 2024, 17:47","","Bent Over Row (Barbell)",,"",2,"failure",110,6,,,
"beck dei","1 de out. de 2024, 16:23","1 de out. de 2024, 17:47","","Iso-Lateral Row (Machine)",,"",0,"failure",97,7,,,
"beck dei","1 de out. de 2024, 16:23","1 de out. de 2024, 17:47","","Hammer Curl (Dumbbell)",,"",0,"warmup",22,5,,,
"beck dei","1 de out. de 2024, 16:23","1 de out. de 2024, 17:47","","Hammer Curl (Dumbbell)",,"",1,"normal",24,10,,,
"beck dei","1 de out. de 2024, 16:23","1 de out. de 2024, 17:47","","Hammer Curl (Dumbbell)",,"",2,"normal",26,8,,,
"beck dei","1 de out. de 2024, 16:23","1 de out. de 2024, 17:47","","Seated Incline Curl (Dumbbell)",,"",0,"normal",14,8,,,
"beck dei","1 de out. de 2024, 16:23","1 de out. de 2024, 17:47","","Seated Incline Curl (Dumbbell)",,"",1,"failure",16,5,,,
"beck dei","1 de out. de 2024, 16:23","1 de out. de 2024, 17:47","","Spider Curl (Barbell)",,"",0,"normal",12,12,,,
"beck dei","1 de out. de 2024, 16:23","1 de out. de 2024, 17:47","","Spider Curl (Barbell)",,"",1,"failure",14,9,,,
"peitinho","30 de set. de 2024, 16:34","30 de set. de 2024, 18:08","","Incline Bench Press (Dumbbell)",,"",0,"warmup",36,12,,,
"peitinho","30 de set. de 2024, 16:34","30 de set. de 2024, 18:08","","Incline Bench Press (Dumbbell)",,"",1,"warmup",56,5,,,
"peitinho","30 de set. de 2024, 16:34","30 de set. de 2024, 18:08","","Incline Bench Press (Dumbbell)",,"",2,"warmup",60,3,,,
"peitinho","30 de set. de 2024, 16:34","30 de set. de 2024, 18:08","","Incline Bench Press (Dumbbell)",,"",3,"normal",64,8,,,
"peitinho","30 de set. de 2024, 16:34","30 de set. de 2024, 18:08","","Incline Bench Press (Dumbbell)",,"",4,"failure",68,8,,,
"peitinho","30 de set. de 2024, 16:34","30 de set. de 2024, 18:08","","Chest Fly (Machine)",,"",0,"warmup",93,3,,,
"peitinho","30 de set. de 2024, 16:34","30 de set. de 2024, 18:08","","Chest Fly (Machine)",,"",1,"failure",100,9,,,
"peitinho","30 de set. de 2024, 16:34","30 de set. de 2024, 18:08","","Chest Dip",,"",0,"normal",,12,,,
"peitinho","30 de set. de 2024, 16:34","30 de set. de 2024, 18:08","","Chest Dip",,"",1,"failure",,13,,,
"peitinho","30 de set. de 2024, 16:34","30 de set. de 2024, 18:08","","Shoulder Press (Dumbbell)",,"",0,"warmup",24,12,,,
"peitinho","30 de set. de 2024, 16:34","30 de set. de 2024, 18:08","","Shoulder Press (Dumbbell)",,"",1,"warmup",36,5,,,
"peitinho","30 de set. de 2024, 16:34","30 de set. de 2024, 18:08","","Shoulder Press (Dumbbell)",,"",2,"normal",40,10,,,
"peitinho","30 de set. de 2024, 16:34","30 de set. de 2024, 18:08","","Shoulder Press (Dumbbell)",,"",3,"failure",44,9,,,
"peitinho","30 de set. de 2024, 16:34","30 de set. de 2024, 18:08","","Lateral Raise (Cable)",,"",0,"normal",10,12,,,
"peitinho","30 de set. de 2024, 16:34","30 de set. de 2024, 18:08","","Lateral Raise (Cable)",,"",1,"failure",20,8,,,
"peitinho","30 de set. de 2024, 16:34","30 de set. de 2024, 18:08","","Rear Delt Reverse Fly (Machine)",,"",0,"failure",66,12,,,
"peitinho","30 de set. de 2024, 16:34","30 de set. de 2024, 18:08","","Triceps Extension (Cable)",,"",0,"normal",40,10,,,
"peitinho","30 de set. de 2024, 16:34","30 de set. de 2024, 18:08","","Triceps Extension (Cable)",,"",1,"failure",45,10,,,
"peitinho","30 de set. de 2024, 16:34","30 de set. de 2024, 18:08","","Triceps Rope Pushdown",,"",0,"failure",70,6,,,
"peitinho","30 de set. de 2024, 16:34","30 de set. de 2024, 18:08","","Crunch (Machine)",,"",0,"normal",84,12,,,
"peitinho","30 de set. de 2024, 16:34","30 de set. de 2024, 18:08","","Crunch (Machine)",,"",1,"normal",90,10,,,
"peitinho","30 de set. de 2024, 16:34","30 de set. de 2024, 18:08","","Crunch (Machine)",,"",2,"normal",97,8,,,
"cambito","26 de set. de 2024, 15:44","26 de set. de 2024, 17:27","","Squat (Barbell)",,"",0,"warmup",60,12,,,
"cambito","26 de set. de 2024, 15:44","26 de set. de 2024, 17:27","","Squat (Barbell)",,"",1,"warmup",80,5,,,
"cambito","26 de set. de 2024, 15:44","26 de set. de 2024, 17:27","","Squat (Barbell)",,"",2,"warmup",90,3,,,
"cambito","26 de set. de 2024, 15:44","26 de set. de 2024, 17:27","","Squat (Barbell)",,"",3,"normal",100,8,,,
"cambito","26 de set. de 2024, 15:44","26 de set. de 2024, 17:27","","Squat (Barbell)",,"",4,"failure",110,6,,,
"cambito","26 de set. de 2024, 15:44","26 de set. de 2024, 17:27","","Deadlift (Barbell)",,"",0,"warmup",60,8,,,
"cambito","26 de set. de 2024, 15:44","26 de set. de 2024, 17:27","","Deadlift (Barbell)",,"",1,"warmup",100,5,,,
"cambito","26 de set. de 2024, 15:44","26 de set. de 2024, 17:27","","Deadlift (Barbell)",,"",2,"normal",120,4,,,
"cambito","26 de set. de 2024, 15:44","26 de set. de 2024, 17:27","","Deadlift (Barbell)",,"",3,"normal",130,3,,,
"cambito","26 de set. de 2024, 15:44","26 de set. de 2024, 17:27","","Deadlift (Barbell)",,"",4,"normal",140,2,,,
"cambito","26 de set. de 2024, 15:44","26 de set. de 2024, 17:27","","Deadlift (Barbell)",,"",5,"normal",150,1,,,
"cambito","26 de set. de 2024, 15:44","26 de set. de 2024, 17:27","","Deadlift (Barbell)",,"",6,"failure",160,2,,,
"cambito","26 de set. de 2024, 15:44","26 de set. de 2024, 17:27","","Leg Extension (Machine)",,"",0,"normal",90,12,,,
"cambito","26 de set. de 2024, 15:44","26 de set. de 2024, 17:27","","Leg Extension (Machine)",,"",1,"normal",97,10,,,
"cambito","26 de set. de 2024, 15:44","26 de set. de 2024, 17:27","","Leg Extension (Machine)",,"",2,"normal",104,8,,,
"cambito","26 de set. de 2024, 15:44","26 de set. de 2024, 17:27","","Leg Extension (Machine)",,"",3,"failure",109,8,,,
"cambito","26 de set. de 2024, 15:44","26 de set. de 2024, 17:27","","Lying Leg Curl (Machine)",,"",0,"normal",45,12,,,
"cambito","26 de set. de 2024, 15:44","26 de set. de 2024, 17:27","","Lying Leg Curl (Machine)",,"",1,"failure",55,8,,,
"cambito","26 de set. de 2024, 15:44","26 de set. de 2024, 17:27","","Seated Calf Raise",,"",0,"warmup",30,12,,,
"cambito","26 de set. de 2024, 15:44","26 de set. de 2024, 17:27","","Seated Calf Raise",,"",1,"normal",40,15,,,
"cambito","26 de set. de 2024, 15:44","26 de set. de 2024, 17:27","","Seated Calf Raise",,"",2,"normal",50,15,,,
"cambito","26 de set. de 2024, 15:44","26 de set. de 2024, 17:27","","Seated Calf Raise",,"",3,"failure",60,12,,,
"cambito","26 de set. de 2024, 15:44","26 de set. de 2024, 17:27","","Single Leg Standing Calf Raise (Barbell)",,"",0,"normal",40,12,,,
"cambito","26 de set. de 2024, 15:44","26 de set. de 2024, 17:27","","Single Leg Standing Calf Raise (Barbell)",,"",1,"normal",50,12,,,
"cambito","26 de set. de 2024, 15:44","26 de set. de 2024, 17:27","","Single Leg Standing Calf Raise (Barbell)",,"",2,"failure",60,12,,,
"peitinho","25 de set. de 2024, 15:14","25 de set. de 2024, 17:00","","Incline Bench Press (Dumbbell)",,"",0,"warmup",18,12,,,
"peitinho","25 de set. de 2024, 15:14","25 de set. de 2024, 17:00","","Incline Bench Press (Dumbbell)",,"",1,"warmup",28,5,,,
"peitinho","25 de set. de 2024, 15:14","25 de set. de 2024, 17:00","","Incline Bench Press (Dumbbell)",,"",2,"warmup",30,3,,,
"peitinho","25 de set. de 2024, 15:14","25 de set. de 2024, 17:00","","Incline Bench Press (Dumbbell)",,"",3,"normal",32,8,,,
"peitinho","25 de set. de 2024, 15:14","25 de set. de 2024, 17:00","","Incline Bench Press (Dumbbell)",,"",4,"failure",34,8,,,
"peitinho","25 de set. de 2024, 15:14","25 de set. de 2024, 17:00","","Chest Fly (Machine)",,"",0,"warmup",86,3,,,
"peitinho","25 de set. de 2024, 15:14","25 de set. de 2024, 17:00","","Chest Fly (Machine)",,"",1,"normal",96,10,,,
"peitinho","25 de set. de 2024, 15:14","25 de set. de 2024, 17:00","","Chest Fly (Machine)",,"",2,"failure",100,8,,,
"peitinho","25 de set. de 2024, 15:14","25 de set. de 2024, 17:00","","Chest Dip",,"",0,"normal",,12,,,
"peitinho","25 de set. de 2024, 15:14","25 de set. de 2024, 17:00","","Chest Dip",,"",1,"normal",,10,,,
"peitinho","25 de set. de 2024, 15:14","25 de set. de 2024, 17:00","","Chest Dip",,"",2,"failure",,8,,,
"peitinho","25 de set. de 2024, 15:14","25 de set. de 2024, 17:00","","Shoulder Press (Dumbbell)",,"",0,"warmup",12,12,,,
"peitinho","25 de set. de 2024, 15:14","25 de set. de 2024, 17:00","","Shoulder Press (Dumbbell)",,"",1,"warmup",18,5,,,
"peitinho","25 de set. de 2024, 15:14","25 de set. de 2024, 17:00","","Shoulder Press (Dumbbell)",,"",2,"normal",20,10,,,
"peitinho","25 de set. de 2024, 15:14","25 de set. de 2024, 17:00","","Shoulder Press (Dumbbell)",,"",3,"failure",22,8,,,
"peitinho","25 de set. de 2024, 15:14","25 de set. de 2024, 17:00","","Lateral Raise (Cable)",,"",0,"normal",20,10,,,
"peitinho","25 de set. de 2024, 15:14","25 de set. de 2024, 17:00","","Lateral Raise (Cable)",,"",1,"failure",25,8,,,
"peitinho","25 de set. de 2024, 15:14","25 de set. de 2024, 17:00","","Rear Delt Reverse Fly (Machine)",,"",0,"failure",66,12,,,
"peitinho","25 de set. de 2024, 15:14","25 de set. de 2024, 17:00","","Triceps Extension (Cable)",,"",0,"normal",40,10,,,
"peitinho","25 de set. de 2024, 15:14","25 de set. de 2024, 17:00","","Triceps Extension (Cable)",,"",1,"failure",45,10,,,
"peitinho","25 de set. de 2024, 15:14","25 de set. de 2024, 17:00","","Triceps Rope Pushdown",,"",0,"failure",70,6,,,
"beck dei","24 de set. de 2024, 15:29","24 de set. de 2024, 16:52","","Lat Pulldown (Cable)",,"",0,"warmup",50,12,,,
"beck dei","24 de set. de 2024, 15:29","24 de set. de 2024, 16:52","","Lat Pulldown (Cable)",,"",1,"warmup",70,5,,,
"beck dei","24 de set. de 2024, 15:29","24 de set. de 2024, 16:52","","Lat Pulldown (Cable)",,"",2,"warmup",77,3,,,
"beck dei","24 de set. de 2024, 15:29","24 de set. de 2024, 16:52","","Lat Pulldown (Cable)",,"",3,"failure",84,7,,,
"beck dei","24 de set. de 2024, 15:29","24 de set. de 2024, 16:52","","Bent Over Row (Barbell)",,"",0,"warmup",90,5,,,
"beck dei","24 de set. de 2024, 15:29","24 de set. de 2024, 16:52","","Bent Over Row (Barbell)",,"",1,"normal",100,8,,,
"beck dei","24 de set. de 2024, 15:29","24 de set. de 2024, 16:52","","Bent Over Row (Barbell)",,"",2,"failure",110,6,,,
"beck dei","24 de set. de 2024, 15:29","24 de set. de 2024, 16:52","","Iso-Lateral Row (Machine)",,"",0,"normal",40,12,,,
"beck dei","24 de set. de 2024, 15:29","24 de set. de 2024, 16:52","","Iso-Lateral Row (Machine)",,"",1,"failure",50,6,,,
"beck dei","24 de set. de 2024, 15:29","24 de set. de 2024, 16:52","","Hammer Curl (Dumbbell)",,"",0,"warmup",22,5,,,
"beck dei","24 de set. de 2024, 15:29","24 de set. de 2024, 16:52","","Hammer Curl (Dumbbell)",,"",1,"normal",24,10,,,
"beck dei","24 de set. de 2024, 15:29","24 de set. de 2024, 16:52","","Hammer Curl (Dumbbell)",,"",2,"normal",26,8,,,
"beck dei","24 de set. de 2024, 15:29","24 de set. de 2024, 16:52","","Seated Incline Curl (Dumbbell)",,"",0,"normal",14,8,,,
"beck dei","24 de set. de 2024, 15:29","24 de set. de 2024, 16:52","","Seated Incline Curl (Dumbbell)",,"",1,"failure",16,5,,,
"beck dei","24 de set. de 2024, 15:29","24 de set. de 2024, 16:52","","Spider Curl (Barbell)",,"",0,"normal",12,12,,,
"beck dei","24 de set. de 2024, 15:29","24 de set. de 2024, 16:52","","Spider Curl (Barbell)",,"",1,"failure",14,9,,,